system:index,class,endVal_CpR,endVal_EVI,endVal_MSI,endVal_NBR,endVal_NDRE,endVal_NDVI,endVal_SAVI,mag_CpR,mag_EVI,mag_MSI,mag_NBR,mag_NDRE,mag_NDVI,mag_SAVI,rate_CpR,rate_EVI,rate_MSI,rate_NBR,rate_NDRE,rate_NDVI,rate_SAVI,startVal_CpR,startVal_EVI,startVal_MSI,startVal_NBR,startVal_NDRE,startVal_NDVI,startVal_SAVI,.geo
00000000000000000078,0,0.23518524807608845,0.3155080072956532,1.270259832953015,0.11342938244342804,0.24708257615566254,0.3943583369255066,0.27656487317466594,0.0,-0.35298880948136047,0.727604112242914,-0.5125400710371899,-0.26178593941898176,-0.45335133191545407,-0.3045153400707402,0.0,-0.35298880948136047,0.727604112242914,-0.5125400710371899,-0.26178593941898176,-0.45335133191545407,-0.3045153400707402,0.23518524807608845,0.6684968167770137,0.542655720710101,0.6259694534806179,0.5088685155746443,0.8477096688409607,0.5810802132454062,"{""type"":""Point"",""coordinates"":[-46.722139782730075,-1.3827315638651394]}"
00000000000000000145,0,0.23104393166068204,0.22548317823908376,1.2213642213642213,0.09794420003890991,0.23631054162979126,0.30288460850715637,0.20633187772925765,0.0,-0.3323043203583667,0.6949119518017582,-0.511763925193465,-0.3033892201923436,-0.5023890415214803,-0.29126563826412644,0.0,-0.3323043203583667,0.6949119518017582,-0.511763925193465,-0.3033892201923436,-0.5023890415214803,-0.29126563826412644,0.23104393166068204,0.5577874985974505,0.526452269562463,0.6097081252323749,0.5396997618221349,0.8052736500286367,0.4975975159933841,"{""type"":""Point"",""coordinates"":[-47.726726199959835,-4.03195484533419]}"
00000000000000000202,0,0.23443504833015588,0.32254052096166963,1.1145580734556106,0.19764702022075653,0.29665642976760864,0.46758216619491577,0.29596577575611016,0.0,-0.32978561272487517,0.5346796827263418,-0.37541686156812637,-0.2410034740162219,-0.34951058676976143,-0.2859134754519953,0.0,-0.32978561272487517,0.5346796827263418,-0.37541686156812637,-0.2410034740162219,-0.34951058676976143,-0.2859134754519953,0.23443504833015588,0.6523261336865448,0.5798783907292688,0.5730638817888829,0.5376599037838306,0.8170927529646772,0.5818792512081055,"{""type"":""Point"",""coordinates"":[-46.72223342385219,-1.3829099279072774]}"
0000000000000000013e,0,0.2417837665045866,0.2036652835408022,1.087775389333665,0.1972958743572235,0.29163047671318054,0.2936140298843384,0.19461819075196596,0.0,-0.32829050883846717,0.5184417931785339,-0.3688034510096402,-0.23546650495907895,-0.518922114767756,-0.2820625113246331,0.0,-0.32829050883846717,0.5184417931785339,-0.3688034510096402,-0.23546650495907895,-0.518922114767756,-0.2820625113246331,0.2417837665045866,0.5319557923792694,0.5693335961551311,0.5660993253668637,0.5270969816722595,0.8125361446520943,0.47668070207659907,"{""type"":""Point"",""coordinates"":[-47.726726199959835,-4.032044027355259]}"
00000000000000000137,0,0.23704017202827252,0.23180731843954966,1.2815927291701916,0.15890765190124512,0.28093162178993225,0.7543719163818688,0.2369500091703594,0.0,-0.33242482535611145,0.7925575927297438,-0.4814333776885572,-0.307669849264564,0.0,-0.27945724689940116,0.0,-0.33242482535611145,0.7925575927297438,-0.4814333776885572,-0.307669849264564,0.0,-0.27945724689940116,0.23704017202827252,0.5642321437956611,0.4890351364404478,0.6403410295898023,0.5886014710544962,0.7543719163818688,0.5164072560697606,"{""type"":""Point"",""coordinates"":[-47.72717656916624,-4.032133209376329]}"
00000000000000000079,0,0.23526521520776375,0.28668589872874206,1.1941986499205695,0.17537158727645874,0.25138431787490845,0.7376448531464838,0.2695142591245859,0.0,-0.3265345179353275,0.6236453599092767,-0.40850258728979594,-0.2456381403388555,0.0,-0.27103082290106245,0.0,-0.3265345179353275,0.6236453599092767,-0.40850258728979594,-0.2456381403388555,0.0,-0.27103082290106245,0.23526521520776375,0.6132204166640696,0.5705532900112927,0.5838741745662547,0.49702245821376395,0.7376448531464838,0.5405450820256483,"{""type"":""Point"",""coordinates"":[-46.72232260587325,-1.382820745886208]}"
0000000000000000007e,0,0.226595881085189,0.5963147145791268,1.0588949769587872,0.22332139313220978,0.32629138231277466,0.5339610576629639,0.33468791975978057,0.0,0.0,0.5616473704531892,-0.43046131530262166,-0.18696547924984297,-0.3013006428197117,-0.2602782543944902,0.0,0.0,0.5616473704531892,-0.43046131530262166,-0.18696547924984297,-0.3013006428197117,-0.2602782543944902,0.226595881085189,0.5963147145791268,0.49724760650559796,0.6537827084348314,0.5132568615626176,0.8352617004826756,0.5949661741542708,"{""type"":""Point"",""coordinates"":[-47.98310667412876,-2.211428740041735]}"
0000000000000000012b,0,0.24870363841290624,0.1198034796109535,1.2568382122265538,0.0988592803478241,0.17521965503692627,0.1906415969133377,0.13549451753280023,0.0,-0.2736512178228191,0.4855073336596021,-0.2982423564383719,-0.2578581566727896,-0.43274673262774244,-0.25008391900010174,0.0,-0.2736512178228191,0.4855073336596021,-0.2982423564383719,-0.2578581566727896,-0.43274673262774244,-0.25008391900010174,0.24870363841290624,0.3934546974337726,0.7713308785669517,0.397101636786196,0.4330778117097159,0.6233883295410801,0.38557843653290197,"{""type"":""Point"",""coordinates"":[-49.94188274848225,-6.380237855807233]}"
00000000000000000207,0,0.2638071727575004,0.3331381108631054,0.8672207477408307,0.3718184437986635,0.43366914987564087,0.6688530445098877,0.31486119389417,0.0,-0.3113235794019562,0.23333428721861638,-0.1733603437921863,-0.09788386014112771,-0.1600001520449228,-0.24721804831862737,0.0,-0.3113235794019562,0.23333428721861638,-0.08668017189609314,-0.09788386014112771,-0.1600001520449228,-0.24721804831862737,0.2638071727575004,0.6444616902650616,0.6338864605222143,0.5451787875908498,0.5315530100167686,0.8288531965548105,0.5620792422127974,"{""type"":""Point"",""coordinates"":[-46.72295133912179,-1.3571318647173063]}"
0000000000000000013a,0,0.2591280174690233,0.26206714895074407,1.2090576395242452,0.13341298699378967,0.2353992462158203,0.4182722270488739,0.24568021416403013,0.0,-0.2936736567197786,0.6357599503477374,-0.4206519630727583,-0.32507781244353495,-0.3948662660133542,-0.24438945112886262,0.0,-0.2936736567197786,0.6357599503477374,-0.4206519630727583,-0.32507781244353495,-0.3948662660133542,-0.24438945112886262,0.2591280174690233,0.5557408056705226,0.5732976891765078,0.554064950066548,0.5604770586593553,0.8131384930622281,0.49006966529289275,"{""type"":""Point"",""coordinates"":[-47.72708738714516,-4.032044027355259]}"
000000000000000000c2,0,0.2482408491248244,0.21105698647647275,1.3391302198083208,-0.009419840040612748,0.1156504961163543,0.30020961756707626,0.23011465440818393,0.0,-0.29526433361218996,0.5009546055083416,-0.3534519606387074,-0.3177490321486451,-0.42569517844171173,-0.22332242438118013,0.0,-0.059052866722437994,0.10019092110166831,-0.07069039212774147,-0.06354980642972902,-0.08513903568834234,-0.044664484876236026,0.2482408491248244,0.5063213200886627,0.8381756142999792,0.3440321205980946,0.4333995282649994,0.725904796008788,0.45343707878936407,"{""type"":""Point"",""coordinates"":[-51.92940664732731,-6.505462790691153]}"
00000000000000000131,0,0.2425305982663069,0.3498231962198472,0.954233034477396,0.27852049469947815,0.3929639160633087,0.5199289321899414,0.3318103322153313,0.0,-0.26670705202082695,0.4482705016952465,-0.3528301656703198,-0.17610138036546163,-0.3154383368371083,-0.21417644382013024,0.0,-0.26670705202082695,0.4482705016952465,-0.3528301656703198,-0.17610138036546163,-0.3154383368371083,-0.21417644382013024,0.2425305982663069,0.6165302482406742,0.5059625327821495,0.6313506603697979,0.5690652964287704,0.8353672690270497,0.5459867760354615,"{""type"":""Point"",""coordinates"":[-47.72717656916624,-4.032400755439534]}"
000000000000000000fc,0,0.23585820606500585,0.26281167084263357,1.1762568368437145,0.15561673208156132,0.29562029242515564,0.4155058264732361,0.25149451194934686,0.0,-0.12935855742190233,0.4254223881526058,-0.07201004209772746,-0.16051057723802548,-0.31604436308761563,-0.21056656712487343,0.0,-0.06467927871095117,0.4254223881526058,-0.03600502104886373,-0.16051057723802548,-0.31604436308761563,-0.21056656712487343,0.23585820606500585,0.3921702282645359,0.7508344486911087,0.22762677417928878,0.4561308696631811,0.7315501895608517,0.4620610790742203,"{""type"":""Point"",""coordinates"":[-47.665373428565466,-4.0191081751992135]}"
00000000000000000192,0,0.2451493542501764,0.19196784065054662,1.5392438209838601,-0.0021202154457569122,0.21424915255889018,0.3675024718170189,0.197356899985961,0.0,-0.26004354565214766,0.39735411760012407,-0.16894966324886918,-0.0499209308446972,-0.04994290171813737,-0.20656708123543605,0.0,-0.06501088641303691,0.39735411760012407,-0.16894966324886918,-0.0249604654223486,-0.024971450859068683,-0.05164177030885901,0.2451493542501764,0.4520113863026943,1.141889703383736,0.16682944780311226,0.2641700834035874,0.41744537353515626,0.40392398122139705,"{""type"":""Point"",""coordinates"":[-47.26463401689229,-3.96233490058674]}"
00000000000000000129,0,0.29163391251668597,0.19183882424853477,1.217112478121655,0.09793772548437119,0.20497360825538635,0.33809053897857666,0.19493160206677018,0.0,-0.2663044003886072,0.3804127434248059,-0.28102521932299634,-0.1907104319457667,-0.3461178305100545,-0.20299486930087018,0.0,-0.2663044003886072,0.3804127434248059,-0.28102521932299634,-0.1907104319457667,-0.3461178305100545,-0.20299486930087018,0.29163391251668597,0.45814322463714197,0.836699734696849,0.37896294480736753,0.39568404020115305,0.6842083694886312,0.39792647136764037,"{""type"":""Point"",""coordinates"":[-49.941075651191575,-6.381316958262167]}"
000000000000000001c9,0,0.26087948866803284,0.41836518984048787,1.3741907978253562,0.12296735275662002,0.29970965294795204,0.4927266098756553,0.24394334436653997,0.0,0.0,0.43404526999346793,-0.254984276940999,-0.0933998266546176,-0.13894289953520278,-0.19912733662180393,0.0,0.0,0.21702263499673397,-0.084994758980333,-0.0311332755515392,-0.046314299845067596,-0.09956366831090196,0.26087948866803284,0.41836518984048787,0.9401455278318883,0.37795162969761903,0.39310947960256964,0.6316695094108581,0.4430706809883439,"{""type"":""Point"",""coordinates"":[-47.263737737580556,-3.9620628954224792]}"
0000000000000000004c,0,0.20449012248449147,0.32891014026192295,0.9483785619133989,0.2779853045940399,0.39024513959884644,0.5237144231796265,0.29687817492545676,0.0,-0.21718540635290812,0.38830319064879315,-0.3204509388533011,-0.18396049268756576,-0.26611132079706323,-0.1929245707172117,0.0,-0.21718540635290812,0.38830319064879315,-0.3204509388533011,-0.18396049268756576,-0.26611132079706323,-0.1929245707172117,0.20449012248449147,0.5460955466148311,0.5600753712646057,0.598436243447341,0.5742056322864122,0.7898257439766897,0.48980274564266846,"{""type"":""Point"",""coordinates"":[-48.426876410967694,-2.482537624990191]}"
00000000000000000044,0,0.22395944087471584,0.17931681955818388,0.8839237340422856,0.20677441358566284,0.2650926845798528,0.4047895117480678,0.17234049318229916,0.0,-0.21407251972758293,0.0,0.10895963425150934,-0.08423893754208533,-0.15301742708800065,-0.19236978987257558,0.0,-0.10703625986379146,0.0,0.10895963425150934,-0.04211946877104267,-0.07650871354400032,-0.09618489493628779,0.22395944087471584,0.3933893392857668,0.8839237340422856,0.0978147793341535,0.34933162212193813,0.5578069388360685,0.36471028305487474,"{""type"":""Point"",""coordinates"":[-48.42866896959118,-2.4821808969059154]}"
00000000000000000181,0,0.2335374547393367,0.20677268444611735,1.4895730436391201,0.014332428574562073,0.22714757119478168,0.3869073928332027,0.21386991844831366,0.0,-0.2518264977210974,0.3488596219931519,-0.15542862386362977,-0.0308456500881773,-0.05064494600537456,-0.19197959984067164,0.0,-0.06295662443027435,0.3488596219931519,-0.15542862386362977,-0.01542282504408865,-0.02532247300268728,-0.04799489996016791,0.2335374547393367,0.45859918216721474,1.1407134216459682,0.16976105243819184,0.257993221282959,0.43755233883857725,0.4058495182889853,"{""type"":""Point"",""coordinates"":[-47.26463401689229,-3.96242408260781]}"
00000000000000000184,0,0.22002577061500336,0.1908637332611283,1.4752244538552746,-0.010782415978610516,0.19587231543094033,0.3718506389258608,0.19998566688178254,0.0,-0.24750947512620405,0.5750419241332545,-0.14880682314901317,-0.14669990906554617,-0.04247497981803572,-0.1918643469403859,0.0,-0.06187736878155101,0.14376048103331363,-0.14880682314901317,-0.04889996968851539,-0.02123748990901786,-0.047966086735096475,0.22002577061500336,0.43837320838733235,0.9001825297220201,0.13802440717040265,0.3425722244964865,0.4143256187438965,0.39185001382216844,"{""type"":""Point"",""coordinates"":[-47.26436647082909,-3.962424082607809]}"
0000000000000000004a,0,0.20350503331676317,0.3717544438407203,0.8599735665946275,0.3644830584526062,0.41998571157455444,0.5489376783370972,0.3415698090444773,0.0,-0.2072149738225264,0.3593359570414061,-0.2831430329102659,-0.18660845521705782,-0.2751849860758787,-0.1892263142536934,0.0,-0.2072149738225264,0.3593359570414061,-0.2831430329102659,-0.18660845521705782,-0.2751849860758787,-0.1892263142536934,0.20350503331676317,0.5789694176632467,0.5006376095532215,0.6476260913628721,0.6065941667916123,0.8241226644129759,0.5307961232981707,"{""type"":""Point"",""coordinates"":[-48.42705477500983,-2.482537624990191]}"
0000000000000000007d,0,0.23382465838118102,0.4026562260095195,1.030306140032371,0.28797993063926697,0.3328726589679718,0.762866280892232,0.35511363636363635,0.0,-0.2770702936245201,0.5121645851612825,-0.33657684391301224,-0.16300118378715572,0.0,-0.1885238334987488,0.0,-0.2770702936245201,0.5121645851612825,-0.33657684391301224,-0.16300118378715572,0.0,-0.1885238334987488,0.23382465838118102,0.6797265196340396,0.5181415548710885,0.6245567745522792,0.4958738427551275,0.762866280892232,0.5436374698623851,"{""type"":""Point"",""coordinates"":[-47.983106674128756,-2.2112459168985437]}"
00000000000000000048,0,0.2205187799697524,0.36247098454160925,0.93521071902671,0.30339956283569336,0.3898630738258362,0.5341983437538147,0.3433292533659731,0.0,-0.22695114453577753,0.4527460291067986,-0.3549463650026252,-0.23062840932781326,-0.3075706835390176,-0.18616744985009448,0.0,-0.22695114453577753,0.4527460291067986,-0.3549463650026252,-0.23062840932781326,-0.3075706835390176,-0.18616744985009448,0.2205187799697524,0.5894221290773868,0.4824646899199114,0.6583459278383186,0.6204914831536494,0.8417690272928323,0.5294967032160676,"{""type"":""Point"",""coordinates"":[-48.42696559298876,-2.4826268070112594]}"
00000000000000000183,0,0.23704463303644008,0.2024946503542627,1.5821276595744678,-0.025441696867346764,0.20366755465118902,0.31781069772766757,0.21805845902916043,0.0,-0.24110932822291734,0.3525947483145013,-0.15880879045403723,-0.0527309503212689,-0.09697281581832246,-0.1858199300132447,0.0,-0.060277332055729334,0.3525947483145013,-0.15880879045403723,-0.02636547516063445,-0.04848640790916123,-0.046454982503311176,0.23704463303644008,0.44360397857718004,1.2295329112599664,0.13336709358669047,0.2563985049724579,0.41478351354599,0.40387838904240514,"{""type"":""Point"",""coordinates"":[-47.26445565285015,-3.962424082607809]}"
00000000000000000170,0,0.24423393539214844,0.24928898052749976,1.405386849589504,0.06963339083048493,0.23535411759702682,0.43976853294476304,0.23793082676470723,0.0,-0.19608097649017114,0.3063985703842165,-0.11568727560189566,-0.1746876324315179,-0.04282359724117113,-0.18481940362009291,0.0,-0.049020244122542786,0.3063985703842165,-0.05784363780094783,-0.058229210810505964,-0.021411798620585565,-0.04620485090502323,0.24423393539214844,0.4453699570176709,1.0989882792052876,0.1853206664323806,0.4100417500285447,0.48259213018593416,0.42275023038480014,"{""type"":""Point"",""coordinates"":[-47.26463401689229,-3.9625132646288783]}"
0000000000000000018c,0,0.2701535578840852,0.3344183630241786,1.488846104602053,0.023970915892443434,0.19399961792078385,0.3385080663201828,0.22472773203479107,0.0,0.0,0.6652600834458178,-0.22223663305382124,-0.10699602383464113,-0.16192739329361716,-0.1845464051897236,0.0,0.0,0.16631502086145444,-0.07407887768460708,-0.03566534127821371,-0.053975797764539056,-0.03690928103794472,0.2701535578840852,0.3344183630241786,0.8235860211562351,0.24620754894626468,0.300995641755425,0.5004354596138,0.40927413722451467,"{""type"":""Point"",""coordinates"":[-47.26355491443736,-3.96242408260781]}"
000000000000000001d2,0,0.2408412480885474,0.2760746882184908,1.3793457965238503,0.06311301014253068,0.22897822754417752,0.5167693549666588,0.25790104956885074,0.0,-0.13397221770875617,0.4782504366246938,-0.26204838433435995,-0.11574872834647804,-0.10203361789306253,-0.1786333424659673,0.0,-0.13397221770875617,0.15941681220823126,-0.08734946144478666,-0.03858290944882601,-0.034011205964354176,-0.08931667123298365,0.2408412480885474,0.41004690592724696,0.9010953598991565,0.32516139447689063,0.34472695589065555,0.6188029728597213,0.43653439203481803,"{""type"":""Point"",""coordinates"":[-47.263916101622684,-3.961973713401412]}"
0000000000000000008a,0,0.26587010965539154,0.30376953823996405,1.0118544103423786,0.2126999795436859,0.31068775057792664,0.4018334746360779,0.275698090626431,0.0,-0.21334345037111696,0.37559402347206916,-0.32901499893847774,-0.1570863465014018,-0.3265823711377863,-0.17756273229220676,0.0,-0.21334345037111696,0.37559402347206916,-0.32901499893847774,-0.1570863465014018,-0.3265823711377863,-0.17756273229220676,0.26587010965539154,0.517112988611081,0.6362603868703094,0.5417149784821637,0.46777409707932843,0.7284158457738642,0.4532608229186378,"{""type"":""Point"",""coordinates"":[-46.77585857312093,-1.1370440140223785]}"
000000000000000001ad,0,0.2385057918203076,0.2521501997877371,1.3997197412210238,0.07421085969118568,0.2836310656893355,0.43139504304693366,0.2491430554063274,0.0,-0.1481819911640629,0.6203770333720198,-0.23610636656694295,-0.07200663513355704,-0.1405038783469994,-0.17578474030751814,0.0,-0.04939399705468763,0.15509425834300494,-0.07870212218898098,-0.02400221171118568,-0.04683462611566647,-0.03515694806150363,0.2385057918203076,0.4003321909518,0.7793427078490041,0.31031722625812863,0.35563770082289253,0.5718989213939331,0.42492779571384554,"{""type"":""Point"",""coordinates"":[-47.26364409645843,-3.962245718565671]}"
00000000000000000147,0,0.2365136704504648,0.3865878460682502,1.2924097272339135,0.06531825661659241,0.19746598601341248,0.261999249458313,0.1838764318078767,0.0,0.0,0.5558820212317244,-0.3294801198913,-0.21217453135672487,-0.37064879262546446,-0.17473269410495204,0.0,0.0,0.5558820212317244,-0.3294801198913,-0.21217453135672487,-0.37064879262546446,-0.17473269410495204,0.2365136704504648,0.3865878460682502,0.7365277060021891,0.3947983765078924,0.40964051737013735,0.6326480420837775,0.35860912591282873,"{""type"":""Point"",""coordinates"":[-47.72717656916623,-4.031865663313122]}"
00000000000000000180,0,0.24551501021466393,0.18314017547412487,1.5525380398196824,-0.017130019143223763,0.19089799722615508,0.2681871761878226,0.20655947305824193,0.0,-0.24867594304343787,0.3951767131235182,-0.1770188070113028,-0.06532150903757789,-0.40836553672950526,-0.17342147698770502,0.0,-0.06216898576085947,0.3951767131235182,-0.1770188070113028,-0.03266075451878894,-0.10209138418237632,-0.043355369246926255,0.24551501021466393,0.43181611851756274,1.1573613266961642,0.15988878786807903,0.25621950626373297,0.6765527129173279,0.37998095004594695,"{""type"":""Point"",""coordinates"":[-47.26472319891335,-3.962424082607809]}"
000000000000000001ac,0,0.25014890996419403,0.36373549664256355,1.5329844053442243,0.04333593922811663,0.19188383845852175,0.424698815001612,0.25917444310314675,0.0,0.0,0.7108036203496924,-0.17362936657708966,-0.09451120732175988,-0.14907342082158437,-0.17290657288658828,0.0,0.0,0.1777009050874231,-0.057876455525696556,-0.03150373577391996,-0.049691140273861456,-0.034581314577317654,0.25014890996419403,0.36373549664256355,0.822180784994532,0.2169653058052063,0.28639504578028163,0.5737722358231964,0.43208101598973503,"{""type"":""Point"",""coordinates"":[-47.263737737580556,-3.962245718565671]}"
0000000000000000018a,0,0.23889218280054,0.19993556638119717,1.4106106160163785,0.040540825711738754,0.18057378331273902,0.26757536737500476,0.18964496519557542,0.0,-0.1795776741427518,0.33463795877892055,-0.1656673460072455,-0.09964705112054459,-0.15952794895060446,-0.17175786793294986,0.0,-0.03591553482855036,0.11154598625964018,-0.05522244866908183,-0.033215683706848194,-0.05317598298353482,-0.034351573586589974,0.23889218280054,0.37951324052394897,1.075972657237458,0.20620817171898426,0.2802208344332836,0.4271033163256092,0.3614028331285253,"{""type"":""Point"",""coordinates"":[-47.263737737580556,-3.962424082607809]}"
000000000000000001f7,0,0.2668552856247875,0.2930538811091533,1.1814743083287924,0.2591056711571878,0.27026665210723877,0.4456721842288971,0.26122898870212186,0.0,-0.1752143096070739,0.29613577315552897,-0.106757489541423,-0.11527740401942793,-0.18505739147134947,-0.17006316828254792,0.0,-0.1752143096070739,0.29613577315552897,-0.035585829847141,-0.11527740401942793,-0.18505739147134947,-0.17006316828254792,0.2668552856247875,0.4682681907162272,0.8853385351732634,0.3658631606986108,0.3855440561266667,0.6307295757002466,0.4312921569846698,"{""type"":""Point"",""coordinates"":[-47.2641836476859,-3.961523344195014]}"
0000000000000000004d,0,0.2314840358958834,0.4064571386013257,0.8915102956802725,0.3304564952850342,0.4212203919887543,0.5617168545722961,0.36115872471717514,0.0,-0.1838905370498255,0.42683657110086326,-0.35239125292392903,-0.18221035214454817,-0.2579763375006353,-0.16656903297451353,0.0,-0.1838905370498255,0.42683657110086326,-0.35239125292392903,-0.18221035214454817,-0.2579763375006353,-0.16656903297451353,0.2314840358958834,0.5903476756511512,0.46467372457940925,0.6828477482089632,0.6034307441333024,0.8196931920729315,0.5277277576916887,"{""type"":""Point"",""coordinates"":[-48.42705477500983,-2.48289881217552]}"
0000000000000000017e,0,0.2530435625247221,0.1896264028031437,1.447438674662857,0.07573359009832009,0.19978477842209394,0.3729657544643615,0.17041254227776553,0.0,-0.059837908747254254,0.468001070507048,-0.08240953090578457,-0.060991640025400556,0.0,-0.16574021490142588,0.0,-0.029918954373627127,0.15600035683568267,-0.041204765452892284,-0.030495820012700278,0.0,-0.033148042980285175,0.2530435625247221,0.24946431155039794,0.9794376041558089,0.15814312100410466,0.2607764184474945,0.3729657544643615,0.3361527571791914,"{""type"":""Point"",""coordinates"":[-47.26328736837416,-3.962513264628878]}"
000000000000000001ea,0,0.24299300967657317,0.24432352573581775,1.2666127853046678,0.07890511304140091,0.23290371894836426,0.4063701629638672,0.21985923749052186,0.0,-0.17716305406896463,0.3500213226213712,-0.23297792168278364,-0.11837089345568697,-0.17250880624313725,-0.164164781433032,0.0,-0.17716305406896463,0.3500213226213712,-0.23297792168278364,-0.11837089345568697,-0.17250880624313725,-0.164164781433032,0.24299300967657317,0.4214865798047824,0.9165914626832966,0.31188303472418455,0.3512746124040512,0.5788789692070044,0.38402401892355387,"{""type"":""Point"",""coordinates"":[-47.264005283643755,-3.9617061673382037]}"
000000000000000001ca,0,0.2599387497538045,0.28153109302597246,1.2597843386917078,0.1455768346786499,0.29870128631591797,0.5471844955256155,0.2637016313204175,0.0,-0.17914330931892253,0.2910583571332498,-0.13809665444736086,-0.08456476103691829,-0.11216139939494241,-0.16301865694141715,0.0,-0.17914330931892253,0.2910583571332498,-0.13809665444736086,-0.08456476103691829,-0.03738713313164747,-0.16301865694141715,0.2599387497538045,0.460674402344895,0.968725981558458,0.28367348912601076,0.38326604735283626,0.659345894920558,0.42672028826183467,"{""type"":""Point"",""coordinates"":[-47.26364409645843,-3.9620628954224792]}"
000000000000000001c7,0,0.25017958599740714,0.2778698526484449,1.4011209944444731,0.08589514221866329,0.2330366654055459,0.4690293906872591,0.26233957433560584,0.0,-0.17272249882499247,0.6674136468204501,-0.23937352571766185,-0.11493556967803414,-0.1415977304823159,-0.1630097162284998,0.0,-0.057574166274997486,0.16685341170511253,-0.07979117523922062,-0.038311856559344715,-0.04719924349410529,-0.0543365720761666,0.25017958599740714,0.45059235147343735,0.733707347624023,0.32526866793632514,0.34797223508358005,0.610627121169575,0.42534929056410564,"{""type"":""Point"",""coordinates"":[-47.263916101622684,-3.9620628954224792]}"
000000000000000001f8,0,0.2522904469996265,0.2610363435407321,1.2133660331085225,0.18523401021957397,0.2752149999141693,0.43132951855659485,0.23777777777777775,0.0,-0.17733534383886718,0.3060380014145523,-0.14792790699521363,-0.09799419297396778,-0.16895261356194202,-0.16250680753574404,0.0,-0.17733534383886718,0.3060380014145523,-0.14792790699521363,-0.09799419297396778,-0.16895261356194202,-0.16250680753574404,0.2522904469996265,0.43837168737959925,0.9073280316939702,0.3331619172147876,0.3732091928881371,0.6002821321185369,0.4002845853135218,"{""type"":""Point"",""coordinates"":[-47.26409446566482,-3.961523344195013]}"
00000000000000000049,0,0.21715356377304976,0.3422578279916939,1.0382498381307956,0.2483435869216919,0.3527451455593109,0.5396578907966614,0.3243958469148686,0.0,-0.179038670322462,0.5013456528604323,-0.37589066549186223,-0.22786390948566404,-0.26412524554591366,-0.161501702183176,0.0,-0.179038670322462,0.5013456528604323,-0.37589066549186223,-0.22786390948566404,-0.26412524554591366,-0.161501702183176,0.21715356377304976,0.5212964983141559,0.5369041852703633,0.6242342524135541,0.580609055044975,0.803783136342575,0.4858975490980446,"{""type"":""Point"",""coordinates"":[-48.426876410967694,-2.48262680701126]}"
0000000000000000005d,0,0.22769878097879465,0.3957707529654059,0.6519031186113498,0.34492990296821,0.3954774602536665,0.6272113485825294,0.33971522694373796,0.0,-0.16697038490594635,0.0,-0.13833887893512425,-0.06942396602947937,-0.10531136196163737,-0.16086740003127237,0.0,-0.16697038490594635,0.0,-0.06916943946756213,-0.034711983014739684,-0.05265568098081869,-0.16086740003127237,0.22769878097879465,0.5627411378713523,0.6519031186113498,0.4832687819033343,0.46490142628314585,0.7325227105441667,0.5005826269750103,"{""type"":""Point"",""coordinates"":[-46.73804093708665,-1.112608140249495]}"
000000000000000001f6,0,0.2632641814629447,0.2830365072687328,1.2413329980121866,0.18606344171740158,0.2416566163301468,0.46510443091392517,0.25653206650831356,0.0,-0.15757699670339093,0.3257922477950129,-0.14993252317551048,-0.10668074689572493,-0.15822286288429632,-0.15897170087163376,0.0,-0.15757699670339093,0.3257922477950129,-0.04997750772517016,-0.10668074689572493,-0.15822286288429632,-0.15897170087163376,0.2632641814629447,0.44061350397212373,0.9155407502171736,0.33599596489291206,0.3483373632258717,0.6233272937982215,0.4155037673799473,"{""type"":""Point"",""coordinates"":[-47.26427282970696,-3.961523344195014]}"
00000000000000000105,0,0.24381431776223167,0.2642323352408883,1.3870071895083695,0.08037806589390278,0.24496326574257443,0.42093326033995415,0.2432274902032166,0.0,-0.14637573934408898,0.4652051966113978,-0.2665962366727276,-0.1262856768710272,-0.1661879994640112,-0.15855343868731653,0.0,-0.029275147868817797,0.15506839887046595,-0.08886541222424253,-0.042095225623675736,-0.05539599982133706,-0.03171068773746331,0.24381431776223167,0.4106080745849773,0.9218019928969717,0.34697430256663037,0.37124894261360164,0.5871212598039653,0.40178092889053313,"{""type"":""Point"",""coordinates"":[-47.26364409645843,-3.961884531380343]}"
00000000000000000047,0,0.21484959960885985,0.3779836410534061,0.9678240925468456,0.3029152750968933,0.39546388387680054,0.5572429895401001,0.35353399393915674,0.0,-0.18052872131561026,0.47375697187211524,-0.3502769804980681,-0.19927916924158728,-0.2694600500084029,-0.15824048740721552,0.0,-0.18052872131561026,0.47375697187211524,-0.3502769804980681,-0.19927916924158728,-0.2694600500084029,-0.15824048740721552,0.21484959960885985,0.5585123623690164,0.4940671206747304,0.6531922555949614,0.5947430531183878,0.826703039548503,0.5117744813463723,"{""type"":""Point"",""coordinates"":[-48.42705477500983,-2.48262680701126]}"
000000000000000001bd,0,0.26099688171044927,0.2708215716328753,1.3337582148586993,0.10965446452030458,0.26771803241720776,0.4791839610180585,0.2687091285946376,0.0,-0.14019307462396902,0.5532869925427056,-0.20769649991114808,-0.10243746968408579,-0.11018236769821965,-0.15785262191928162,0.0,-0.046731024874656336,0.1383217481356764,-0.06923216663704936,-0.034145823228028595,-0.03672745589940655,-0.031570524383856324,0.26099688171044927,0.4110146462568443,0.7804712223159936,0.31735096443145266,0.37015550210129355,0.5893663287162781,0.4265617505139192,"{""type"":""Point"",""coordinates"":[-47.26364409645843,-3.9621565365446028]}"
00000000000000000141,0,0.24904931964124788,0.2979226731721742,1.1204690831556503,0.17290383577346802,0.2840195298194885,0.6920706292979025,0.279950495049505,0.0,-0.18772463818678575,0.49121355515143317,-0.34207539532302034,-0.23435371542804928,0.0,-0.15718899201231956,0.0,-0.18772463818678575,0.49121355515143317,-0.34207539532302034,-0.23435371542804928,0.0,-0.15718899201231956,0.24904931964124788,0.48564731135895994,0.6292555280042171,0.5149792310964884,0.5183732452475378,0.6920706292979025,0.43713948706182454,"{""type"":""Point"",""coordinates"":[-47.727087387145154,-4.031954845334191]}"
00000000000000000148,0,0.23793581480235634,0.2979226731721742,1.1204690831556503,0.17290383577346802,0.2840195298194885,0.6920706292979025,0.279950495049505,0.0,-0.18772463818678575,0.49121355515143317,-0.34207539532302034,-0.23435371542804928,0.0,-0.15718899201231956,0.0,-0.18772463818678575,0.49121355515143317,-0.34207539532302034,-0.23435371542804928,0.0,-0.15718899201231956,0.23793581480235634,0.48564731135895994,0.6292555280042171,0.5149792310964884,0.5183732452475378,0.6920706292979025,0.43713948706182454,"{""type"":""Point"",""coordinates"":[-47.72708738714516,-4.031865663313122]}"
0000000000000000016f,0,0.25063093618902926,0.2287795183449721,1.4412802213699165,0.07833133976357587,0.2399453388793128,0.40319390502979285,0.22867441685399706,0.0,-0.18838855141836933,0.30799593775432976,-0.31320858753125136,-0.13955251106194083,-0.05775159987400047,-0.15651971398318085,0.0,-0.04709713785459233,0.30799593775432976,-0.07830214688281284,-0.04651750368731361,-0.028875799937000235,-0.03912992849579521,0.25063093618902926,0.4171680697633414,1.1332842836155868,0.39153992729482723,0.37949784994125363,0.4609455049037933,0.3851941308371779,"{""type"":""Point"",""coordinates"":[-47.26472319891336,-3.962513264628878]}"
0000000000000000018d,0,0.26565070627272874,0.23057753335329365,1.536207202899941,-0.004867712729158369,0.17146106048077814,0.35349497965403964,0.22586877750454795,0.0,-0.17601626583119925,0.4640416294339136,-0.2514670049671789,-0.12101612703352693,-0.1807819260018212,-0.15637238409234092,0.0,-0.03520325316623985,0.15468054314463786,-0.08382233498905962,-0.040338709011175644,-0.060260642000607066,-0.031274476818468185,0.26565070627272874,0.4065937991844929,1.0721655734660274,0.24659929223802052,0.29247718751430507,0.5342769056558608,0.38224116159688887,"{""type"":""Point"",""coordinates"":[-47.263465732416286,-3.962424082607809]}"
000000000000000001d1,0,0.2491525651923698,0.2572528246984268,1.389178044404557,0.07740964144468307,0.22770194407846256,0.41998320790549304,0.24733662079986446,0.0,-0.1660469884451501,0.6382894366324406,-0.2269096568226814,-0.11302318290416635,-0.15559585150110922,-0.15616231224564564,0.0,-0.055348996148383366,0.15957235915811016,-0.07563655227422714,-0.03767439430138878,-0.05186528383370307,-0.05205410408188188,0.2491525651923698,0.4232998131435769,0.7508886077721163,0.3043192982673645,0.3407251269826289,0.5755790594066023,0.4034989330455101,"{""type"":""Point"",""coordinates"":[-47.264005283643755,-3.961973713401412]}"
000000000000000001ba,0,0.24755267555635285,0.22269631211106555,1.5533689844902605,-0.02242733792400009,0.10505101285442595,0.36122099195294943,0.22804733236098673,0.0,-0.1886091652625408,0.5212195397217041,-0.2460344763205236,-0.1597281755516041,-0.1972122918472189,-0.15596892582287458,0.0,-0.06286972175418026,0.17373984657390137,-0.08201149210684121,-0.05324272518386803,-0.06573743061573963,-0.051989641940958196,0.24755267555635285,0.41130547737360634,1.0321494447685564,0.22360713839652352,0.26477918840603004,0.5584332838001683,0.3840162581838613,"{""type"":""Point"",""coordinates"":[-47.263916101622684,-3.9621565365446028]}"
00000000000000000088,0,0.23002781030839686,0.15625051364298925,1.125595724980971,0.238590806722641,0.204949289560318,0.4085630178451538,0.1586416235279488,0.0,-0.16441375166607247,0.36010516002994675,-0.1700247589606667,-0.19700374595838416,-0.21876674958344977,-0.15521837205740746,0.0,-0.16441375166607247,0.36010516002994675,-0.1700247589606667,-0.19700374595838416,-0.21876674958344977,-0.15521837205740746,0.23002781030839686,0.3206642653090617,0.7654905649510242,0.4086155656833077,0.40195303551870215,0.6273297674286036,0.31385999558535627,"{""type"":""Point"",""coordinates"":[-50.37540993020142,-9.58264383666362]}"
000000000000000001f5,0,0.260895930088424,0.22494524193738769,1.2687444718017327,0.16278314304062952,0.2681386470794678,0.3710679084153571,0.2105318397363531,0.0,-0.1775418167880068,0.4013585499944037,-0.17574520637337993,-0.09932065858078853,-0.05429169832750186,-0.15340276686213183,0.0,-0.1775418167880068,0.4013585499944037,-0.08787260318668996,-0.09932065858078853,-0.02714584916375093,-0.15340276686213183,0.260895930088424,0.4024870587253945,0.867385921807329,0.33852834941400944,0.3674593056602563,0.42535960674285894,0.3639346065984849,"{""type"":""Point"",""coordinates"":[-47.26436647082909,-3.961523344195012]}"
000000000000000001d4,0,0.2376682258627046,0.2611409745101439,1.4359197117366092,0.08963742107152939,0.27597170233227447,0.3928482234477997,0.24474539544962076,0.0,-0.17856529904897622,0.3799977872273106,-0.15429953524425105,-0.10755883080978029,-0.18021683506527397,-0.15311574021450347,0.0,-0.17856529904897622,0.3799977872273106,-0.15429953524425105,-0.0358529436032601,-0.18021683506527397,-0.15311574021450347,0.2376682258627046,0.4397062735591201,1.0559219245092986,0.24393695631578044,0.38353053314205476,0.5730650585130737,0.39786113566412423,"{""type"":""Point"",""coordinates"":[-47.263737737580556,-3.961973713401412]}"
000000000000000001be,0,0.22457991579780812,0.29292850839058915,1.2743247429671638,0.14005825897142538,0.28784283916583286,0.5118125856460681,0.2802640790249701,0.0,-0.1651864391336536,0.4896096221849032,-0.20533370688176533,-0.08640501148006308,-0.08040403718336919,-0.15261671015750877,0.0,-0.033037287826730724,0.1224024055462258,-0.06844456896058844,-0.02880167049335436,-0.026801345727789732,-0.030523342031501755,0.22457991579780812,0.45811494752424275,0.7847151207822606,0.3453919658531907,0.37424785064589594,0.5922166228294373,0.43288078918247885,"{""type"":""Point"",""coordinates"":[-47.26355491443736,-3.962156536544602]}"
0000000000000000004e,0,0.23607103181592115,0.4109042552551717,0.8579412208858173,0.3515818119049072,0.40998995304107666,0.5598794221878052,0.3606197625462976,0.0,-0.15096194016122,0.38067765390263464,-0.31586439827633506,-0.20793179687247765,-0.26080311196190964,-0.15234235703857213,0.0,-0.15096194016122,0.38067765390263464,-0.31586439827633506,-0.20793179687247765,-0.26080311196190964,-0.15234235703857213,0.23607103181592115,0.5618661954163917,0.4772635669831826,0.6674462101812423,0.6179217499135543,0.8206825341497148,0.5129621195848697,"{""type"":""Point"",""coordinates"":[-48.42696559298876,-2.4828988121755198]}"
000000000000000001ed,0,0.2514838442203891,0.2627207130726801,1.3243338065390486,0.11959503306928326,0.21241170167922974,0.3514041602611542,0.24842594605848223,0.0,-0.15778540042720623,0.40894757873091814,-0.22539585790930627,-0.08057127164370859,-0.15203423052636134,-0.1517850676920079,0.0,-0.031557080085441246,0.1363158595769727,-0.07513195263643542,-0.08057127164370859,-0.15203423052636134,-0.03035701353840158,0.2514838442203891,0.4205061134998863,0.9153862278081305,0.34499089097858954,0.2929829733229383,0.5034383907875155,0.4002110137504901,"{""type"":""Point"",""coordinates"":[-47.263737737580556,-3.9617061673382037]}"
000000000000000001f1,0,0.2312836162298663,0.27809768870693796,1.3340462040679668,0.10255035758018494,0.2626274824142456,0.4909636676311493,0.2504793860401056,0.0,-0.1744096058379333,0.40919867703003765,-0.209307863785263,-0.09000629136840782,-0.1254222102712219,-0.15150174705709296,0.0,-0.1744096058379333,0.40919867703003765,-0.209307863785263,-0.09000629136840782,-0.1254222102712219,-0.15150174705709296,0.2312836162298663,0.45250729454487126,0.9248475270379292,0.31185822136544794,0.3526337737826534,0.6163858779023712,0.4019811330971986,"{""type"":""Point"",""coordinates"":[-47.264094465664826,-3.9616169853171366]}"
0000000000000000017d,0,0.2519219470985711,0.17645360002609992,1.381069454504263,0.032463777136461536,0.18871431596716326,0.22835662620706965,0.16798413000196974,0.0,-0.1491396727668942,0.4727115728681718,-0.17197384627545576,-0.09399357597648733,-0.1830211783062854,-0.1514540160479955,0.0,-0.029827934553378836,0.11817789321704295,-0.057324615425151916,-0.031331191992162444,-0.061007059435428466,-0.0302908032095991,0.2519219470985711,0.3255932727929941,0.9083578816360912,0.2044376234119173,0.2827078919436506,0.41137780451335504,0.31943814604996523,"{""type"":""Point"",""coordinates"":[-47.263376550395215,-3.9625132646288783]}"
0000000000000000016b,0,0.24963212292145953,0.25311509073541066,1.6239874850274432,-0.017835566745379547,0.12104080565650696,0.41198540388862476,0.17480337755290346,0.0,0.0,0.5409168703222778,-0.11058177274582677,-0.2165395850080569,0.0,-0.14926089968051828,0.0,0.0,0.18030562344075926,-0.055290886372913385,-0.04330791700161138,0.0,-0.029852179936103656,0.24963212292145953,0.25311509073541066,1.0830706147051654,0.09274620600044722,0.33758039066456386,0.41198540388862476,0.32406427723342174,"{""type"":""Point"",""coordinates"":[-47.263465732416286,-3.9626024466499463]}"
000000000000000002a9,0,0.25249313722582845,0.4234035221182807,0.8692090299568138,0.31508687138557434,0.3331640362739563,0.5746856927871704,0.3628553879292211,0.0,-0.15602816588398105,0.2551626736632039,-0.22106327687677696,-0.10869204856100534,-0.14487566734683854,-0.14661200348030012,0.0,-0.15602816588398105,0.2551626736632039,-0.22106327687677696,-0.10869204856100534,-0.14487566734683854,-0.14661200348030012,0.25249313722582845,0.5794316880022617,0.6140463562936099,0.5361501482623513,0.44185608483496164,0.719561360134009,0.5094673914095212,"{""type"":""Point"",""coordinates"":[-47.98355704333515,-2.210889188814268]}"
00000000000000000046,0,0.22496492475567886,0.22429479573104644,0.8966649873396727,0.19528529047966003,0.25696351177526533,0.41706426538026037,0.21558329925339872,0.0,-0.16662555310695765,0.0,0.10040796266882446,-0.08839265458749701,-0.14520846806967563,-0.1463364397856771,0.0,-0.08331277655347882,0.0,0.10040796266882446,-0.044196327293748505,-0.07260423403483782,-0.07316821989283855,0.22496492475567886,0.3909203488380041,0.8966649873396727,0.09487732781083558,0.34535616636276234,0.562272733449936,0.3619197390390758,"{""type"":""Point"",""coordinates"":[-48.42849060554904,-2.482180896905915]}"
00000000000000000149,0,0.23849715747476424,0.385519846077104,0.9550067658998646,0.24620573222637177,0.34896764159202576,0.7633730636440749,0.3521464498771786,0.0,-0.19700001705911296,0.42794582791137936,-0.3524125625957881,-0.20953959543840972,0.0,-0.14593408762702298,0.0,-0.19700001705911296,0.42794582791137936,-0.3524125625957881,-0.20953959543840972,0.0,-0.14593408762702298,0.23849715747476424,0.582519863136217,0.5270609379884852,0.5986182948221599,0.5585072370304355,0.7633730636440749,0.49808053750420156,"{""type"":""Point"",""coordinates"":[-47.72699820512409,-4.031865663313122]}"
000000000000000002cd,0,0.22821265243765212,0.5505825657070061,0.9453954195028488,0.35866438453352556,0.37257157648186007,0.5029096603393555,0.34015476086489166,0.0,0.0,0.22100573661527623,-0.1272361486657848,-0.07980733153449365,-0.19637052299316005,-0.14558742938456393,0.0,0.0,0.22100573661527623,-0.0424120495552616,-0.02660244384483122,-0.19637052299316005,-0.14558742938456393,0.22821265243765212,0.5505825657070061,0.7243896828875726,0.48590053319931037,0.4523789080163537,0.6992801833325155,0.4857421902494556,"{""type"":""Point"",""coordinates"":[-46.738130119107716,-1.1135980606833598]}"
0000000000000000024a,0,0.2486188129958835,0.3597800372715322,0.8969289709835001,0.2382994850263,0.3391547351555609,0.5837627753747859,0.3335391484409453,0.0,-0.19184130758031948,0.0,-0.26203829449564214,-0.113948270730517,-0.14153622536526533,-0.14402430927302384,0.0,-0.038368261516063894,0.0,-0.05240765889912843,-0.0227896541461034,-0.028307245073053065,-0.02880486185460477,0.2486188129958835,0.5516213448518517,0.8969289709835001,0.5003377795219421,0.4531030058860779,0.7252990007400513,0.47756345771396913,"{""type"":""Point"",""coordinates"":[-47.702294785288,-3.980300618731074]}"
000000000000000001cc,0,0.2575697251353793,0.22336020613287316,1.5505425730683595,-0.019953953102231026,0.19317482810225062,0.3177083432674408,0.2070135746606335,0.0,-0.1284305774144699,0.682103724559875,-0.23649973356616924,-0.08338501651082464,-0.21175063308393194,-0.1439811983885547,0.0,-0.06421528870723495,0.227367908186625,-0.23649973356616924,-0.04169250825541232,-0.21175063308393194,-0.1439811983885547,0.2575697251353793,0.35179078354734306,0.8684388485084845,0.21654578046393821,0.27655984461307526,0.5294589763513727,0.3509947730491882,"{""type"":""Point"",""coordinates"":[-47.26445565285015,-3.961973713401412]}"
000000000000000001f0,0,0.2493476845594113,0.27589032676614195,1.2553559087767796,0.0967271349524001,0.2702394143925836,0.3828881084918976,0.2541946308724833,0.0,-0.1381587909111312,0.27171559861909955,-0.24154324592028065,-0.12103292483223183,-0.19024157152120247,-0.14341855519456348,0.0,-0.1381587909111312,0.27171559861909955,-0.08051441530676022,-0.04034430827741061,-0.19024157152120247,-0.14341855519456348,0.2493476845594113,0.41404911767727315,0.98364031015768,0.33827038087268074,0.3912723392248154,0.5731296800131,0.39761318606704676,"{""type"":""Point"",""coordinates"":[-47.2641836476859,-3.9616169853171366]}"
00000000000000000185,0,0.24082323437402073,0.20264080229762388,1.6565484311050478,-0.052849456667900085,0.16867574540897812,0.34088285749418296,0.21074927536939436,0.0,-0.17779758124568745,0.40201509091657317,-0.1831542607838746,-0.17960391851142438,-0.19258410150545086,-0.1425052593130275,0.0,-0.05926586041522915,0.40201509091657317,-0.1831542607838746,-0.05986797283714146,-0.06419470050181696,-0.047501753104342494,0.24082323437402073,0.38043838354331133,1.2545333401884746,0.1303048041159745,0.3482796639204025,0.5334669589996338,0.35325453468242185,"{""type"":""Point"",""coordinates"":[-47.26427282970697,-3.962424082607809]}"
000000000000000001c8,0,0.24729410468727403,0.26262978121742697,1.346519731708934,0.12402102448934604,0.30129318086174495,0.4619723813305267,0.2556189108982728,0.0,-0.15483845193314372,0.26088802368163977,-0.261832149026053,-0.08894310230317998,-0.12808134175713665,-0.14203841459091304,0.0,-0.05161281731104791,0.26088802368163977,-0.08727738300868433,-0.02964770076772666,-0.042693780585712215,-0.04734613819697101,0.24729410468727403,0.4174682331505707,1.0856317080272941,0.38585317351539905,0.3902362831649249,0.5900537230876634,0.39765732548918586,"{""type"":""Point"",""coordinates"":[-47.26382691960162,-3.9620628954224792]}"
000000000000000001e9,0,0.25120787373055725,0.26232474153340196,1.2958497340392214,0.13312017917633057,0.3075343900246947,0.4940046135231668,0.23853737028282085,0.0,-0.14704082243671135,0.3395406267227272,-0.16142019141874764,-0.07820282386641814,-0.14354826645039853,-0.14192865981613878,0.0,-0.14704082243671135,0.3395406267227272,-0.16142019141874764,-0.02606760795547271,-0.047849422150132846,-0.14192865981613878,0.25120787373055725,0.4093655639701133,0.9563091073164942,0.2945403705950782,0.3857372138911128,0.6375528799735654,0.38046603009895963,"{""type"":""Point"",""coordinates"":[-47.264094465664826,-3.9617061673382037]}"
00000000000000000163,0,0.23692800899320243,0.19209971917446522,1.579740393666119,0.020509349992801282,0.18590763749158462,0.2839244074613073,0.20524595052267824,0.0,-0.18439588639944027,0.7923535726673029,-0.09904128045744738,-0.16944783686125192,-0.263572006723263,-0.14147957450429494,0.0,-0.06146529546648009,0.19808839316682572,-0.04952064022872369,-0.056482612287083976,-0.08785733557442099,-0.04715985816809831,0.23692800899320243,0.3764956055739055,0.7873868209988161,0.11955063045024866,0.35535547435283654,0.5474964141845703,0.3467255250269732,"{""type"":""Point"",""coordinates"":[-47.26427282970696,-3.9626024466499463]}"
000000000000000001bb,0,0.25113649209481054,0.23312970132617478,1.5226539740455765,0.061766065657138824,0.1795837061793277,0.3926306743599068,0.23053067006185013,0.0,-0.16025606594757358,0.7471655413729849,-0.19098517298698425,-0.14000353046679728,-0.15796055007208482,-0.14105807836934015,0.0,-0.05341868864919119,0.1867913853432462,-0.06366172432899475,-0.04666784348893243,-0.052653516690694936,-0.04701935945644672,0.25113649209481054,0.39338576727374835,0.7754884326725916,0.2527512386441231,0.319587236646125,0.5505912244319916,0.3715887484311903,"{""type"":""Point"",""coordinates"":[-47.26382691960162,-3.962156536544602]}"
00000000000000000171,0,0.25166527953747797,0.2461294165685698,1.4229576479321784,0.05838208951463042,0.2203940640645878,0.3951520616605929,0.23889158675612487,0.0,-0.15105792140234575,0.2928244981505035,-0.09997301838885014,-0.1833417581818971,-0.2341946303121123,-0.1405150552705906,0.0,-0.050352640467448584,0.2928244981505035,-0.04998650919442507,-0.0611139193939657,-0.0780648767707041,-0.04683835175686354,0.25166527953747797,0.39718733797091554,1.130133149781675,0.15835510790348056,0.4037358222464849,0.6293466919727052,0.3794066420267155,"{""type"":""Point"",""coordinates"":[-47.264544834871224,-3.9625132646288783]}"
000000000000000001d3,0,0.23664883569138023,0.2770644864559983,1.3202198998202193,0.14492056534723252,0.29177768133988696,0.5478042380622485,0.26957186149594037,0.0,-0.16222081205909145,0.2999900421280277,-0.24464340063769485,-0.09760346478318604,-0.09153303338970153,-0.139002627862939,0.0,-0.16222081205909145,0.2999900421280277,-0.08154780021256496,-0.03253448826106201,-0.03051101112990051,-0.139002627862939,0.23664883569138023,0.43928529851508974,1.0202298576921915,0.3895639659849274,0.389381146123073,0.6393372714519501,0.40857448935887936,"{""type"":""Point"",""coordinates"":[-47.26382691960162,-3.9619737134014112]}"
000000000000000001a6,0,0.26697230864017224,0.2045913947444412,1.6653025431160478,-0.06363760679960251,0.19078523737930397,0.3251533806324005,0.20388489208633093,0.0,-0.14708918202494448,0.6037438135245274,-0.28217445795361684,-0.10196967797733214,-0.1864802931570566,-0.13860236264153186,0.0,-0.14708918202494448,0.6037438135245274,-0.28217445795361684,-0.05098483898866607,-0.1864802931570566,-0.13860236264153186,0.26697230864017224,0.3516805767693857,1.0615587295915203,0.21853685115401433,0.2927549153566361,0.5116336737894571,0.3424872547278628,"{""type"":""Point"",""coordinates"":[-47.26427282970697,-3.962245718565671]}"
0000000000000000004f,0,0.22470847275308364,0.4174174791264745,0.8527686196600063,0.3525828719139099,0.42178380489349365,0.6038475036621094,0.3712797208999538,0.0,-0.1516581227253751,0.3645526582499372,-0.3148886244782416,-0.18262771749170004,-0.21696802264168147,-0.13616637674433013,0.0,-0.1516581227253751,0.3645526582499372,-0.3148886244782416,-0.18262771749170004,-0.21696802264168147,-0.13616637674433013,0.22470847275308364,0.5690756018518496,0.48821596141006907,0.6674714963921515,0.6044115223851937,0.8208155263037908,0.5074460976442839,"{""type"":""Point"",""coordinates"":[-48.42705477500983,-2.482809630154451]}"
000000000000000001d5,0,0.24669386719745587,0.248801389899516,1.3402653295682223,0.09983108937740326,0.24024468660354614,0.47081199288368225,0.2911623139076176,0.0,-0.17319672955356658,0.2995220795440088,-0.15705372582326949,-0.10654493205126336,-0.10103070179031193,-0.13471473921660404,0.0,-0.17319672955356658,0.2995220795440088,-0.15705372582326949,-0.10654493205126336,-0.10103070179031193,-0.026942947843320807,0.24669386719745587,0.4219981194530826,1.0407432500242135,0.25688481520067274,0.3467896186548095,0.5718426946739942,0.42587705312422164,"{""type"":""Point"",""coordinates"":[-47.26364409645843,-3.961973713401412]}"
000000000000000001a9,0,0.25774672620783406,0.17819852736793138,1.3215661103979461,0.08259005844593048,0.1855142494109145,0.23999445039260892,0.17637892872721572,0.0,-0.07054121391061671,0.16486420742952168,-0.06274148657721723,-0.09816260036816998,-0.10669232908089121,-0.1345015517368296,0.0,-0.035270606955308356,0.16486420742952168,-0.06274148657721723,-0.03272086678938999,-0.03556410969363041,-0.026900310347365917,0.25774672620783406,0.2487397412785481,1.1567019029684245,0.1453315450231477,0.2836768497790845,0.34668677947350013,0.3108804804640453,"{""type"":""Point"",""coordinates"":[-47.26400528364376,-3.962245718565671]}"
00000000000000000174,0,0.24852890489513163,0.20096712426908528,1.5287241148964597,-0.038226790726184845,0.16938937640219098,0.3293431529050991,0.21170996779169107,0.0,-0.1627756425277346,0.2850074037936381,-0.16667574610979163,-0.18426984834662413,-0.1963976255410984,-0.1343443239148476,0.0,-0.054258547509244866,0.2850074037936381,-0.16667574610979163,-0.061423282782208044,-0.06546587518036613,-0.0447814413049492,0.24852890489513163,0.3637427667968199,1.2437167111028216,0.1284489553836068,0.3536592247488151,0.5257407784461975,0.3460542917065387,"{""type"":""Point"",""coordinates"":[-47.26427282970697,-3.9625132646288783]}"
00000000000000000043,0,0.22086178217466784,0.26744994975951564,0.8475730515439606,0.23127035796642303,0.28740135427405966,0.44678093125482043,0.24765666905415284,0.0,-0.1457876353618297,0.0,0.09964898724515714,-0.0869510472209204,-0.14647759913438907,-0.13242722093142417,0.0,-0.07289381768091485,0.0,0.09964898724515714,-0.0434755236104602,-0.07323879956719453,-0.06621361046571209,0.22086178217466784,0.41323758512134534,0.8475730515439606,0.1316213707212659,0.37435240149498006,0.5932585303892095,0.380083889985577,"{""type"":""Point"",""coordinates"":[-48.42849060554904,-2.4822700789269843]}"
00000000000000000133,0,0.23320727569137828,0.35429802865217996,0.9072646676704739,0.3073815107345581,0.3956652879714966,0.5401591062545776,0.3265465652410453,0.0,-0.1394046685778637,0.37649988635757436,-0.32396254468298313,-0.17176999658383896,-0.25008352343445917,-0.13242193851863088,0.0,-0.1394046685778637,0.37649988635757436,-0.32396254468298313,-0.17176999658383896,-0.25008352343445917,-0.13242193851863088,0.23320727569137828,0.4937026972300437,0.5307647813128995,0.6313440554175412,0.5674352845553355,0.7902426296890368,0.4589685037596762,"{""type"":""Point"",""coordinates"":[-47.72735493320837,-4.032311573418467]}"
000000000000000001e0,0,0.2474936618185743,0.20567614384058572,1.3625806451612903,0.031670086085796356,0.18447947994590785,0.2737570288807449,0.2005199001335775,0.0,-0.11093430144237029,0.2728213944225437,-0.16064600579430094,-0.16318697128947146,-0.08410466728788796,-0.13148650233179937,0.0,-0.036978100480790095,0.2728213944225437,-0.16064600579430094,-0.05439565709649049,-0.04205233364394398,-0.026297300466359873,0.2474936618185743,0.316610445282956,1.0897592507387466,0.1923160918800973,0.3476664512353793,0.35786169616863284,0.3320064024653769,"{""type"":""Point"",""coordinates"":[-47.26427282970696,-3.961795349359274]}"
00000000000000000126,0,0.25334208281172793,0.20819155620874144,1.3040714717563286,0.07549111064048503,0.25115912568170246,0.34476449036648765,0.21123107749676387,0.0,-0.14221920848634237,0.47645358218826495,-0.07555533851552643,-0.12195642988406058,-0.18517896588592836,-0.13101354031434723,0.0,-0.03555480212158559,0.15881786072942164,-0.03777766925776321,-0.030489107471015145,-0.04629474147148209,-0.03275338507858681,0.25334208281172793,0.3504107646950838,0.8276178895680637,0.15104644915601145,0.37311555556576304,0.529943456252416,0.3422446178111111,"{""type"":""Point"",""coordinates"":[-49.93415958545768,-6.382752788801377]}"
000000000000000001b6,0,0.25849538527456595,0.2019319845850588,1.6262279281374563,-0.027798853814601898,0.21262171249481487,0.3964715631016935,0.20272912133756502,0.0,-0.13556745860406155,0.5206745622122566,-0.22442064094533828,-0.07840439696220108,-0.0727202384463107,-0.12969537421975494,0.0,-0.13556745860406155,0.5206745622122566,-0.22442064094533828,-0.03920219848110054,-0.03636011922315535,-0.12969537421975494,0.25849538527456595,0.33749944318912034,1.1055533659251997,0.1966217871307364,0.29102610945701596,0.4691918015480042,0.33242449555731995,"{""type"":""Point"",""coordinates"":[-47.26427282970696,-3.9621565365446028]}"
00000000000000000057,0,0.23603682058884037,0.3671399594320487,0.7806430006697923,0.3830508589744568,0.46793752411899125,0.672842800617218,0.34583285035354117,0.0,-0.18512708454616034,0.2020755582860324,-0.21739687150343867,-0.038567428788571,-0.10085989140351015,-0.12953642107081265,0.0,-0.18512708454616034,0.2020755582860324,-0.21739687150343867,-0.0077134857577142,-0.10085989140351015,-0.12953642107081265,0.23603682058884037,0.552267043978209,0.5785674423837599,0.6004477304778955,0.5065049529075623,0.7737026920207282,0.4753692714243538,"{""type"":""Point"",""coordinates"":[-46.35185603125192,-1.7580496404326251]}"
0000000000000000015f,0,0.2368561761624745,0.25486745882894846,1.4850036638118307,0.02818976022131281,0.24288884014242754,0.4687033847318015,0.24163933190079734,0.0,-0.047580685440909765,0.36723090368298394,-0.33801074525154484,-0.042266527708829854,0.0,-0.12945220116308814,0.0,-0.023790342720454882,0.36723090368298394,-0.08450268631288621,-0.021133263854414927,0.0,-0.032363050290772036,0.2368561761624745,0.3024481442698582,1.1177727601288467,0.36620050547285765,0.2851553678512574,0.4687033847318015,0.3710915330638855,"{""type"":""Point"",""coordinates"":[-47.26463401689229,-3.962602446649946]}"
0000000000000000018f,0,0.23224022262003435,0.22034501550041186,1.4188657016183681,0.021105689150948015,0.193770113040882,0.30535452025277277,0.2161128643356316,0.0,-0.14513477358136062,0.4286295392284579,-0.256365613689122,-0.10222800336949764,-0.181805739232472,-0.1288873348433286,0.0,-0.04837825786045354,0.14287651307615265,-0.08545520456304066,-0.03407600112316588,-0.06060191307749067,-0.0429624449477762,0.23224022262003435,0.3654797890817725,0.9902361623899102,0.27747130284007,0.29599811641037965,0.4871602594852448,0.3450001991789602,"{""type"":""Point"",""coordinates"":[-47.26328736837415,-3.962424082607809]}"
0000000000000000010e,0,0.27304134562133836,0.28724882021063114,1.1921172106653746,0.23186813205537737,0.3117782771587372,0.5363113747065642,0.27697295847040415,0.0,-0.07626569089176555,0.34867002712194006,-0.177244659633171,-0.09160663592603235,-0.12253869910782789,-0.1285739791049143,0.0,-0.07626569089176555,0.34867002712194006,-0.05908155321105699,-0.09160663592603235,-0.024507739821565577,-0.04285799303497143,0.27304134562133836,0.3635145111023967,0.8434471835434345,0.40911279168854836,0.40338491308476954,0.6588500738143921,0.40554693757531846,"{""type"":""Point"",""coordinates"":[-49.940446917943035,-6.380866589055769]}"
00000000000000000050,0,0.22184642094739124,0.4433171592412881,0.7755928397696205,0.3964700698852539,0.47069597244262695,0.6204199194908142,0.3975903614457832,0.0,-0.12974342670608885,0.2948820666837176,-0.2702388676511642,-0.14578274408226743,-0.2073279901109797,-0.12814516715655588,0.0,-0.12974342670608885,0.2948820666837176,-0.2702388676511642,-0.14578274408226743,-0.2073279901109797,-0.12814516715655588,0.22184642094739124,0.573060585947377,0.4807107730859029,0.6667089375364181,0.6164787165248944,0.8277479096017939,0.5257355286023391,"{""type"":""Point"",""coordinates"":[-48.42696559298876,-2.4828096301544504]}"
000000000000000001cd,0,0.25503178297502915,0.2141251531566054,1.5514616305381295,0.00521581806242466,0.20550304034059313,0.3523143529891968,0.19150700784364155,0.0,-0.12422429756145326,0.5996263909264459,-0.19195927271175175,-0.04259486517603131,-0.1437473688815682,-0.1279762687799751,0.0,-0.06211214878072663,0.19987546364214862,-0.19195927271175175,-0.021297432588015655,-0.1437473688815682,-0.1279762687799751,0.25503178297502915,0.33834945071805866,0.9518352396116836,0.19717509077417641,0.24809790551662445,0.49606172187076497,0.31948327662361664,"{""type"":""Point"",""coordinates"":[-47.26436647082909,-3.961973713401412]}"
0000000000000000017c,0,0.24985567461067146,0.24355473286395782,1.3534713708576913,0.0517312534611281,0.18529736938681407,0.214816348939209,0.17591855546348215,0.0,0.0,0.3676674552847129,-0.07039268235754408,-0.15761575159821706,-0.17760555906472195,-0.1265659165862074,0.0,0.0,0.09191686382117822,-0.03519634117877204,-0.03152315031964341,-0.059201853021573984,-0.02531318331724148,0.24985567461067146,0.24355473286395782,0.9858039155729784,0.12212393581867217,0.34291312098503113,0.39242190800393095,0.30248447204968953,"{""type"":""Point"",""coordinates"":[-47.263465732416286,-3.9625132646288783]}"
00000000000000000103,0,0.24137217111816306,0.32766143351894367,1.238605009213285,0.16951227455751286,0.29317941109259144,0.467487016770808,0.2803419382662425,0.0,-0.11779780336608575,0.749081427019216,-0.2282020661292853,-0.13764402886638905,-0.17605112236067316,-0.12573898261040367,0.0,-0.058898901683042876,0.24969380900640534,-0.11410103306464266,-0.06882201443319452,-0.08802556118033658,-0.06286949130520184,0.24137217111816306,0.4454592368850294,0.489523582194069,0.3977143406867982,0.4308234399589805,0.6435381391314812,0.40608092087664616,"{""type"":""Point"",""coordinates"":[-47.66564097462869,-4.0191081751992135]}"
0000000000000000019e,0,0.26416416934528797,0.2572697236774911,1.5560116797969095,-0.009006556308596592,0.1626809497364149,0.4577374599711835,0.2476477865897874,0.0,-0.1290892855106885,0.7556937913783602,-0.2693097475165319,-0.13317552941716354,-0.1131856420527157,-0.12514692705458594,0.0,-0.04302976183689616,0.18892344784459006,-0.08976991583884397,-0.04439184313905451,-0.03772854735090523,-0.041715642351528644,0.26416416934528797,0.3863590091881796,0.8003178884185492,0.2603031912079353,0.29585647915357843,0.5709231020238992,0.37279471364437333,"{""type"":""Point"",""coordinates"":[-47.263465732416286,-3.96233490058674]}"
000000000000000001b5,0,0.27242168266350464,0.31746137369600486,1.6975566150178782,-0.07318419963121411,0.18097708018436162,0.3180821395079475,0.2002724795640327,0.0,0.0,0.5590691822007312,-0.26363509889018344,-0.09849043397293358,-0.15104351280528483,-0.12440713117546598,0.0,0.0,0.5590691822007312,-0.26363509889018344,-0.04924521698646679,-0.07552175640264241,-0.12440713117546598,0.27242168266350464,0.31746137369600486,1.138487432817147,0.19045089925896933,0.2794675141572952,0.46912565231323233,0.3246796107394987,"{""type"":""Point"",""coordinates"":[-47.26436647082909,-3.9621565365446028]}"
000000000000000000fb,0,0.23004577750958205,0.2988816323267424,1.2569516628526691,0.1493064775104828,0.28964959640268106,0.45055487122592547,0.27340218439449304,0.0,-0.1381060427146778,0.7097897106139869,-0.2050005227007329,-0.12551433782812338,-0.1870340112203635,-0.12424350149124752,0.0,-0.0690530213573389,0.2365965702046623,-0.10250026135036645,-0.06275716891406169,-0.09351700561018175,-0.06212175074562376,0.23004577750958205,0.4369876750414202,0.5471619522386822,0.3543070002112157,0.41516393423080444,0.637588882446289,0.39764568588574056,"{""type"":""Point"",""coordinates"":[-47.66555179260761,-4.018929811157077]}"
000000000000000001aa,0,0.25079884232123767,0.1804734656085048,1.3283213402781628,0.08848870577556744,0.18165157192362896,0.2864780211580425,0.1814474203993181,0.0,-0.13487177998239108,0.33230265420871286,-0.1331101697470461,-0.08729460836500957,-0.10658887084259266,-0.12141625795280137,0.0,-0.04495725999413036,0.11076755140290429,-0.044370056582348695,-0.029098202788336525,-0.03552962361419756,-0.040472085984267124,0.25079884232123767,0.3153452455908959,0.99601868606945,0.22159887552261354,0.26894618028863854,0.39306689200063516,0.30286367835211947,"{""type"":""Point"",""coordinates"":[-47.263916101622684,-3.962245718565671]}"
00000000000000000158,0,0.2190054349250608,0.3647163981004007,1.0325510452070636,0.25880932171887305,0.3618382449063592,0.6055366525053626,0.34427316341549286,0.0,-0.1432274055528172,0.4909933535152453,-0.17393772810290253,-0.09817571688563298,-0.09296127609170945,-0.12076901788824174,0.0,-0.1432274055528172,0.16366445117174844,-0.08696886405145127,-0.04908785844281649,-0.04648063804585473,-0.12076901788824174,0.2190054349250608,0.5079438036532179,0.5415576916918183,0.4327470498217756,0.46001396179199217,0.698497928597072,0.4650421813037346,"{""type"":""Point"",""coordinates"":[-47.716488103941124,-3.9716767172937093]}"
00000000000000000193,0,0.24720897057464666,0.22627994730102866,1.5194805194805197,0.013491280376911163,0.18267169289121038,0.32860438927353286,0.22531332254304698,0.0,-0.13881918031273796,0.30624680013467254,-0.12639335687262243,-0.1686193019913732,-0.1014970888262901,-0.11999517726440212,0.0,-0.046273060104245985,0.30624680013467254,-0.12639335687262243,-0.056206433997124404,-0.05074854441314505,-0.039998392421467376,0.24720897057464666,0.3650991276137666,1.2132337193458471,0.1398846372495336,0.3512909948825836,0.43010147809982296,0.3453084998074491,"{""type"":""Point"",""coordinates"":[-47.264544834871224,-3.96233490058674]}"
0000000000000000024f,0,0.2284994477727559,0.4639799117162098,0.8363149911669023,0.343895196493025,0.4444267749786377,0.6862845420837402,0.41653784862842747,0.0,-0.1275149972172538,0.3981461105518797,-0.1978804122813772,-0.038597443501111495,-0.04239253749442573,-0.11973308674483785,0.0,-0.0637574986086269,0.09953652763796993,-0.0989402061406886,-0.038597443501111495,-0.04239253749442573,-0.05986654337241892,0.2284994477727559,0.5914949089334636,0.4381688806150226,0.5417756087744022,0.4830242184797492,0.728677079578166,0.5362709353732653,"{""type"":""Point"",""coordinates"":[-48.06826658604747,-2.169655881373054]}"
0000000000000000017a,0,0.24741375325348838,0.18205440898941427,1.3850661252537328,0.05966263217589535,0.1754679664376163,0.2545022763073795,0.16861176001618286,0.0,-0.11428046683251597,0.4906606562332292,-0.07302682595589483,-0.12022000130886568,-0.1294034525560696,-0.11970317745178863,0.0,-0.03809348894417199,0.1226651640583073,-0.03651341297794741,-0.04007333376962189,-0.043134484185356536,-0.03990105915059621,0.24741375325348838,0.29633487582193024,0.8944054690205037,0.13268945813179017,0.295687967746482,0.3839057288634491,0.2883149374679715,"{""type"":""Point"",""coordinates"":[-47.26364409645843,-3.9625132646288783]}"
000000000000000001ae,0,0.25371746332871026,0.2549630189721903,1.298079256477314,0.12568506804062474,0.28276142126013837,0.4130957173459519,0.24450314491230557,0.0,-0.1350757184054972,0.5394699372646837,-0.19678439019828076,-0.07991531668010471,-0.14924783992628482,-0.11950397905893256,0.0,-0.04502523946849907,0.13486748431617093,-0.06559479673276025,-0.026638438893368237,-0.04974927997542827,-0.03983465968631086,0.25371746332871026,0.3900387373776875,0.7586093192126303,0.3224694582389055,0.3626767379402431,0.5623435572722367,0.36400712397123813,"{""type"":""Point"",""coordinates"":[-47.26355491443736,-3.962245718565671]}"
000000000000000001b9,0,0.24610950164726075,0.17837207981027703,1.4034684871413172,0.05435961926993038,0.15720227568028072,0.26249667209742217,0.17761983152722777,0.0,-0.1357155407206979,0.20118646263046425,-0.10724942713878716,-0.13074986821363715,-0.14168278499297177,-0.11949252801562232,0.0,-0.045238513573565974,0.20118646263046425,-0.05362471356939358,-0.04358328940454572,-0.04722759499765725,-0.03983084267187411,0.24610950164726075,0.31408762053097494,1.202282024510853,0.16160904640871754,0.2879521438939179,0.40417945709039393,0.2971123595428501,"{""type"":""Point"",""coordinates"":[-47.264005283643755,-3.9621565365446028]}"
000000000000000001f3,0,0.23837470928854892,0.2805768781220995,1.3405077513504193,0.15624054027501663,0.24651927616762304,0.3665200173854828,0.2538794797205155,0.0,-0.11506053698753455,0.5987762615767898,-0.19252297964039058,-0.14164908220606992,-0.14329998312893855,-0.11913508400406009,0.0,-0.038353512329178184,0.14969406539419744,-0.06417432654679686,-0.04721636073535664,-0.14329998312893855,-0.03971169466802003,0.23837470928854892,0.39563741510963407,0.7417314897736296,0.3487635199154072,0.38816835837369296,0.5098200005144213,0.3730145637245756,"{""type"":""Point"",""coordinates"":[-47.263916101622684,-3.9616169853171366]}"
00000000000000000182,0,0.24801891865141873,0.23465525791771724,1.5099827028844603,0.011750246398150921,0.2030296225607269,0.3519238677175741,0.22777620631819087,0.0,-0.1318196380369605,0.2897391476987585,-0.12038436158374083,-0.1345832984388001,-0.23715210889260963,-0.11877628059320974,0.0,-0.0439398793456535,0.2897391476987585,-0.12038436158374083,-0.044861099479600035,-0.0790507029642032,-0.03959209353106991,0.24801891865141873,0.36647489595467775,1.2202435551857018,0.13213460798189175,0.337612920999527,0.5890759766101837,0.3465524869114006,"{""type"":""Point"",""coordinates"":[-47.264544834871224,-3.962424082607809]}"
000000000000000000b1,0,0.21970227458184402,0.2552792290784753,1.0599356241151925,0.15618649005593838,0.2705026650428772,0.46473531554380126,0.2577654112221008,0.0,-0.13876806206934994,0.0,-0.13036829093432656,-0.06163967609405535,-0.09267236162981335,-0.11876601684536847,0.0,-0.046256020689783316,0.0,-0.04345609697810885,-0.030819838047027676,-0.046336180814906675,-0.03958867228178949,0.21970227458184402,0.3940472911478252,1.0599356241151925,0.28655478099026493,0.33214234113693253,0.5574076771736146,0.37653142806746925,"{""type"":""Point"",""coordinates"":[-51.911079741997646,-6.451654818279222]}"
000000000000000002ac,0,0.21970227458184402,0.2552792290784753,1.0599356241151925,0.15618649005593838,0.2705026650428772,0.46473531554380126,0.2577654112221008,0.0,-0.13876806206934994,0.0,-0.13036829093432656,-0.06163967609405535,-0.09267236162981335,-0.11876601684536847,0.0,-0.046256020689783316,0.0,-0.04345609697810885,-0.030819838047027676,-0.046336180814906675,-0.03958867228178949,0.21970227458184402,0.3940472911478252,1.0599356241151925,0.28655478099026493,0.33214234113693253,0.5574076771736146,0.37653142806746925,"{""type"":""Point"",""coordinates"":[-51.911079741997646,-6.451654818279222]}"
00000000000000000125,0,0.24912548275533072,0.17583647861967813,1.3132136125450986,0.0659190876102925,0.2554261287240781,0.3011846116187974,0.1862504061027397,0.0,-0.13045034138944608,0.47028288046376576,-0.10636021595504566,-0.10346875428624763,-0.18217932742236864,-0.11739238412709205,0.0,-0.03261258534736152,0.1567609601545886,-0.05318010797752283,-0.025867188571561908,-0.04554483185559216,-0.029348096031773012,0.24912548275533072,0.3062868200091242,0.8429307320813328,0.17227930356533816,0.35889488301032574,0.48336393904116604,0.30364279022983176,"{""type"":""Point"",""coordinates"":[-49.93424876747875,-6.382752788801376]}"
0000000000000000012f,0,0.27353235704406764,0.0985631194706658,0.984775413814093,0.0731237235626459,0.11775878856868527,0.10230626033166051,0.11010887327990165,0.0,-0.12272381503838768,0.0,-0.12501115620524883,-0.14232407917289952,-0.2663815004982651,-0.11697472690321342,0.0,-0.04090793834612923,0.0,-0.04167038540174961,-0.04744135972429984,-0.0887938334994217,-0.038991575634404474,0.27353235704406764,0.22128693450905348,0.984775413814093,0.19813487976789473,0.2600828677415848,0.3686877608299256,0.22708360018311508,"{""type"":""Point"",""coordinates"":[-47.72699820512409,-4.033569039915538]}"
000000000000000001e4,0,0.2551925155977429,0.2953246906577364,1.3502795146592388,0.1289950984067231,0.2887707227592731,0.4212738871574402,0.25190880512068364,0.0,-0.10231366003538905,0.2911049380547759,-0.23013018525547854,-0.0895315820550932,-0.1467114366130564,-0.11693688071567127,0.0,-0.10231366003538905,0.2911049380547759,-0.07671006175182618,-0.02984386068503107,-0.1467114366130564,-0.11693688071567127,0.2551925155977429,0.3976383506931255,1.059174576604463,0.35912528366220164,0.37830230481436633,0.5679853237704966,0.3688456858363549,"{""type"":""Point"",""coordinates"":[-47.26391610162269,-3.961795349359274]}"
0000000000000000011a,0,0.26889813656786765,0.3442228275158343,1.1961300629495863,0.14165130096581408,0.2837520575659003,0.53226696751249,0.3092030703846673,0.0,-0.08101191993587947,0.5581228287749695,-0.1924332041165499,-0.12013224593608013,-0.07499197651733736,-0.11665922708052517,0.0,-0.020252979983969868,0.18604094292498985,-0.048108301029137476,-0.060066122968040064,-0.01874799412933434,-0.05832961354026259,0.26889813656786765,0.42523474745171375,0.6380072341746168,0.334084505082364,0.4038843035019804,0.6072589440298274,0.4258622974651925,"{""type"":""Point"",""coordinates"":[-49.93415958545768,-6.383024793965636]}"
00000000000000000124,0,0.2488437085597178,0.1801230050435824,0.9564892674196133,0.05044668055318996,0.2504711946132756,0.25133868140624965,0.17258325705751898,0.0,-0.11321792010287271,0.0,-0.21657254238845425,-0.13908082834613333,-0.2024403119502038,-0.11652711010236683,0.0,-0.028304480025718178,0.0,-0.05414313559711356,-0.034770207086533333,-0.05061007798755095,-0.029131777525591707,0.2488437085597178,0.2933409251464551,0.9564892674196133,0.2670192229416442,0.38955202295940894,0.45377899335645344,0.2891103671598858,"{""type"":""Point"",""coordinates"":[-49.93433794949983,-6.382752788801377]}"
000000000000000001e1,0,0.25695180824993835,0.2514386555602279,1.3999668243365724,0.0859994739870873,0.20127537048171767,0.3645671712133144,0.244771251684287,0.0,-0.1326110489723345,0.2538527638291366,-0.19484048181964492,-0.12995233076039991,-0.1433024601924564,-0.11586377082926133,0.0,-0.04420368299077817,0.2538527638291366,-0.06494682727321498,-0.043317443586799974,-0.0477674867308188,-0.03862125694308711,0.25695180824993835,0.3840497045325624,1.1461140605074358,0.2808399558067322,0.3312277012421176,0.5078696314057708,0.36063502251354834,"{""type"":""Point"",""coordinates"":[-47.26418364768589,-3.961795349359274]}"
000000000000000001e8,0,0.2400336521507884,0.3808652347383505,1.2429929334008225,0.16596837123230998,0.2558551183505085,0.43573835442561426,0.25755857610413646,0.0,0.0,0.21275614030177525,-0.1827939268733794,-0.1570706876113625,-0.16407533998141122,-0.1144876355582134,0.0,0.0,0.21275614030177525,-0.06093130895779313,-0.05235689587045417,-0.05469177999380374,-0.03816254518607113,0.2400336521507884,0.3808652347383505,1.0302367930990473,0.3487622981056894,0.412925805961871,0.5998136944070255,0.37204621166234986,"{""type"":""Point"",""coordinates"":[-47.26418364768589,-3.961706167338204]}"
00000000000000000190,0,0.24883465357825857,0.2465685061230761,1.3521115314084977,0.06833179672503761,0.23010406894569113,0.3028222843721997,0.23763327712277432,0.0,-0.12701594012621478,0.5418648241713534,-0.21500037726639584,-0.08906665828114374,-0.2045695615730877,-0.11417877831092299,0.0,-0.04233864670873826,0.13546620604283835,-0.07166679242213195,-0.02968888609371458,-0.0681898538576959,-0.03805959277030766,0.24883465357825857,0.3735844462492909,0.8102467072371443,0.28333217399143346,0.31917072722683487,0.5073918459452874,0.3518120554336973,"{""type"":""Point"",""coordinates"":[-47.26319818635308,-3.962424082607809]}"
000000000000000000bb,0,0.28410223521837147,0.21738697943769697,1.5345103560832474,0.03638456648662425,0.24667559564113617,0.5569419047050634,0.2148437487801404,0.0,-0.10639211294595657,0.3796593000733983,-0.20431311245432415,-0.06810463521570448,0.0,-0.11391298369394082,0.0,-0.10639211294595657,0.1265531000244661,-0.04086262249086483,-0.06810463521570448,0.0,-0.11391298369394082,0.28410223521837147,0.32377909238365354,1.154851056009849,0.2406976789409484,0.31478023085684065,0.5569419047050634,0.3287567324740812,"{""type"":""Point"",""coordinates"":[-52.04052744557918,-6.335414972017994]}"
000000000000000001a0,0,0.24816866301576151,0.26972787456025177,1.4982922440470716,0.006648426477142533,0.14669476704938073,0.4172841991697039,0.2603760694653187,0.0,-0.12725760102446054,0.5000952141146655,-0.267497696600044,-0.17912859065192088,-0.17346020681517466,-0.11226592932061791,0.0,-0.04241920034148685,0.1666984047048885,-0.08916589886668135,-0.05970953021730696,-0.057820068938391554,-0.03742197644020597,0.24816866301576151,0.3969854755847123,0.9981970299324061,0.27414612307718655,0.3258233577013016,0.5907444059848785,0.3726419987859366,"{""type"":""Point"",""coordinates"":[-47.26328736837415,-3.96233490058674]}"
000000000000000001e3,0,0.24501869458179487,0.2975547689184841,1.3097835854674806,0.15353364072569448,0.3138589120008638,0.505239388971146,0.2596154686475857,0.0,-0.11528451130811923,0.31835816628332103,-0.22132026080809952,-0.08132379888513785,-0.14522872802752662,-0.11110108106649003,0.0,-0.11528451130811923,0.31835816628332103,-0.07377342026936651,-0.027107932961712617,-0.04840957600917554,-0.11110108106649003,0.24501869458179487,0.4128392802266033,0.9914254191841596,0.374853901533794,0.39518271088600165,0.6504681169986726,0.37071654971407575,"{""type"":""Point"",""coordinates"":[-47.264005283643755,-3.961795349359273]}"
000000000000000001eb,0,0.2429105946556557,0.24958402662229626,1.259440902403139,0.0768418237566948,0.24129573826872405,0.37556347250938416,0.23017902813299235,0.0,-0.10905642224535353,0.24295638169045253,-0.1860985606672111,-0.1577614065311955,-0.14093208454904105,-0.11050180074837757,0.0,-0.10905642224535353,0.24295638169045253,-0.1860985606672111,-0.0525871355103985,-0.14093208454904105,-0.11050180074837757,0.2429105946556557,0.3586404488676498,1.0164845207126865,0.2629403844239059,0.39905714479991955,0.5164955570584252,0.3406808288813699,"{""type"":""Point"",""coordinates"":[-47.263916101622684,-3.9617061673382037]}"
0000000000000000015e,0,0.24384604984549652,0.23993555734975935,1.4989859621569095,0.02438920914913839,0.23477543784647387,0.3492048055127236,0.2370961733937263,0.0,-0.12817901536967768,0.29357205760632255,-0.3216723266676316,-0.035528696641631885,-0.31772458849400553,-0.10918562293949957,0.0,-0.03204475384241942,0.29357205760632255,-0.0804180816669079,-0.017764348320815943,-0.07943114712350138,-0.027296405734874893,0.24384604984549652,0.36811457271943704,1.205413904550587,0.34606153581677,0.27030413448810575,0.6669293940067291,0.34628179633322587,"{""type"":""Point"",""coordinates"":[-47.26472319891335,-3.962602446649946]}"
000000000000000001ce,0,0.25273837951316497,0.19865205703082717,1.4522144401060193,0.045020778966211206,0.2168210913685663,0.2268853336572647,0.16550963532193116,0.0,-0.09523420434555835,0.45354766796591284,-0.10125378023359888,-0.050658083960642086,-0.17755416632384874,-0.10890269075074208,0.0,-0.047617102172779174,0.1511825559886376,-0.05062689011679944,-0.025329041980321043,-0.17755416632384874,-0.10890269075074208,0.25273837951316497,0.2938862613763855,0.9986667721401065,0.14627455919981008,0.2674791753292084,0.40443949998111345,0.27441232607267324,"{""type"":""Point"",""coordinates"":[-47.26427282970697,-3.961973713401412]}"
0000000000000000012e,0,0.2733436915133553,0.10942185119706216,0.9654235773452672,0.153254896402359,0.1445942224180845,0.1080503387110574,0.10726757230124265,0.0,-0.119781302178737,0.0,0.09400923852221127,-0.11932900387881723,-0.20635855666228708,-0.1084013095533421,0.0,-0.03992710072624567,0.0,0.09400923852221127,-0.03977633462627241,-0.0687861855540957,-0.03613376985111403,0.2733436915133553,0.22920315337579916,0.9654235773452672,0.05924565788014774,0.26392322629690174,0.3144088953733445,0.21566888185458474,"{""type"":""Point"",""coordinates"":[-47.72690902310303,-4.033569039915538]}"
0000000000000000010c,0,0.2596044218078664,0.22945160587064922,1.306496880969874,0.13884312639754834,0.28064000206615775,0.3989021156496846,0.22121429190048963,0.0,-0.11808809336188403,0.20153128679033872,-0.19026046266037402,-0.0335025476411796,-0.09676234345883505,-0.1082166296906032,0.0,-0.039362697787294676,0.20153128679033872,-0.038052092532074804,-0.0111675158803932,-0.03225411448627835,-0.036072209896867734,0.2596044218078664,0.34753969923253325,1.1049655941795353,0.32910358905792236,0.31414254970733735,0.49566445910851964,0.32943092159109283,"{""type"":""Point"",""coordinates"":[-49.93550623397582,-6.380420678950425]}"
000000000000000001a5,0,0.25151173973484486,0.19663152650264587,1.6110149309895068,-0.022692598402500153,0.20896064197850722,0.33853775368653943,0.18708382606622945,0.0,-0.12014969886461063,0.46581344500685073,-0.20167825989469235,-0.08540113413500289,-0.13227391137159666,-0.10776915869031864,0.0,-0.060074849432305316,0.46581344500685073,-0.20167825989469235,-0.042700567067501444,-0.06613695568579833,-0.10776915869031864,0.25151173973484486,0.3167812253672565,1.145201485982656,0.1789856614921922,0.2943617761135101,0.4708116650581361,0.2948529847565481,"{""type"":""Point"",""coordinates"":[-47.26436647082909,-3.962245718565671]}"
0000000000000000005a,0,0.20757238166361744,0.28198669073421484,1.3568329209743257,0.10958589827343357,0.2641693219183339,0.40744387988440994,0.27625770473914796,0.0,-0.13862601225893117,0.7844115079207196,-0.22540285274032112,-0.10126839432731732,-0.17951514183986222,-0.10774619257988499,0.0,-0.06931300612946559,0.26147050264023985,-0.11270142637016056,-0.05063419716365866,-0.08975757091993111,-0.053873096289942496,0.20757238166361744,0.420612702993146,0.5724214130536062,0.3349887510137547,0.36543771624565125,0.5869590217242722,0.38400389731903295,"{""type"":""Point"",""coordinates"":[-46.73840212427198,-1.112340594186288]}"
00000000000000000106,0,0.25493471972592585,0.2555758931597858,1.156381486676017,0.20439840791759167,0.27993665489393715,0.42315369844436646,0.23820556023588885,0.0,-0.10207628349610198,0.1373213839416394,-0.14326316341383566,-0.06118171659272664,-0.10183831141022492,-0.10667084997026949,0.0,-0.10207628349610198,0.1373213839416394,-0.047754387804611886,-0.03059085829636332,-0.10183831141022492,-0.10667084997026949,0.25493471972592585,0.3576521766558878,1.0190601027343775,0.34766157133142733,0.3411183714866638,0.5249920098545914,0.34487641020615833,"{""type"":""Point"",""coordinates"":[-47.264094465664826,-3.9614341621739437]}"
000000000000000001b4,0,0.26360568760223,0.19190437649562514,1.6019595915702163,-0.02942606620490551,0.19930948376655577,0.35088111041084113,0.18485805142493716,0.0,-0.09819496394420518,0.4034556108294671,-0.1762450605331986,-0.05994489431381228,-0.08141369940742677,-0.10562482495340236,0.0,-0.04909748197210259,0.4034556108294671,-0.1762450605331986,-0.02997244715690614,-0.04070684970371338,-0.10562482495340236,0.26360568760223,0.2900993404398303,1.1985039807407492,0.1468189943282931,0.25925437808036805,0.4322948098182679,0.2904828763783395,"{""type"":""Point"",""coordinates"":[-47.26445565285015,-3.962156536544602]}"
000000000000000000b3,0,0.23959269462662577,0.2327790491273398,0.9280500156600138,0.16884537599844096,0.2848060727119446,0.39734144568443297,0.23649365267102218,0.0,-0.1386926433908963,0.0,-0.12439525481882863,-0.05143427848815918,-0.1042284035682679,-0.1054188772679246,0.0,-0.046230881130298766,0.0,-0.04146508493960954,-0.02571713924407959,-0.05211420178413395,-0.03513962575597487,0.23959269462662577,0.3714716925182361,0.9280500156600138,0.2932406308172696,0.33624035120010376,0.5015698492527009,0.3419125299389468,"{""type"":""Point"",""coordinates"":[-51.91116892401871,-6.451654818279223]}"
000000000000000001a7,0,0.253025847958125,0.22020490459815173,1.7128458242845133,-0.06151134520769119,0.11988648570744119,0.40041973503432404,0.2137837846477308,0.0,-0.12190965065455717,0.5243363667379999,-0.2209477465119295,-0.11365110479625144,-0.06746237961449492,-0.10518656221619421,0.0,-0.06095482532727858,0.5243363667379999,-0.2209477465119295,-0.05682555239812572,-0.03373118980724746,-0.052593281108097106,0.253025847958125,0.3421145552527089,1.1885094575465134,0.1594364013042383,0.23353759050369263,0.46788211464881896,0.318970346863925,"{""type"":""Point"",""coordinates"":[-47.26418364768589,-3.962245718565671]}"
000000000000000001fa,0,0.22384343642600604,0.40774371677276583,1.15821500464586,0.1941919732950496,0.2524595669741093,0.4444931142399221,0.2705025535618966,0.0,0.0,0.4464577629063281,-0.15872609522968634,-0.14043588123374595,-0.17855284681789163,-0.10505303418825368,0.0,0.0,0.11161444072658203,-0.05290869840989545,-0.04681196041124865,-0.05951761560596388,-0.035017678062751224,0.22384343642600604,0.40774371677276583,0.7117572417395318,0.35291806852473595,0.39289544820785527,0.6230459610578137,0.3755555877501503,"{""type"":""Point"",""coordinates"":[-47.263916101622684,-3.961523344195014]}"
0000000000000000009a,0,0.259896649785744,0.2326993525282597,1.3015918090875123,0.08312453643830052,0.19610397233148444,0.34724404703096173,0.20975613008235847,0.0,-0.1090363878644339,0.6111330992116407,-0.11374650408937999,-0.11272056935916544,-0.14046554471046263,-0.1042814900094626,0.0,-0.05451819393221695,0.20371103307054692,-0.056873252044689994,-0.05636028467958272,-0.07023277235523132,-0.0521407450047313,0.259896649785744,0.3417357403926936,0.6904587098758715,0.1968710405276805,0.3088245416906499,0.48770959174142436,0.31403762009182107,"{""type"":""Point"",""coordinates"":[-46.67597025042269,-1.0742509529877537]}"
0000000000000000005c,0,0.23860483699039706,0.4158452228853333,0.8157405827943793,0.33137622475624084,0.40490457028695515,0.5324326753616333,0.36615776709573067,0.0,-0.11271298964972887,0.19834380355382597,-0.12371949585231884,-0.06814254213821325,-0.14397871159771392,-0.10254038005629473,0.0,-0.11271298964972887,0.04958595088845649,-0.12371949585231884,-0.01703563553455331,-0.14397871159771392,-0.10254038005629473,0.23860483699039706,0.5285582125350622,0.6173967792405534,0.4550957206085597,0.4730471124251684,0.6764113869593472,0.4686981471520254,"{""type"":""Point"",""coordinates"":[-46.73821930112879,-1.1135980606833598]}"
000000000000000001b7,0,0.24717426056785868,0.19631720947845274,1.6143525219464476,-0.015499073080718517,0.12163330746872833,0.26296958327293396,0.20016590263557468,0.0,-0.09386329294279325,0.36272712313186206,-0.14432225942397786,-0.19633288251177858,-0.13815821150633723,-0.10242903539777284,0.0,-0.046931646471396624,0.36272712313186206,-0.14432225942397786,-0.06544429417059286,-0.13815821150633723,-0.05121451769888642,0.24717426056785868,0.290180502421246,1.2516253988145856,0.12882318634325934,0.3179661899805069,0.4011277947792712,0.3025949380333475,"{""type"":""Point"",""coordinates"":[-47.2641836476859,-3.9621565365446028]}"
000000000000000000fd,0,0.22981335867820252,0.3022247956042276,1.1651601681759989,0.16289061278173103,0.3051011562347412,0.4472387126652092,0.26793081551516784,0.0,-0.2500839581520244,0.41985724545535485,-0.08410861819914214,-0.1635795573791407,-0.15863780463062827,-0.10189978256619531,0.0,-0.2500839581520244,0.41985724545535485,-0.04205430909957107,-0.1635795573791407,-0.07931890231531413,-0.050949891283097654,0.22981335867820252,0.552308753756252,0.745302922720644,0.24699923098087317,0.4686807136138819,0.6058765172958375,0.36983059808136315,"{""type"":""Point"",""coordinates"":[-47.665373428565466,-4.018929811157077]}"
000000000000000001c1,0,0.2577060950202236,0.2073411433709105,1.5481781376518218,-0.03666146472096443,0.18563587546348573,0.31901681423187256,0.20257220428476228,0.0,-0.11390857935424623,0.4757656359742366,-0.23101322317513134,-0.11216091632843014,-0.08814805178415214,-0.10144561679222633,0.0,-0.05695428967712311,0.4757656359742366,-0.23101322317513134,-0.05608045816421507,-0.08814805178415214,-0.050722808396113164,0.2577060950202236,0.32124972272515673,1.0724125016775852,0.1943517584541669,0.29779679179191587,0.4071648660160247,0.3040178210769886,"{""type"":""Point"",""coordinates"":[-47.264455652850145,-3.9620628954224792]}"
00000000000000000108,0,0.2389976216682061,0.25521797677158725,1.2887949260042284,0.07377979904413223,0.22006745636463165,0.37889400124549866,0.2255278310940499,0.0,-0.08651923755481572,0.27396495167884605,-0.1909437328068635,-0.09898672742202452,-0.16238085529858548,-0.10124423596332649,0.0,-0.08651923755481572,0.27396495167884605,-0.1909437328068635,-0.09898672742202452,-0.16238085529858548,-0.10124423596332649,0.2389976216682061,0.34173721432640297,1.0148299743253824,0.26472353185099573,0.3190541837866562,0.5412748565440841,0.3267720670573764,"{""type"":""Point"",""coordinates"":[-47.263737737580556,-3.9616169853171366]}"
000000000000000001c2,0,0.27210490481293603,0.2212334121058213,1.5815216451280427,-0.02590930089354515,0.16598737213970138,0.3786876770304861,0.21338360264414022,0.0,-0.10026790017496842,0.4735812448646137,-0.2207307716362414,-0.0859441372358708,-0.0919322875691232,-0.10050761494332602,0.0,-0.05013395008748421,0.4735812448646137,-0.2207307716362414,-0.0429720686179354,-0.0459661437845616,-0.05025380747166301,0.27210490481293603,0.3215013122807897,1.107940400263429,0.19482147074269626,0.2519315093755722,0.4706199645996093,0.31389121758746624,"{""type"":""Point"",""coordinates"":[-47.26436647082909,-3.9620628954224792]}"
000000000000000001c0,0,0.2607136582910064,0.1954745364127736,1.6026826789389235,-0.05067499727010727,0.16332373023033142,0.2634783387184143,0.18155545607752266,0.0,-0.08341800424859994,0.515326817389536,-0.2582928215575826,-0.11290705097091724,-0.15031734883900838,-0.10035582519606628,0.0,-0.04170900212429997,0.515326817389536,-0.2582928215575826,-0.11290705097091724,-0.15031734883900838,-0.10035582519606628,0.2607136582910064,0.27889254066137353,1.0873558615493875,0.20761782428747533,0.27623078120124867,0.4137956875574227,0.28191128127358894,"{""type"":""Point"",""coordinates"":[-47.264544834871224,-3.9620628954224792]}"
000000000000000001d7,0,0.24353558439523829,0.20295550931639827,1.5991549689350557,-0.015425782550530773,0.159343080776333,0.3321172882539563,0.1830205778034718,0.0,-0.08245513027939494,0.5128415119357719,-0.0950676939379743,-0.04508603308856565,-0.09379899010831783,-0.09993527571714333,0.0,-0.04122756513969747,0.1709471706452573,-0.04753384696898715,-0.022543016544282826,-0.04689949505415891,-0.09993527571714333,0.24353558439523829,0.2854106395957932,1.0863134569992838,0.07964191138744353,0.20442911386489865,0.42591627836227414,0.28295585352061514,"{""type"":""Point"",""coordinates"":[-47.26436647082909,-3.961884531380343]}"
000000000000000001f2,0,0.25400601470390355,0.3950995301243957,1.2237762237762237,0.1008468046784401,0.2478184998035431,0.4478232270303695,0.25593542260208924,0.0,0.0,0.2881797285394383,-0.206246318086591,-0.0953203071930005,-0.16703688444462128,-0.09974864715907705,0.0,0.0,0.2881797285394383,-0.206246318086591,-0.0953203071930005,-0.055678961481540425,-0.09974864715907705,0.25400601470390355,0.3950995301243957,0.9355964952367855,0.3070931227650311,0.3431388069965436,0.6148601114749908,0.3556840697611663,"{""type"":""Point"",""coordinates"":[-47.26400528364376,-3.9616169853171366]}"
000000000000000002ce,0,0.21731424122422746,0.40096922938337315,0.9020957640224914,0.3297347174995195,0.35719949480543955,0.578599472605649,0.35209572757523716,0.0,-0.12129674850717281,0.2765561223678602,-0.10616178940603627,-0.07147505405892507,-0.11224223200136085,-0.09939295877602167,0.0,-0.030324187126793203,0.06913903059196505,-0.035387263135345425,-0.017868763514731267,-0.028060558000340213,-0.024848239694005417,0.21731424122422746,0.522265977890546,0.6255396416546312,0.43589650690555576,0.4286745488643646,0.6908417046070099,0.45148868635125883,"{""type"":""Point"",""coordinates"":[-46.73821930112879,-1.1138656067465669]}"
00000000000000000196,0,0.24201861851382991,0.22556235519937504,1.6506094022054554,-0.05081944540143013,0.18820940570337047,0.3362831771373749,0.23051190239377545,0.0,-0.10224583122493394,0.479809109930845,-0.21061074518907807,-0.17254494080894422,-0.12938735500068177,-0.0988727409210775,0.0,-0.05112291561246697,0.479809109930845,-0.21061074518907807,-0.057514980269648075,-0.12938735500068177,-0.04943637046053875,0.24201861851382991,0.327808186424309,1.1708002922746104,0.15979129978764794,0.3607543465123147,0.46567053213805665,0.32938464331485295,"{""type"":""Point"",""coordinates"":[-47.26427282970696,-3.96233490058674]}"
000000000000000001f4,0,0.2399179977303214,0.23890175407086314,1.386231503318337,0.05673032999038696,0.22249677777290344,0.35725119709968567,0.2187707100860587,0.0,-0.10378441619154186,0.382687442877067,-0.2122538085211682,-0.10444541625182868,-0.1549527873792501,-0.09827684395222419,0.0,-0.10378441619154186,0.382687442877067,-0.2122538085211682,-0.10444541625182868,-0.1549527873792501,-0.09827684395222419,0.2399179977303214,0.342686170262405,1.00354406044127,0.26898413851155517,0.3269421940247321,0.5122039844789358,0.3170475540382829,"{""type"":""Point"",""coordinates"":[-47.26382691960161,-3.9616169853171366]}"
000000000000000001c4,0,0.25343380067218196,0.16554923474151112,1.4861512835325488,-0.01500486209988594,0.12961715263532425,0.2321340166648902,0.15841014588326674,0.0,-0.09583702592389676,0.19064932798620116,-0.1079753797785617,-0.14220246658581331,-0.2566297525246341,-0.0973541910997946,0.0,-0.04791851296194838,0.19064932798620116,-0.1079753797785617,-0.04740082219527111,-0.0855432508415447,-0.0486770955498973,0.25343380067218196,0.2613862606654079,1.2955019555463476,0.09297051767867576,0.27181961922113757,0.4887637691895243,0.25576433698306134,"{""type"":""Point"",""coordinates"":[-47.2641836476859,-3.9620628954224792]}"
000000000000000001c3,0,0.2547771059523846,0.2013117091806635,1.5484808454425365,-0.05114063620567322,0.1654527193246442,0.27750975017752505,0.20200126814440994,0.0,-0.10313636003594134,0.3836260946622265,-0.23317576743443194,-0.08924370647091098,-0.1452877330282703,-0.09718333082520891,0.0,-0.05156818001797067,0.3836260946622265,-0.23317576743443194,-0.04462185323545549,-0.07264386651413515,-0.04859166541260446,0.2547771059523846,0.30444806921660483,1.16485475078031,0.18203513122875872,0.2546964257955552,0.42279748320579535,0.29918459896961885,"{""type"":""Point"",""coordinates"":[-47.26427282970696,-3.96206289542248]}"
000000000000000000e5,0,0.2517012059238867,0.5053149315956149,0.7021592181455356,0.4619801342487335,0.4509919285774231,0.6778886318206787,0.44883243922457505,0.0,-0.10811415251110867,0.1973617109886625,-0.18511011726118798,-0.0969420643079848,-0.15124250367100278,-0.09597424440067426,0.0,-0.10811415251110867,0.1973617109886625,-0.18511011726118798,-0.0969420643079848,-0.15124250367100278,-0.09597424440067426,0.2517012059238867,0.6134290841067236,0.5047975071568731,0.6470902515099215,0.5479339928854079,0.8291311354916815,0.5448066836252493,"{""type"":""Point"",""coordinates"":[-47.37997758384177,-2.3061088327095516]}"
0000000000000000005e,0,0.22517731990961454,0.3968512428918573,0.856643644911684,0.37261232849879533,0.370216965675354,0.5801606178283691,0.32932858247482716,0.0,-0.1748999000624893,0.3166548822308477,-0.1393323387211871,-0.1072255348943813,-0.17869505569126776,-0.09512775068217488,0.0,-0.1748999000624893,0.10555162741028257,-0.06966616936059356,-0.1072255348943813,-0.17869505569126776,-0.04756387534108744,0.22517731990961454,0.5717511429543466,0.5399887626808363,0.5119446672199824,0.4774425005697353,0.7588556735196369,0.42445633315700204,"{""type"":""Point"",""coordinates"":[-46.737684209002374,-1.1126973222705638]}"
00000000000000000275,0,0.2417464151793654,0.43206685620746116,0.8062185929648242,0.3684544563293457,0.4072580686168003,0.6203821897506714,0.3746312684365782,0.0,-0.1021397970389793,0.20407385923450128,-0.2058697575375117,-0.04603972524840355,-0.14847445229427036,-0.09434945546796586,0.0,-0.1021397970389793,0.20407385923450128,-0.2058697575375117,-0.00920794504968071,-0.14847445229427036,-0.09434945546796586,0.2417464151793654,0.5342066532464405,0.602144733730323,0.5743242138668574,0.45329779386520386,0.7688566420449418,0.46898072390454404,"{""type"":""Point"",""coordinates"":[-47.98283912806555,-2.211607104083873]}"
000000000000000001a8,0,0.24739371809792163,0.18628684341073104,1.5660703383044459,-0.015218122862279415,0.1477413795119334,0.2964538569808104,0.18213552265369226,0.0,-0.0894412892654069,0.3569740713705376,-0.16152474085674973,-0.08876243613900667,-0.090139806711664,-0.09389285807427722,0.0,-0.04472064463270345,0.3569740713705376,-0.16152474085674973,-0.044381218069503334,-0.045069903355832,-0.04694642903713861,0.24739371809792163,0.27572813267613794,1.2090962669339083,0.1463066179944703,0.23650381565094006,0.3865936636924744,0.2760283807279695,"{""type"":""Point"",""coordinates"":[-47.264094465664826,-3.962245718565671]}"
000000000000000001c6,0,0.24904993956660973,0.23116242475692064,1.3909609896945703,0.06544697742996725,0.22474208696417458,0.3649454898557498,0.21316418488482702,0.0,-0.1673733427947209,0.4830165643842814,-0.2574763175619493,-0.1195066955507198,-0.18393087971742428,-0.09364627038742213,0.0,-0.05579111426490697,0.16100552146142713,-0.08582543918731643,-0.039835565183573264,-0.061310293239141424,-0.09364627038742213,0.24904993956660973,0.39853576755164155,0.9079444253102888,0.3229232949919165,0.3442487825148944,0.5488763695731741,0.30681045527224915,"{""type"":""Point"",""coordinates"":[-47.264005283643755,-3.9620628954224792]}"
00000000000000000197,0,0.25583056134285204,0.2229764564358137,1.6254970910122806,-0.044013120234012604,0.20581575234721164,0.3360659799713443,0.21665250637213251,0.0,-0.09410798448071367,0.42459519234543963,-0.19971869211832033,-0.13686570326497097,-0.10229968808705114,-0.09299317454515077,0.0,-0.09410798448071367,0.42459519234543963,-0.19971869211832033,-0.04562190108832365,-0.05114984404352557,-0.09299317454515077,0.25583056134285204,0.3170844409165274,1.200901898666841,0.15570557188430773,0.3426814556121826,0.43836566805839544,0.3096456809172833,"{""type"":""Point"",""coordinates"":[-47.2641836476859,-3.96233490058674]}"
000000000000000001d6,0,0.25708977861620164,0.25789186231618133,1.2941502421572966,0.10766126960515976,0.27785840160833014,0.4892967939376831,0.26301022271729013,0.0,-0.12744269986458,0.19447291147289913,-0.12391911558834376,-0.08633203682961105,-0.06881034263565744,-0.09299005576015867,0.0,-0.12744269986458,0.19447291147289913,-0.12391911558834376,-0.028777345609870348,-0.06881034263565744,-0.09299005576015867,0.25708977861620164,0.38533456218076134,1.0996773306843974,0.23158038519350352,0.3641904384379412,0.5581071365733405,0.3560002784774488,"{""type"":""Point"",""coordinates"":[-47.26355491443736,-3.961973713401412]}"
000000000000000001db,0,0.2561392944969322,0.2988879948473124,1.3299890002932373,0.14154579883018714,0.30941328448908667,0.49178259491860166,0.25587950780434515,0.0,-0.13357854846457057,0.311118396377962,-0.24847856259943935,-0.09723313706261777,-0.10181538939536317,-0.09224621088053714,0.0,-0.04452618282152352,0.311118396377962,-0.08282618753314645,-0.032411045687539254,-0.03393846313178772,-0.09224621088053714,0.2561392944969322,0.43246654331188294,1.0188706039152753,0.3900243614296265,0.40664642155170444,0.5935979843139648,0.3481257186848823,"{""type"":""Point"",""coordinates"":[-47.264005283643755,-3.961884531380343]}"
000000000000000000ff,0,0.2333898513947531,0.3374275488254629,1.1834097347100059,0.1788159129916333,0.29682348297921335,0.4328347658417752,0.2979994512231502,0.0,-0.1536295737943259,0.5664872497278004,-0.14499765953434474,-0.10695939136656613,-0.19373960218255565,-0.0920272092416029,0.0,-0.1536295737943259,0.18882908324260014,-0.07249882976717237,-0.05347969568328306,-0.09686980109127782,-0.04601360462080145,0.2333898513947531,0.4910571226197888,0.6169224849822055,0.32381357252597803,0.4037828743457795,0.6265743680243309,0.3900266604647531,"{""type"":""Point"",""coordinates"":[-47.66546261058654,-4.019197357220282]}"
000000000000000002a1,0,0.22701282560637004,0.26997843564950924,0.81168417228554,0.11701383266176973,0.2607064160312224,0.45064165781376825,0.25177092657496036,0.0,-0.09909347513900296,0.0,-0.13790790299617078,-0.09970282756983723,-0.1006763821579178,-0.09171352036430758,0.0,-0.04954673756950148,0.0,-0.06895395149808539,-0.04985141378491861,-0.0503381910789589,-0.04585676018215379,0.22701282560637004,0.3690719107885122,0.81168417228554,0.2549217356579405,0.36040924360105964,0.551318039971686,0.34348444693926794,"{""type"":""Point"",""coordinates"":[-48.40827750047377,-2.4774185769808352]}"
00000000000000000199,0,0.2589325968172812,0.19758514586881315,1.5015479876160993,0.03754682093858719,0.13051365315914154,0.31380953582890364,0.19203680075080268,0.0,-0.09239551972497162,0.23367061976872439,-0.08418850855959989,-0.06582477146614732,-0.0703108748518671,-0.0914122958592091,0.0,-0.04619775986248581,0.23367061976872439,-0.08418850855959989,-0.06582477146614732,-0.03515543742593355,-0.04570614792960455,0.2589325968172812,0.28998066559378477,1.267877367847375,0.12173532949818708,0.19633842462528886,0.38412041068077074,0.2834490966100118,"{""type"":""Point"",""coordinates"":[-47.26400528364376,-3.96233490058674]}"
00000000000000000151,0,0.24011812086195666,0.21322041552137055,1.2240718764447547,0.1206052154302597,0.17044597864151,0.388374924659729,0.20670990793091837,0.0,-0.09584963716342432,0.21823837554042114,-0.11826744204903461,-0.10467173895366122,-0.08948902379025098,-0.09116236567744257,0.0,-0.09584963716342432,0.21823837554042114,-0.11826744204903461,-0.10467173895366122,-0.08948902379025098,-0.09116236567744257,0.24011812086195666,0.30907005268479487,1.0058335009043335,0.23887265747929431,0.27511771759517123,0.47786394844998,0.29787227360836094,"{""type"":""Point"",""coordinates"":[-47.71621609877687,-3.971855081335846]}"
00000000000000000198,0,0.2590197018463136,0.20548876258075474,1.6277071024400636,-0.01755538210272789,0.18957127482955988,0.38663435661529644,0.20636097748841645,0.0,-0.10587995811140019,0.38352740768093097,-0.15980031764926594,-0.1457563488968726,-0.08200467741752526,-0.0906569465868878,0.0,-0.052939979055700095,0.38352740768093097,-0.15980031764926594,-0.04858544963229087,-0.04100233870876263,-0.0453284732934439,0.2590197018463136,0.31136872069215493,1.2441796947591326,0.14224493554653805,0.3353276237264325,0.4686390340328217,0.29701792407530425,"{""type"":""Point"",""coordinates"":[-47.264094465664826,-3.96233490058674]}"
000000000000000001e5,0,0.2447208183028849,0.27773951185603063,1.3948572307153424,0.10003566474569292,0.261520375292613,0.42656994744358473,0.25419121363703856,0.0,-0.08483458555979978,0.2629873247190342,-0.20383640991686736,-0.09318511095547144,-0.15369591334683913,-0.08944476288716474,0.0,-0.028278195186599926,0.2629873247190342,-0.06794546997228912,-0.031061703651823813,-0.05123197111561304,-0.029814920962388247,0.2447208183028849,0.3625740974158304,1.1318699059963082,0.3038720746625603,0.35470548624808446,0.5802658607904239,0.3436359765242033,"{""type"":""Point"",""coordinates"":[-47.26382691960162,-3.961795349359273]}"
000000000000000000e4,0,0.2666716065582569,0.4961539054141959,0.7671254060808967,0.4173223078250885,0.43692755699157715,0.6768941879272461,0.44828903054478175,0.0,-0.11627748407445448,0.2928070381774216,-0.24328309426236072,-0.10342683186709567,-0.13910460581475625,-0.08924126648897934,0.0,-0.11627748407445448,0.2928070381774216,-0.24328309426236072,-0.10342683186709567,-0.13910460581475625,-0.08924126648897934,0.2666716065582569,0.6124313894886504,0.47431836790347515,0.6606054020874492,0.5403543888586728,0.8159987937420023,0.5375302970337611,"{""type"":""Point"",""coordinates"":[-47.380155947883914,-2.3062916558527427]}"
00000000000000000100,0,0.23870863941294632,0.3496339489940531,1.250213338682658,0.1596340843120214,0.305886737274366,0.5002287420281133,0.3114015502312438,0.0,-0.08917103969265833,0.7061235037761341,-0.205335261615217,-0.11097141726092752,-0.13888477954781453,-0.0888480864465096,0.0,-0.044585519846329164,0.23537450125871137,-0.1026676308076085,-0.05548570863046376,-0.06944238977390726,-0.0444240432232548,0.23870863941294632,0.4388049886867114,0.5440898349065239,0.3649693459272384,0.4168581545352935,0.6391135215759278,0.4002496366777534,"{""type"":""Point"",""coordinates"":[-47.665730156649744,-4.019197357220282]}"
00000000000000000188,0,0.2469305571142104,0.23126847081762442,1.6188095663965985,0.004791658269079249,0.11122129642619644,0.4958877134850882,0.22485463713043466,0.0,-0.0880737730014104,0.5203441239709268,-0.09324910725483125,-0.1419438965475282,0.0,-0.08826706585742153,0.0,-0.0440368865007052,0.17344804132364225,-0.046624553627415626,-0.0473146321825094,0.0,-0.044133532928710764,0.2469305571142104,0.3193422438190348,1.0984654424256717,0.0980407655239105,0.25316519297372464,0.4958877134850882,0.3131217029878562,"{""type"":""Point"",""coordinates"":[-47.264005283643755,-3.962424082607809]}"
00000000000000000260,0,0.2745951128825381,0.24368859681958652,1.3694668039658535,0.027204710990190506,0.2078799307346344,0.5091267611299243,0.2314239744877262,0.0,-0.06891712336415709,0.36299479858258965,-0.18177109288330706,-0.06549761490981598,0.0,-0.08820712453395277,0.0,-0.06891712336415709,0.18149739929129483,-0.18177109288330706,-0.06549761490981598,0.0,-0.044103562266976384,0.2745951128825381,0.3126057201837436,1.0064720053832639,0.20897580387349757,0.2733775456444504,0.5091267611299243,0.31963109902167897,"{""type"":""Point"",""coordinates"":[-50.051478534173846,-9.182082789032577]}"
00000000000000000187,0,0.22999557706259283,0.21102849584119365,1.6069593044695063,-0.010191326029598713,0.2216598382979903,0.34281314469507695,0.20660487621151175,0.0,-0.08724831879252593,0.3516359073603801,-0.15164985388163765,-0.03283115436336498,-0.09258877776929375,-0.08766680455541076,0.0,-0.04362415939626296,0.3516359073603801,-0.15164985388163765,-0.01641557718168249,-0.046294388884646875,-0.04383340227770538,0.22999557706259283,0.2982768146337196,1.2553233971091262,0.14145852785203894,0.2544909926613553,0.4354019224643707,0.2942716807669225,"{""type"":""Point"",""coordinates"":[-47.264094465664826,-3.96242408260781]}"
000000000000000000e8,0,0.2674846488460351,0.49765409173046393,0.7118856843438202,0.464159220457077,0.4193432927131653,0.6746803522109985,0.44984634109619726,0.0,-0.10577921666806156,0.20634634301464694,-0.1651879370803676,-0.09955008495827777,-0.13982863189897377,-0.08763212766453854,0.0,-0.10577921666806156,0.20634634301464694,-0.1651879370803676,-0.09955008495827777,-0.13982863189897377,-0.08763212766453854,0.2674846488460351,0.6034333083985255,0.5055393413291732,0.6293471575374446,0.5188933776714431,0.8145089841099723,0.5374784687607358,"{""type"":""Point"",""coordinates"":[-47.38024512990498,-2.3061088327095516]}"
0000000000000000011f,0,0.2587695150764728,0.29852383777651137,1.22375402678497,0.11939250397092366,0.29328054183675006,0.41977858008148905,0.283899073626147,0.0,-0.09163043300413881,0.5719188686579252,-0.207730586935101,-0.05152595079224376,-0.126901616794995,-0.08752530889289328,0.0,-0.045815216502069406,0.19063962288597505,-0.1038652934675505,-0.02576297539612188,-0.0634508083974975,-0.04376265444644664,0.2587695150764728,0.3901542707806502,0.6518351581270448,0.32712309090602465,0.3448064926289938,0.5466801968764841,0.3714243825190403,"{""type"":""Point"",""coordinates"":[-49.934065944335565,-6.382935611944568]}"
00000000000000000110,0,0.252128157501225,0.30420791688801463,0.9228795257946293,0.16410723137816718,0.2809544942730879,0.46623294552072536,0.29641933864584197,0.0,-0.10456797254429195,0.0,-0.12461175041304828,-0.08939128063493046,-0.11033067349835812,-0.08683335749698379,0.0,-0.02614199313607299,0.0,-0.03115293760326207,-0.04469564031746523,-0.05516533674917906,-0.021708339374245947,0.252128157501225,0.4087758894323066,0.9228795257946293,0.28871898179121547,0.37034577490801834,0.5765636190190835,0.38325269614282576,"{""type"":""Point"",""coordinates"":[-49.934248767478756,-6.3832923400288415]}"
00000000000000000186,0,0.22646075578171435,0.19783582155147622,1.6575262543757294,-0.05395336076617241,0.1820187831378371,0.31947346791521153,0.20140315721383084,0.0,-0.09125694204887275,0.40171637786187975,-0.1934535973085798,-0.16856448675598562,-0.08985214367612754,-0.08658591230552987,0.0,-0.04562847102443637,0.40171637786187975,-0.1934535973085798,-0.05618816225199521,-0.04492607183806377,-0.04329295615276493,0.22646075578171435,0.28909276360034897,1.2558098765138497,0.1395002365424074,0.3505832698938227,0.40932561159133907,0.2879890695193607,"{""type"":""Point"",""coordinates"":[-47.2641836476859,-3.962424082607809]}"
000000000000000002a2,0,0.24224467010301085,0.3001062125631088,0.883866995316441,0.1645662661691511,0.28605823056174423,0.4656886594866271,0.27206661526017034,0.0,-0.08492667352552541,0.0,-0.035644455969331024,-0.042228738291674395,-0.09290114797678295,-0.08634318604126318,0.0,-0.042463336762762705,0.0,-0.017822227984665512,-0.021114369145837197,-0.046450573988391475,-0.04317159302063159,0.24224467010301085,0.38503288608863423,0.883866995316441,0.20021072213848212,0.3282869688534186,0.55858980746341,0.3584098013014335,"{""type"":""Point"",""coordinates"":[-48.4083711415959,-2.4775077590019046]}"
0000000000000000011b,0,0.26475019778623365,0.3218179662092244,1.13421569188512,0.16881476451506955,0.3248410818436187,0.47532283627110894,0.31102058459032333,0.0,-0.10436523135323184,0.5089763765135417,-0.25533937754924646,-0.05487494603806753,-0.13215843658934978,-0.08600838003321881,0.0,-0.05218261567661592,0.16965879217118054,-0.12766968877462323,-0.027437473019033765,-0.06607921829467489,-0.043004190016609406,0.26475019778623365,0.42618319756245626,0.6252393153715784,0.424154142064316,0.37971602788168624,0.6074812728604587,0.39702896462354215,"{""type"":""Point"",""coordinates"":[-49.934065944335565,-6.383024793965637]}"
000000000000000001a1,0,0.24674855038218732,0.21610194378903388,1.5178313659174028,-0.008879303932189941,0.1732063446709046,0.33985239318513694,0.19943088437572667,0.0,-0.07123521395017077,0.40265270775869144,-0.18771834101775814,-0.15777511734908237,-0.0760190660605447,-0.08540412791563376,0.0,-0.035617606975085384,0.40265270775869144,-0.18771834101775814,-0.05259170578302746,-0.03800953303027235,-0.08540412791563376,0.24674855038218732,0.28733715773920465,1.1151786581587113,0.1788390370855682,0.33098146201998696,0.41587145924568164,0.28483501229136043,"{""type"":""Point"",""coordinates"":[-47.26472319891336,-3.962245718565671]}"
000000000000000000be,0,0.2542309944130394,0.33004236485732014,1.0647855256352392,0.28173136636712287,0.3412376743462487,0.592849846112441,0.3307431717654514,0.0,-0.07473663023578286,0.13714306144965127,-0.07390352389136695,-0.030908084041715078,-0.07953925447055465,-0.085321891563015,0.0,-0.07473663023578286,0.045714353816550424,-0.01478070477827339,-0.015454042020857539,-0.015907850894110932,-0.017064378312603,0.2542309944130394,0.404778995093103,0.9276424641855879,0.3556348902584898,0.37214575838796377,0.6723891005829956,0.41606506332846643,"{""type"":""Point"",""coordinates"":[-52.04025989951597,-6.335504154039065]}"
000000000000000001b3,0,0.2658882640166451,0.1973802890861566,1.6513409961685825,-0.06257770210504532,0.18266573898739596,0.3018093769478426,0.20046724205300487,0.0,-0.0714973811248931,0.46813329890436717,-0.21645859846531773,-0.14170940465979798,-0.1314339251949635,-0.08524278626893017,0.0,-0.03574869056244655,0.46813329890436717,-0.21645859846531773,-0.04723646821993266,-0.06571696259748175,-0.042621393134465085,0.2658882640166451,0.2688776702110497,1.1832076972642154,0.1538808963602724,0.32437514364719394,0.4332433021428061,0.28571002832193504,"{""type"":""Point"",""coordinates"":[-47.264544834871224,-3.9621565365446028]}"
00000000000000000122,0,0.23507059197251545,0.283676011541486,1.3461519190220188,0.010366917046855328,0.24432703813135942,0.4418791162424508,0.27287433235511294,0.0,-0.10369377320487111,0.6079051043660876,-0.2087897336903189,-0.08985227583525651,-0.06893743726771373,-0.0851014115665722,0.0,-0.051846886602435555,0.20263503478869585,-0.10439486684515945,-0.044926137917628256,-0.034468718633856865,-0.0425507057832861,0.23507059197251545,0.3873697847463571,0.7382468146559312,0.21915665073717422,0.33417931396661593,0.5108165535101645,0.35797574392168513,"{""type"":""Point"",""coordinates"":[-49.93415958545767,-6.382846429923498]}"
000000000000000001dd,0,0.24137072704383383,0.29782472169452034,1.3740702813256807,0.09827201068401337,0.3064225302650797,0.5309073175541688,0.27911237251393306,0.0,-0.10640157745062695,0.3814022286931479,-0.18558111322299475,-0.07889196463025439,-0.0814493543326893,-0.08398000796273253,0.0,-0.10640157745062695,0.3814022286931479,-0.18558111322299475,-0.02629732154341813,-0.027149784777563097,-0.08398000796273253,0.24137072704383383,0.4042262991451473,0.9926680526325328,0.2838531239070081,0.3853144948953341,0.612356671886858,0.3630923804766656,"{""type"":""Point"",""coordinates"":[-47.26382691960162,-3.961884531380342]}"
00000000000000000121,0,0.2486318990083982,0.24447540278710833,1.4251981444423798,0.022106248511326476,0.24801932076471345,0.38023032472455054,0.23907732208789403,0.0,-0.08045008989663316,0.6930379819032124,-0.18586614207355873,-0.05461438199026092,-0.09506357485131867,-0.08294202186328528,0.0,-0.02011252247415829,0.23101266063440415,-0.09293307103677936,-0.01365359549756523,-0.023765893712829667,-0.02073550546582132,0.2486318990083982,0.3249254926837415,0.7321601625391674,0.2079723905848852,0.30263370275497437,0.4752938995758692,0.3220193439511793,"{""type"":""Point"",""coordinates"":[-49.93424876747875,-6.382846429923498]}"
000000000000000001b8,0,0.24875541394197226,0.16555893718099632,1.3205892204669047,0.040690261870622635,0.1812866836418347,0.24014162871979106,0.15327339969933346,0.0,-0.09310231264205207,0.4265233272538732,-0.12808757155178435,-0.15854739848478272,-0.06956857588149673,-0.08268864626643224,0.0,-0.046551156321026035,0.1066308318134683,-0.12808757155178435,-0.052849132828260904,-0.034784287940748365,-0.08268864626643224,0.24875541394197226,0.2586612498230484,0.8940658932130315,0.168777833422407,0.3398340821266174,0.3097102046012878,0.2359620459657657,"{""type"":""Point"",""coordinates"":[-47.264094465664826,-3.9621565365446028]}"
000000000000000001a4,0,0.25003682943580735,0.20424026498440484,1.6735364396654717,-0.06922435015439987,0.15885743179491588,0.30798143425905233,0.19215586400883772,0.0,-0.09483405444844611,0.46865379964688114,-0.21323162893075864,-0.1700700702411788,-0.226229873505001,-0.08204381091390778,0.0,-0.04741702722422306,0.46865379964688114,-0.21323162893075864,-0.05669002341372626,-0.07540995783500033,-0.08204381091390778,0.25003682943580735,0.29907431943285095,1.2048826400185906,0.14400727877635877,0.32892750203609467,0.5342113077640533,0.2741996749227455,"{""type"":""Point"",""coordinates"":[-47.26445565285015,-3.9622457185656708]}"
0000000000000000010a,0,0.2444923726150501,0.19273689577733694,1.3550467264923816,0.06625272274017334,0.1859452607376235,0.2510985112067594,0.174624135690221,0.0,-0.07112214298725628,0.2930486309897158,-0.08204803228378295,-0.10382137873343059,-0.1714087236479518,-0.08193837695161404,0.0,-0.03556107149362814,0.09768287699657192,-0.041024016141891474,-0.034607126244476864,-0.05713624121598393,-0.04096918847580702,0.2444923726150501,0.2638590387645932,1.0619980955026658,0.1483007550239563,0.2897666394710541,0.4225072348547112,0.25656251264183505,"{""type"":""Point"",""coordinates"":[-47.26382691960162,-3.962424082607809]}"
00000000000000000164,0,0.23257131374064777,0.20532161511284133,1.5707126189237601,0.006880238652229309,0.17599977140878525,0.32439550072645773,0.20073502179627858,0.0,-0.08546279705437107,0.5386351825625857,-0.11289294589888232,-0.14427706415201336,-0.07861739485764874,-0.08151476736189586,0.0,-0.042731398527185535,0.17954506085419522,-0.11289294589888232,-0.04809235471733778,-0.03930869742882437,-0.04075738368094793,0.23257131374064777,0.2907844121672124,1.0320774363611744,0.11977318455111163,0.3202768355607986,0.40301289558410647,0.28224978915817445,"{""type"":""Point"",""coordinates"":[-47.26418364768589,-3.9626024466499463]}"
00000000000000000175,0,0.23651039155363826,0.20084562774659906,1.620268758215376,-0.037311453372240067,0.16953847566847757,0.316771219572595,0.19258669283130853,0.0,-0.08551496462207733,0.31001119004512634,-0.13409587074294294,-0.1490709586977486,-0.1883847192911592,-0.08055992696244574,0.0,-0.042757482311038666,0.31001119004512634,-0.13409587074294294,-0.049690319565916206,-0.06279490643038639,-0.08055992696244574,0.23651039155363826,0.2863605923686764,1.3102575681702497,0.09678441737070287,0.3186094343662262,0.5051559388637542,0.27314661979375426,"{""type"":""Point"",""coordinates"":[-47.2641836476859,-3.9625132646288783]}"
000000000000000005b5,1,0.26004264609213745,0.5047931133820825,0.7938517179023508,0.4229655861854553,0.43155336380004883,0.6727695465087891,0.3851698021011484,0.0,0.0,0.22283943274497264,-0.18193421644693863,-0.055294356708951276,-0.09995462564596447,-0.08031287369953305,0.0,0.0,0.22283943274497264,-0.18193421644693863,-0.055294356708951276,-0.09995462564596447,-0.08031287369953305,0.26004264609213745,0.5047931133820825,0.5710122851573781,0.604899802632394,0.4868477205090001,0.7727241721547535,0.4654826758006814,"{""type"":""Point"",""coordinates"":[-47.983646225356225,-2.2122358373324085]}"
000000000000000001d0,0,0.2566684096377244,0.2595828407946581,1.339877772372315,0.03944012522697449,0.19854994357005143,0.3815394816263087,0.2530608038338503,0.0,-0.10450670722401278,0.23767515171289055,-0.14071666012877454,-0.101466916877226,-0.09109933914823831,-0.07996426886282787,0.0,-0.034835569074670926,0.23767515171289055,-0.14071666012877454,-0.033822305625742004,-0.030366446382746104,-0.02665475628760929,0.2566684096377244,0.3640895480186709,1.1022026206594244,0.18015678535574903,0.30001686044727743,0.472638820774547,0.3330250726966782,"{""type"":""Point"",""coordinates"":[-47.26409446566482,-3.961973713401412]}"
00000000000000000107,0,0.24987670001743126,0.21380663146239282,1.491477579635196,-0.04410046711564064,0.16821219325065612,0.32018070775246904,0.2045284777091903,0.0,-0.0933279004977065,0.5514104479756363,-0.2029881535195281,-0.1109627008438111,-0.11604564231657705,-0.07964098560760541,0.0,-0.04666395024885325,0.18380348265854543,-0.2029881535195281,-0.05548135042190555,-0.05802282115828852,-0.039820492803802704,0.24987670001743126,0.3071345319600993,0.9400671316595597,0.15888768640388745,0.2791748940944672,0.4362263500690461,0.2841694633167957,"{""type"":""Point"",""coordinates"":[-47.26445565285015,-3.961795349359274]}"
000000000000000001b2,0,0.25145252280454194,0.1991726679985827,1.5456469989104176,-0.028048083186149597,0.1715066507486579,0.31719402552368314,0.18867533135293238,0.0,-0.05661543620617099,0.44043296135852206,-0.21852335074334478,-0.16713982313380943,-0.20445855384087364,-0.07662477007671034,0.0,-0.05661543620617099,0.44043296135852206,-0.21852335074334478,-0.055713274377936474,-0.06815285128029121,-0.07662477007671034,0.25145252280454194,0.2557881042047537,1.1052140375518955,0.19047526755719518,0.3386464738824673,0.5216525793645568,0.2653001014296427,"{""type"":""Point"",""coordinates"":[-47.26463401689229,-3.9621565365446028]}"
000000000000000001ec,0,0.24293817873941764,0.2468023664623653,1.4256314312441534,0.034567900002002716,0.21802325546741486,0.39015455932407567,0.22854981629565596,0.0,-0.15521870915869196,0.3839755038824475,-0.21544511614101425,-0.09537516519375966,-0.1500923698551066,-0.0765026999593934,0.0,-0.051739569719563984,0.3839755038824475,-0.21544511614101425,-0.09537516519375966,-0.0750461849275533,-0.0765026999593934,0.24293817873941764,0.40202107562105727,1.0416559273617059,0.25001301614301696,0.3133984206611745,0.5402469291791823,0.30505251625504937,"{""type"":""Point"",""coordinates"":[-47.26382691960161,-3.9617061673382037]}"
000000000000000001d8,0,0.2460336454719121,0.19852078579165966,1.4809607316265587,0.012718331068754196,0.1700060701940293,0.23994038999080658,0.18431490902819697,0.0,-0.19461546972991706,0.49488037469909163,-0.14094040543839317,-0.1355162870006545,-0.14341444082556443,-0.0747721224828245,0.0,-0.03892309394598341,0.16496012489969722,-0.14094040543839317,-0.04517209566688483,-0.14341444082556443,-0.0747721224828245,0.2460336454719121,0.3931362555215767,0.9860803569274671,0.15365873650714737,0.3055223571946838,0.383354830816371,0.25908703151102147,"{""type"":""Point"",""coordinates"":[-47.26427282970696,-3.961884531380343]}"
00000000000000000189,0,0.2442434144834192,0.2156645080160216,1.452507219735066,0.06357299308872712,0.18089903775154537,0.3837145268917084,0.20072989751915352,0.0,-0.07185107995982204,0.40198837306974466,-0.06174233932399263,-0.05421243127883488,0.04572546553705131,-0.07454356185088087,0.0,-0.03592553997991102,0.13399612435658156,-0.030871169661996316,-0.02710621563941744,0.04572546553705131,-0.03727178092544044,0.2442434144834192,0.28751558797584365,1.0505188466653212,0.12531533241271975,0.23511146903038024,0.33798906135465706,0.2752734593700344,"{""type"":""Point"",""coordinates"":[-47.26391610162269,-3.962424082607809]}"
00000000000000000112,0,0.27822015239276304,0.36863983841707404,1.0849268027612577,0.20479101771777677,0.301708797609613,0.5609320562390373,0.3388013842363467,0.0,-0.06895183541124006,0.45492659064776775,-0.1368795537690672,-0.11648619177457309,-0.07712313917200908,-0.07442243489020983,0.0,-0.017237958852810015,0.09098531812955354,-0.0342198884422668,-0.058243095887286545,-0.01928078479300227,-0.018605608722552458,0.27822015239276304,0.4375916738283141,0.63000021211349,0.341670571486844,0.4181949893841861,0.6380551954110464,0.41322381912655654,"{""type"":""Point"",""coordinates"":[-49.93415958545767,-6.383203158007775]}"
0000000000000000029b,0,0.28661782016853693,0.22956912237234334,1.2407466573917163,0.13399683055768125,0.23858854174613953,0.4495830237865448,0.23291437549096622,0.0,-0.10343950372401217,0.547120272700277,-0.3473087181157046,-0.0910317733219822,-0.07805441571158922,-0.07409004994011936,0.0,-0.10343950372401217,0.2735601363501385,-0.1736543590578523,-0.0910317733219822,-0.07805441571158922,-0.07409004994011936,0.28661782016853693,0.3330086260963555,0.6936263846914393,0.4813055486733858,0.3296203150681217,0.527637439498134,0.3070044254310856,"{""type"":""Point"",""coordinates"":[-51.083822855461314,-6.494323956259645]}"
00000000000000000053,0,0.2242388270293269,0.5044569346327712,0.7775523851147232,0.37753909826278687,0.45774513483047485,0.6923025250434875,0.4348982625492379,0.0,-0.054198044135967405,0.29439160856943297,-0.28860532223139235,-0.15142026449205315,-0.12844752444668028,-0.07401558189349344,0.0,-0.054198044135967405,0.29439160856943297,-0.28860532223139235,-0.15142026449205315,-0.12844752444668028,-0.07401558189349344,0.2242388270293269,0.5586549787687386,0.48316077654529027,0.6661444204941792,0.609165399322528,0.8207500494901678,0.5089138444427314,"{""type"":""Point"",""coordinates"":[-48.427322321073035,-2.482720448133383]}"
00000000000000000101,0,0.23949461254724705,0.3527621130526375,1.2705483847672365,0.1619935115599225,0.3211080680137428,0.5218172690698587,0.3178948666801379,0.0,-0.0757236839842459,0.6936154416320883,-0.18972675001386916,-0.0916245712964715,-0.1246822165866085,-0.07370326350668183,0.0,-0.03786184199212295,0.2312051472106961,-0.09486337500693458,-0.04581228564823575,-0.06234110829330425,-0.03685163175334091,0.23949461254724705,0.4284857970368834,0.5769329431351482,0.35172026157379166,0.4127326393102143,0.6464994856564672,0.3915981301868197,"{""type"":""Point"",""coordinates"":[-47.66564097462868,-4.019197357220282]}"
00000000000000000165,0,0.23860996272700358,0.21122156766022931,1.5776830830670854,0.04765253819378841,0.2171449720764403,0.3750430429744755,0.20682380835358832,0.0,-0.0746635156522717,0.5133252154598518,-0.06848686777201667,-0.08877409697530225,-0.03232385355486661,-0.07326263522815002,0.0,-0.03733175782613585,0.17110840515328393,-0.03424343388600833,-0.029591365658434083,-0.016161926777433305,-0.03663131761407501,0.23860996272700358,0.285885083312501,1.0643578676072336,0.11613940596580508,0.30591906905174254,0.4073668965293421,0.28008644358173834,"{""type"":""Point"",""coordinates"":[-47.26409446566482,-3.962602446649946]}"
0000000000000000011d,0,0.2693116001308074,0.264279737990733,1.3496792805434144,0.028212239184831456,0.25645078852714476,0.420094478835094,0.25625758090288403,0.0,-0.07039944053571145,0.655791219633399,-0.190610201127202,-0.07379710827707792,-0.07060861361902537,-0.07243689488006239,0.0,-0.017599860133927864,0.218597073211133,-0.095305100563601,-0.03689855413853896,-0.017652153404756343,-0.018109223720015596,0.2693116001308074,0.33467917852644447,0.6938880609100153,0.21882244031203346,0.3302478968042227,0.49070309245411936,0.3286944757829464,"{""type"":""Point"",""coordinates"":[-49.93424876747875,-6.382935611944567]}"
000000000000000002de,1,0.2339574277325994,0.5659850570362839,0.5858851749107434,0.5857314467430115,0.5274451375007629,0.8391001678207051,0.4677237332129556,0.0,0.0,0.07773806203933165,-0.05163592875481071,-0.03488369165808414,0.0,-0.07204461098609394,0.0,0.0,0.03886903101966582,-0.05163592875481071,-0.03488369165808414,0.0,-0.07204461098609394,0.2339574277325994,0.5659850570362839,0.5081471128714118,0.6373673754978222,0.5623288291588471,0.8391001678207051,0.5397683441990495,"{""type"":""Point"",""coordinates"":[-46.341073924904684,-1.7689164696998732]}"
000000000000000000b2,0,0.24637948400596268,0.2864896995974605,0.937763807270253,0.18364574414418056,0.2732140921044715,0.44373414200781724,0.2846909570119647,0.0,-0.08488636875366151,0.0,-0.11010039498823271,-0.09222017862422716,-0.06323276477814777,-0.07177829914870071,0.0,-0.016977273750732304,0.0,-0.03670013166274424,-0.030740059541409053,-0.03161638238907388,-0.014355659829740141,0.24637948400596268,0.371376068351122,0.937763807270253,0.29374613913241326,0.36543427072869866,0.506966906785965,0.3564692561606654,"{""type"":""Point"",""coordinates"":[-51.9111689240187,-6.451744000300291]}"
000000000000000000b4,0,0.21551336989044542,0.2956351220374288,1.1884983196086354,0.1657577694920897,0.2754037108438365,0.4620127445217515,0.28986549631573333,0.0,-0.08227566301952871,0.3770788115309659,-0.26201522297718566,-0.06989733111284957,-0.11547055126697442,-0.07098691665075019,0.0,-0.041137831509764355,0.12569293717698862,-0.05240304459543713,-0.034948665556424785,-0.05773527563348721,-0.035493458325375093,0.21551336989044542,0.3779107850569575,0.8114195080776695,0.42777299246927536,0.3453010419566861,0.5774832957887259,0.3608524129664835,"{""type"":""Point"",""coordinates"":[-51.83131088325255,-6.619642532265687]}"
000000000000000005b6,1,0.25993227019194204,0.5289186976891879,0.8185867893373276,0.39835894107818604,0.4200208783149719,0.6806195378303528,0.4453454148620512,0.0,0.0,0.2715643534047094,-0.22274739664471555,-0.08106261084951771,-0.12628958358196518,-0.0708208668931452,0.0,0.0,0.2715643534047094,-0.22274739664471555,-0.08106261084951771,-0.12628958358196518,-0.014164173378629042,0.25993227019194204,0.5289186976891879,0.5470224359326182,0.6211063377229016,0.5010834891644896,0.806909121412318,0.5161662817551964,"{""type"":""Point"",""coordinates"":[-47.983646225356225,-2.212057473290271]}"
000000000000000001c5,0,0.25541934393252586,0.18273885266072817,1.397657630544976,0.03488769754767418,0.19332324439885984,0.2216712361858441,0.16689177787235324,0.0,-0.07525501083314859,0.40277431921028695,-0.12568338617683444,-0.11489458810250486,-0.17058798689263116,-0.07041862842883442,0.0,-0.037627505416574294,0.13425810640342897,-0.12568338617683444,-0.038298196034168286,-0.05686266229754372,-0.07041862842883442,0.25541934393252586,0.25799386349387676,0.994883311334689,0.16057108372450862,0.3082178325013647,0.39225922307847527,0.23731040630118766,"{""type"":""Point"",""coordinates"":[-47.26409446566482,-3.9620628954224792]}"
0000000000000000011e,0,0.25673352244788983,0.3316068390318972,1.2917127743527606,0.018285504876495717,0.2588063944998234,0.470766943775816,0.3072689473601383,0.0,-0.06389175646954998,0.5938131809688758,-0.24345790179387405,-0.10412067168585365,-0.10114008561162807,-0.0697774191851746,0.0,-0.015972939117387494,0.19793772698962528,-0.12172895089693703,-0.052060335842926825,-0.025285021402907018,-0.01744435479629365,0.25673352244788983,0.39549859550144717,0.6978995933838847,0.26174340667036977,0.36292706618567705,0.5719070293874441,0.3770463665453129,"{""type"":""Point"",""coordinates"":[-49.93415958545768,-6.382935611944567]}"
000000000000000001a3,0,0.26310134468770036,0.19024131074206002,1.6537780401416766,-0.06331213563680649,0.15469286627386392,0.30711900180289037,0.19562243502051985,0.0,-0.1831519547278853,0.46087748103693826,-0.21668523373409881,-0.18032503836538016,-0.10954721385529748,-0.06973143706374907,0.0,-0.06105065157596177,0.46087748103693826,-0.21668523373409881,-0.06010834612179339,-0.05477360692764874,-0.06973143706374907,0.26310134468770036,0.37339326546994533,1.1929005591047384,0.15337309809729233,0.3350179046392441,0.41666621565818784,0.2653538720842689,"{""type"":""Point"",""coordinates"":[-47.264544834871224,-3.962245718565671]}"
00000000000000000191,0,0.24927726443122492,0.2171758168857845,1.5860629775435178,-0.017127184197306633,0.20879390012598056,0.3516177731772655,0.21667086457619744,0.0,-0.06412343402330059,0.428082148760758,-0.1741941607848363,-0.05382354188585267,-0.07737223326957293,-0.06963669560192026,0.0,-0.032061717011650295,0.428082148760758,-0.1741941607848363,-0.026911770942926336,-0.038686116634786466,-0.03481834780096013,0.24927726443122492,0.2812992509090851,1.1579808287827598,0.15706697658752966,0.26261744201183324,0.42899000644683843,0.2863075601781177,"{""type"":""Point"",""coordinates"":[-47.26472319891335,-3.96233490058674]}"
0000000000000000038f,1,0.25810519042325275,0.5501845812289357,0.6014108667559388,0.5729926824569702,0.5472928285598755,0.8103126883506775,0.4864995470264484,0.0,-0.07578028176946283,0.10033186838827612,-0.06040993776220083,-0.05387607509301706,-0.047563510047081925,-0.06933342221199834,0.0,-0.07578028176946283,0.10033186838827612,-0.06040993776220083,-0.05387607509301706,-0.047563510047081925,-0.06933342221199834,0.25810519042325275,0.6259648629983985,0.5010789983676627,0.633402620219171,0.6011689036528926,0.8578761983977594,0.5558329692384467,"{""type"":""Point"",""coordinates"":[-47.6641159620684,-4.015603321771204]}"
00000000000000000117,0,0.28605145978913077,0.3233845892313707,1.113948401973969,0.19923821091651917,0.3281402950629675,0.4941900539430371,0.32022672592077683,0.0,-0.09780576502049082,0.439477927677394,-0.12735560503238647,-0.08849826169290603,-0.11438800809836908,-0.06786019833340012,0.0,-0.04890288251024541,0.14649264255913133,-0.12735560503238647,-0.022124565423226508,-0.05719400404918454,-0.03393009916670006,0.28605145978913077,0.4211903542518615,0.6744704742965749,0.32659381594890563,0.4166385567558735,0.6085780620414062,0.38808692425417696,"{""type"":""Point"",""coordinates"":[-49.934065944335565,-6.3831139759867055]}"
000000000000000002c2,0,0.21299500840128816,0.26983896532955776,1.297018613772667,0.16817565815661054,0.2531405518795614,0.427219996839987,0.27334949814614495,0.0,-0.08658405920003298,0.7534373551642556,-0.1729816808947405,-0.10288500706487808,-0.12544341609541587,-0.06745297942676787,0.0,-0.04329202960001649,0.2511457850547519,-0.08649084044737025,-0.05144250353243904,-0.06272170804770794,-0.033726489713383934,0.21299500840128816,0.35642302452959074,0.5435812586084113,0.34115733905135104,0.3560255589444395,0.5526634129354029,0.3408024775729128,"{""type"":""Point"",""coordinates"":[-51.83094969606722,-6.620271265514225]}"
000000000000000005b3,1,0.25087772797566515,0.47538329975147636,0.7371515730667451,0.460445374250412,0.4399210214614868,0.691070020198822,0.41663180082258555,0.0,-0.07694250184672274,0.17226966484749895,-0.14538714005833575,-0.045379721892375435,-0.09600069037030212,-0.06662899771789504,0.0,-0.01538850036934455,0.17226966484749895,-0.14538714005833575,-0.045379721892375435,-0.09600069037030212,-0.01332579954357901,0.25087772797566515,0.5523258015981991,0.5648819082192461,0.6058325143087477,0.48530074335386225,0.7870707105691241,0.4832607985404806,"{""type"":""Point"",""coordinates"":[-47.98382458939836,-2.2122358373324085]}"
00000000000000000059,0,0.21702793025577155,0.4036339947577013,1.154139235820154,0.19307655184445258,0.3516352466827665,0.5123793218405885,0.3458523308675114,0.0,-0.07318523947279792,0.5905071921988793,-0.17437885315241944,-0.054000289034243976,-0.14298682472389523,-0.0662234944236923,0.0,-0.03659261973639896,0.19683573073295976,-0.08718942657620972,-0.027000144517121988,-0.07149341236194762,-0.03311174721184615,0.21702793025577155,0.4768192342304992,0.5636320436212748,0.367455404996872,0.4056355357170105,0.6553661465644838,0.4120758252912037,"{""type"":""Point"",""coordinates"":[-46.73866967033519,-1.1121577710430968]}"
00000000000000000102,0,0.22955014228026782,0.37444285268737504,1.1886960061689038,0.1976286388780058,0.3045357332364269,0.4934784896514794,0.3099082590886625,0.0,-0.07153296597969433,0.55410769695508,-0.11594483343227013,-0.0884506239756398,-0.12862136291047127,-0.06564019971873025,0.0,-0.035766482989847165,0.18470256565169332,-0.05797241671613507,-0.0442253119878199,-0.06431068145523564,-0.032820099859365126,0.22955014228026782,0.44597581866706937,0.6345883092138238,0.31357347231027594,0.3929863572120667,0.6220998525619507,0.37554845880739274,"{""type"":""Point"",""coordinates"":[-47.66555179260761,-4.019197357220282]}"
00000000000000000119,0,0.25940224733072553,0.2808731015551504,1.287511076822561,0.10576102105639848,0.2611633257315596,0.4284911696556757,0.2745617308944238,0.0,-0.06962539910384408,0.6322890466172558,-0.18804870081084504,-0.10786001906034948,-0.07623207127615317,-0.06497533454971177,0.0,-0.01740634977596102,0.21076301553908527,-0.04701217520271126,-0.05393000953017474,-0.019058017819038292,-0.016243833637427943,0.25940224733072553,0.35049850065899446,0.6552220302053052,0.2938097218672435,0.36902334479190907,0.5047232409318289,0.3395370654441356,"{""type"":""Point"",""coordinates"":[-49.93424876747875,-6.383024793965637]}"
00000000000000000176,0,0.22982493487755482,0.20864873711285944,1.612313390177166,0.0036977402989547825,0.19256614623485563,0.3531682477152662,0.20960617834307696,0.0,-0.07032862585683133,0.5508657824804284,-0.0917839176829178,-0.042055855413093535,-0.04515389345523557,-0.06479094862707838,0.0,-0.03516431292841567,0.18362192749347614,-0.0458919588414589,-0.021027927706546767,-0.022576946727617786,-0.03239547431353919,0.22982493487755482,0.2789773629696908,1.0614476076967376,0.09548165798187258,0.23462200164794916,0.3983221411705018,0.27439712697015534,"{""type"":""Point"",""coordinates"":[-47.264094465664826,-3.9625132646288783]}"
00000000000000000123,0,0.2574827723305341,0.3055004072650923,1.288993822645967,0.09263482282992927,0.2709221779933949,0.450728416970365,0.28731193783242903,0.0,-0.05501357566560472,0.5928626554311701,-0.22270252761621903,-0.11394659268649387,-0.0785291163266138,-0.064477480589759,0.0,-0.02750678783280236,0.19762088514372336,-0.11135126380810952,-0.02848664817162347,-0.0392645581633069,-0.0322387402948795,0.2574827723305341,0.36051398293069703,0.6961311672147968,0.3153373504461483,0.3848687706798888,0.5292575332969788,0.351789418422188,"{""type"":""Point"",""coordinates"":[-49.934065944335565,-6.382846429923498]}"
000000000000000001df,0,0.24463248042311375,0.2014962253010057,1.5221118796112163,-0.041335247457027435,0.13852625575616329,0.282681122187393,0.20151672814205734,0.0,-0.07798754605943664,0.5202761039809929,-0.16985692163738286,-0.09169091826895076,-0.20531354040156974,-0.06415970207911192,0.0,-0.03899377302971832,0.1734253679936643,-0.16985692163738286,-0.04584545913447538,-0.06843784680052324,-0.03207985103955596,0.24463248042311375,0.27948377136044233,1.0018357756302234,0.12852167418035543,0.23021717402511405,0.48799466258896274,0.26567643022116927,"{""type"":""Point"",""coordinates"":[-47.26436647082909,-3.961795349359273]}"
000000000000000001d9,0,0.2505461362157783,0.25805098504164165,1.2739799193753953,0.12952098528945916,0.2539594422470996,0.3387880942750411,0.2508950266546913,0.0,-0.08730564719299366,0.19354173148203047,-0.16726440210735327,-0.09281447598269249,-0.09459956670518355,-0.06400916011732627,0.0,-0.029101882397664553,0.19354173148203047,-0.05575480070245109,-0.030938158660897497,-0.03153318890172785,-0.021336386705775423,0.2505461362157783,0.3453566322346353,1.0804381878933649,0.29678538739681243,0.3467739182297921,0.43338766098022463,0.3149041867720176,"{""type"":""Point"",""coordinates"":[-47.2641836476859,-3.961884531380343]}"
000000000000000001a2,0,0.25340778457281404,0.21602243075394,1.5222577829502473,-0.009563040919601917,0.17197342069071794,0.31186453537331743,0.20586330016157137,0.0,-0.050821995441030665,0.43888046466687114,-0.20438281646745637,-0.1784827367477295,-0.1060934559883005,-0.06390406808150614,0.0,-0.025410997720515333,0.43888046466687114,-0.20438281646745637,-0.059494245582576495,-0.05304672799415025,-0.03195203404075307,0.25340778457281404,0.2668444261949707,1.0833773182833761,0.19481977554785446,0.35045615743844744,0.41795799136161793,0.2697673682430775,"{""type"":""Point"",""coordinates"":[-47.26463401689229,-3.962245718565671]}"
000000000000000001de,0,0.26721861147153353,0.2468354947789867,1.3326156953452561,0.19463842274789844,0.27788642383070333,0.48428231484490586,0.24785904815386775,0.0,-0.0781173926759543,0.5683757423488814,-0.15224359512700653,-0.09162273716933916,-0.13874588639099866,-0.06354194323539517,0.0,-0.0781173926759543,0.14209393558722036,-0.050747865042335506,-0.030540912389779722,-0.04624862879699956,-0.06354194323539517,0.26721861147153353,0.324952887454941,0.7642399529963747,0.34688201787490497,0.3695091610000425,0.6230282012359045,0.3114009913892629,"{""type"":""Point"",""coordinates"":[-47.26355491443736,-3.961884531380343]}"
000000000000000001cf,0,0.25114534930051174,0.30120262004672094,1.2956958771841398,0.09033704822968269,0.20422610024934088,0.2868128519542182,0.19611581708634995,0.0,0.0,0.28062497318607127,-0.14600803207069052,-0.0870249998639078,-0.1447140727494376,-0.06291288662810374,0.0,0.0,0.09354165772869043,-0.04866934402356351,-0.029008333287969267,-0.04823802424981253,-0.06291288662810374,0.25114534930051174,0.30120262004672094,1.0150709039980685,0.2363450803003732,0.2912511001132487,0.4315269247036558,0.2590287037144537,"{""type"":""Point"",""coordinates"":[-47.26418364768589,-3.961973713401412]}"
00000000000000000194,0,0.26260608604319857,0.21290537494309475,1.6053540587219342,-0.03673922270536423,0.18916136571923092,0.3087044656276703,0.20442359249329756,0.0,-0.2085452521732341,0.376533443130592,-0.1666867628266575,-0.08240851466898946,-0.10521493277807403,-0.061833177941105544,0.0,-0.05213631304330853,0.376533443130592,-0.1666867628266575,-0.04120425733449473,-0.10521493277807403,-0.061833177941105544,0.26260608604319857,0.42145062711632886,1.2288206155913421,0.12994754012129328,0.2715698803882204,0.4139193984057443,0.2662567704344031,"{""type"":""Point"",""coordinates"":[-47.26445565285015,-3.96233490058674]}"
00000000000000000195,0,0.25636895874708443,0.22293244989920555,1.630266552020636,-0.04463307932019234,0.18903564479606336,0.3166909236925735,0.20600558777966532,0.0,-0.0608916356276368,0.3826078505039283,-0.17275290036882268,-0.06203096244079884,-0.1026386420708999,-0.06175751840759186,0.0,-0.0304458178138184,0.3826078505039283,-0.17275290036882268,-0.03101548122039942,-0.05131932103544995,-0.06175751840759186,0.25636895874708443,0.28382408552684235,1.2476587015167078,0.12811982104863034,0.2510666072368622,0.4193295657634734,0.2677631061872572,"{""type"":""Point"",""coordinates"":[-47.26436647082909,-3.96233490058674]}"
00000000000000000120,0,0.24868229330342156,0.1704872674192862,1.1435838786174022,-0.003074466941774795,0.2044277193307738,0.2346985463165113,0.1730374837578434,0.0,-0.06227772644247784,0.0,-0.06390849383723826,-0.0367017484509366,-0.1328455782072873,-0.06165361790928528,0.0,-0.01556943161061946,0.0,-0.015977123459309565,-0.00917543711273415,-0.03321139455182182,-0.01541340447732132,0.24868229330342156,0.23276499386176402,1.1435838786174022,0.06083402689546347,0.2411294677817104,0.3675441245237986,0.23469110166712867,"{""type"":""Point"",""coordinates"":[-49.93433794949982,-6.382846429923498]}"
00000000000000000172,0,0.25267266951877776,0.22349459976722819,1.3990127528232814,0.058600899680625984,0.22550271449099507,0.41165552683870754,0.23463128679537953,0.0,-0.16661219587454534,0.26417806702143887,-0.10994762767933641,-0.18765945734967265,-0.05073649338681735,-0.06023072312146277,0.0,-0.055537398624848446,0.26417806702143887,-0.054973813839668206,-0.06255315244989089,-0.025368246693408675,-0.030115361560731385,0.25267266951877776,0.39010679564177353,1.1348346858018425,0.1685485273599624,0.4131621718406677,0.4623920202255249,0.2948620099168423,"{""type"":""Point"",""coordinates"":[-47.26445565285015,-3.962513264628878]}"
00000000000000000173,0,0.2503811719591997,0.21670244572454064,1.491851368970013,-0.026031745597720146,0.1701844325691212,0.3151205691776904,0.2167480306824065,0.0,-0.06880371881083605,0.2665857895835877,-0.15877399950676185,-0.19319768339099996,-0.11894580393212711,-0.059477542680917594,0.0,-0.034401859405418025,0.2665857895835877,-0.15877399950676185,-0.06439922779699998,-0.05947290196606356,-0.029738771340458797,0.2503811719591997,0.2855061645353767,1.2252655793864253,0.1327422539090417,0.36338211596012115,0.4340663731098175,0.2762255733633241,"{""type"":""Point"",""coordinates"":[-47.26436647082909,-3.9625132646288783]}"
0000000000000000019a,0,0.25067849898442884,0.17307717310751014,1.2253165270378994,0.128297358940262,0.23877901376831814,0.2312266016836295,0.1565999660524678,0.0,-0.050222870761367666,0.2193359621119524,-0.045203745176177756,-0.03533415852439112,-0.10765642946996459,-0.05856477583103009,0.0,-0.050222870761367666,0.07311198737065079,-0.022601872588088878,-0.01766707926219556,-0.035885476489988195,-0.05856477583103009,0.25067849898442884,0.2233000438688778,1.005980564925947,0.17350110411643976,0.27411317229270926,0.3388830311535941,0.21516474188349788,"{""type"":""Point"",""coordinates"":[-47.263916101622684,-3.96233490058674]}"
0000000000000000020c,0,0.19669150164069177,0.36602354800324644,0.9509770333669696,0.24421011798592934,0.3213773243957096,0.5359573222921459,0.32260220843396875,0.0,-0.0845549379249333,0.14645002486077985,-0.04973105233833025,-0.06204349067476056,0.0,-0.05757192804825034,0.0,-0.01691098758498666,0.03661250621519496,-0.024865526169165125,-0.01551087266869014,0.0,-0.011514385609650069,0.19669150164069177,0.45057848592817973,0.8045270085061897,0.2939411703242596,0.38342081507047016,0.5359573222921459,0.3801741364822191,"{""type"":""Point"",""coordinates"":[-46.67704489377657,-1.066434148841063]}"
00000000000000000084,0,0.21875190125272861,0.38867369813190633,0.8687547895052998,0.37753970709222284,0.42285883169613137,0.6367233783817274,0.3615562212505345,0.0,-0.06168951376457815,0.1586097876879079,-0.03135326839469271,-0.03150626678027857,0.0,-0.05737508367514754,0.0,-0.030844756882289076,0.052869929229302635,-0.015676634197346356,-0.015753133390139284,0.0,-0.02868754183757377,0.21875190125272861,0.4503632118964845,0.7101450018173919,0.40889297548691556,0.45436509847640993,0.6367233783817274,0.41893130492568204,"{""type"":""Point"",""coordinates"":[-48.27442866415248,-2.5312265493927666]}"
00000000000000000116,0,0.2707389783301555,0.36373887149762674,1.1512721402906245,0.15276390742058105,0.29449026736068146,0.5552946282732166,0.3423554019018964,0.0,-0.07429893382957592,0.5064363069340378,-0.17816781703280765,-0.10018331095889715,-0.0593259653894308,-0.056935718653856104,0.0,-0.01857473345739398,0.10128726138680758,-0.04454195425820191,-0.05009165547944858,-0.0148314913473577,-0.014233929663464026,0.2707389783301555,0.43803780532720266,0.6448358333565867,0.3309317244533887,0.3946735783195786,0.6146205936626474,0.3992911205557525,"{""type"":""Point"",""coordinates"":[-49.93415958545767,-6.3831139759867055]}"
00000000000000000113,0,0.2714888492300834,0.3380440454102708,1.0568281429114743,0.24101296067237854,0.36142436052316446,0.4916480622849069,0.32490673904436373,0.0,-0.07279718780206873,0.44484594452491266,-0.10990647193399039,-0.04528419268004169,-0.11523589959072955,-0.056126881237212656,0.0,-0.036398593901034365,0.1482819815083042,-0.10990647193399039,-0.022642096340020845,-0.057617949795364776,-0.028063440618606328,0.2714888492300834,0.4108412332123395,0.6119821983865616,0.35091943260636893,0.40670855320320615,0.6068839618756364,0.3810336202815764,"{""type"":""Point"",""coordinates"":[-49.934065944335565,-6.383203158007775]}"
000000000000000002a8,0,0.2444780635685371,0.42343121224341684,0.8314050965237584,0.35128486156463623,0.3655532777765774,0.5916153055740481,0.3920149873606146,0.0,-0.0658218444009731,0.14305909126965377,-0.15908883439579102,-0.06371332402434116,-0.09838105615843484,-0.05519751630018438,0.0,-0.013164368880194621,0.14305909126965377,-0.15908883439579102,-0.012742664804868232,-0.019676211231686967,-0.011039503260036877,0.2444780635685371,0.48925305664438995,0.6883460052541046,0.5103736959604273,0.4292666018009186,0.6899963617324829,0.44721250366079895,"{""type"":""Point"",""coordinates"":[-47.983374220191955,-2.2108891888142677]}"
000000000000000002ab,0,0.21649654542521563,0.26036243193436753,1.375602696728283,0.17615029215812683,0.26858377825656893,0.5629522204399109,0.27145400776182044,0.0,-0.07805466469016914,0.43006910719910574,0.13951969479438908,-0.11075165002108256,0.1277408976929414,-0.055094754598711215,0.0,-0.026018221563389714,0.10751727679977643,0.13951969479438908,-0.02768791250527064,0.1277408976929414,-0.018364918199570406,0.21649654542521563,0.3384170966245367,0.9455335895291773,0.03663059736373775,0.3793354282776515,0.4352113227469695,0.32654876236053165,"{""type"":""Point"",""coordinates"":[-51.91099055997658,-6.451298090194947]}"
0000000000000000028a,0,0.22481847770422728,0.3979789560600159,1.1358420100297206,0.1280086785554886,0.23214800028497234,0.3761438727378845,0.3082179497473739,0.0,0.0,0.12425273461755637,-0.08385476265634562,-0.04968433709448322,-0.17773714431579946,-0.054691372016890616,0.0,0.0,0.062126367308778185,-0.08385476265634562,-0.009936867418896645,-0.17773714431579946,-0.010938274403378124,0.22481847770422728,0.3979789560600159,1.0115892754121643,0.2118634412118342,0.28183233737945557,0.553881017053684,0.3629093217642645,"{""type"":""Point"",""coordinates"":[-46.771907809587574,-1.1517768839029636]}"
00000000000000000162,0,0.2457123572984466,0.20413067839716997,1.5664819322605634,0.059056512344950095,0.18789828269394362,0.3315628130482038,0.22653963618404166,0.0,-0.198409351719325,0.730856832708603,-0.040900865118629094,-0.1641699116668541,-0.10930784749523798,-0.054541339886495566,0.0,-0.06613645057310834,0.18271420817715076,-0.020450432559314547,-0.054723303888951365,-0.05465392374761899,-0.027270669943247783,0.2457123572984466,0.402540030116495,0.8356250995519604,0.09995737746357919,0.3520681943607977,0.44087066054344176,0.2810809760705372,"{""type"":""Point"",""coordinates"":[-47.26436647082909,-3.962602446649946]}"
000000000000000000c1,0,0.2193161994027227,0.29070277678389167,0.9644353334995834,0.09182783296363908,0.3171323954729338,0.4489528619993036,0.2754856890840096,0.0,-0.0432366306331905,0.0,-0.11286074886066358,-0.05051892163991656,-0.08849290207647043,-0.05400445226812306,0.0,-0.0144122102110635,0.0,-0.037620249620221195,-0.01683964054663885,-0.029497634025490143,-0.018001484089374353,0.2193161994027227,0.33393940741708217,0.9644353334995834,0.20468858182430266,0.3676513171128504,0.537445764075774,0.32949014135213267,"{""type"":""Point"",""coordinates"":[-51.92895627812091,-6.505284426649016]}"
00000000000000000115,0,0.2656969948245176,0.29704520432717274,0.9566735225937804,0.12832989242652515,0.27042526958067864,0.4348957672305881,0.28742447694960827,0.0,-0.06072679183284668,0.0,-0.12714994138021668,-0.09893453373434252,-0.12751377224984572,-0.05178744504754118,0.0,-0.01518169795821167,0.0,-0.03178748534505417,-0.04946726686717126,-0.06375688612492286,-0.012946861261885295,0.2656969948245176,0.3577719961600194,0.9566735225937804,0.25547983380674183,0.36935980331502116,0.5624095394804338,0.33921192199714945,"{""type"":""Point"",""coordinates"":[-49.93424876747875,-6.383113975986705]}"
000000000000000004c2,1,0.25591692740940625,0.4020537385551356,0.7071277701867701,0.5079957896119593,0.47562044858932495,0.7190737724304199,0.38784129058691463,0.0,-0.0748812122677523,0.09421131283852813,-0.04888349238572132,-0.06879051365067601,-0.08596527110186925,-0.05077827312931882,0.0,-0.0748812122677523,0.018842262567705624,-0.009776698477144264,-0.06879051365067601,-0.08596527110186925,-0.05077827312931882,0.25591692740940625,0.4769349508228879,0.612916457348242,0.5568792819976807,0.544410962240001,0.8050390435322892,0.43861956371623345,"{""type"":""Point"",""coordinates"":[-50.0485132319733,-9.18352307867284]}"
00000000000000000375,1,0.2573722573271711,0.41678368660005105,0.608739993312484,0.565727807821895,0.48844814409485626,0.8107227491205578,0.3624187337172915,0.0,0.0,-0.10953115193220919,0.12642906750479543,0.09213019071049505,0.11504912785628107,-0.05070297826329895,0.0,0.0,-0.10953115193220919,0.06321453375239772,0.046065095355247526,0.05752456392814054,-0.01014059565265979,0.2573722573271711,0.41678368660005105,0.7182711452446932,0.4392987403170996,0.3963179533843612,0.6956736212642767,0.41312171198059044,"{""type"":""Point"",""coordinates"":[-46.352123577315126,-1.7582280044747634]}"
00000000000000000177,0,0.23949630722637963,0.2351450203964181,1.4635162396272956,0.04718574003318732,0.20007665539124858,0.4399506379478609,0.23400245837839584,0.0,-0.05273448962994426,0.4445210618442559,-0.2777577901712315,-0.07776514207979773,-0.19710033765964657,-0.05061566472802953,0.0,-0.02636724481497213,0.14817368728141864,-0.06943944754280787,-0.03888257103989887,-0.049275084414911643,-0.025307832364014765,0.23949630722637963,0.28787951002636236,1.0189951777830397,0.3249435302044188,0.2778417974710463,0.6370509756075075,0.28461812310642537,"{""type"":""Point"",""coordinates"":[-47.26400528364376,-3.9625132646288783]}"
000000000000000000f6,0,0.23375960556990075,0.3021238816631536,0.8920025460212382,0.3864932060241699,0.3206555247306824,0.5711218118667603,0.2810986303496993,0.0,-0.049603759943221526,0.3097581322211582,-0.06526079952916952,-0.06122310739080705,-0.06043990441271996,-0.050580996247009846,0.0,-0.049603759943221526,0.10325271074038607,-0.06526079952916952,-0.06122310739080705,-0.06043990441271996,-0.050580996247009846,0.23375960556990075,0.35172764160637515,0.58224441380008,0.45175400555333944,0.3818786321214894,0.6315617162794802,0.33167962659670913,"{""type"":""Point"",""coordinates"":[-47.71657728596219,-3.9854196667404285]}"
00000000000000000161,0,0.24643050560489382,0.2642315680214032,1.3099697666390964,0.06395869415761445,0.25580489184423677,0.4544651370155921,0.26357152009909923,0.0,-0.057433417408395804,0.4969533930126423,-0.09858930695293923,-0.042519163812183014,-0.04622193520777795,-0.04920671056351761,0.0,-0.028716708704197902,0.12423834825316057,-0.049294653476469615,-0.021259581906091507,-0.023110967603888977,-0.024603355281758804,0.24643050560489382,0.321664985429799,0.8130163736264541,0.16254800111055367,0.2983240556564198,0.50068707222337,0.31277823066261684,"{""type"":""Point"",""coordinates"":[-47.26445565285015,-3.962602446649946]}"
000000000000000002b0,0,0.24718646536584668,0.3701117239107678,0.9503034616987546,0.28248247504234314,0.33335893229099794,0.653128628882342,0.24927480525661744,0.0,0.0,0.21265805075179023,-0.04647567506055711,-0.03318292490184738,0.0,-0.0489131130208838,0.0,0.0,0.07088601691726341,-0.04647567506055711,-0.01659146245092369,0.0,-0.0489131130208838,0.24718646536584668,0.3701117239107678,0.7376454109469643,0.32895815010290025,0.3665418571928453,0.653128628882342,0.29818791827750124,"{""type"":""Point"",""coordinates"":[-51.061005635370826,-6.541938237308341]}"
000000000000000000f4,0,0.2855040712137447,0.3331128014779319,0.9365142242843117,0.3803576283755933,0.4470448996148139,0.6374237979637684,0.3088455395825093,0.0,0.0,0.3076985557430785,-0.05579433557500507,-0.03238341555482932,-0.03424801021746726,-0.04814170199691847,0.0,0.0,0.07692463893576962,-0.018598111858335025,-0.010794471851609774,-0.01141600340582242,-0.012035425499229618,0.2855040712137447,0.3331128014779319,0.6288156685412333,0.43615196395059835,0.47942831516964324,0.6716718081812356,0.3569872415794278,"{""type"":""Point"",""coordinates"":[-51.0698970828714,-6.555681186755062]}"
000000000000000004c3,1,0.24434292632957696,0.38196150377150717,0.7454614154374608,0.4878260868537875,0.4578281044960022,0.708619236946106,0.3692143944594718,0.0,-0.061129371339231686,0.10849635795730839,-0.06663265051956457,-0.06686082041464592,-0.0736383660510157,-0.04745241748408979,0.0,-0.030564685669615843,0.03616545265243613,-0.013326530103912914,-0.06686082041464592,-0.0736383660510157,-0.023726208742044896,0.24434292632957696,0.44309087511073886,0.6369650574801524,0.554458737373352,0.5246889249106481,0.7822576029971217,0.4166668119435616,"{""type"":""Point"",""coordinates"":[-50.04842404995223,-9.18352307867284]}"
0000000000000000005f,0,0.2423987674124366,0.34762687892502425,1.096346153846154,0.1185244619846344,0.25780805945396423,0.3938400149345398,0.2930933421834499,0.0,-0.07252791708711825,0.35089306014907695,-0.3394800289440991,-0.20724031601796172,-0.3252236759664009,-0.04724113562340365,0.0,-0.07252791708711825,0.35089306014907695,-0.3394800289440991,-0.20724031601796172,-0.3252236759664009,-0.023620567811701826,0.2423987674124366,0.4201547960121425,0.7454530936970771,0.4580044909287335,0.46504837547192596,0.7190636909009407,0.34033447780685355,"{""type"":""Point"",""coordinates"":[-46.6765053425491,-1.0738005837813556]}"
00000000000000000155,0,0.23473191946635966,0.350730128154237,1.0742157396706362,0.23181672394275665,0.31013063406824715,0.6077559993899128,0.34202603531731673,0.0,-0.07532289988827129,0.21238778284022997,-0.12069595879201955,-0.05823671007275927,-0.06761306950792612,-0.04723400031739222,0.0,-0.018830724972067822,0.21238778284022997,-0.12069595879201955,-0.029118355036379634,-0.01690326737698153,-0.011808500079348055,0.23473191946635966,0.4260530280425083,0.8618279568304062,0.3525126827347762,0.3683673441410064,0.6753690688978389,0.38926003563470896,"{""type"":""Point"",""coordinates"":[-47.71630528079793,-3.971765899314779]}"
0000000000000000010d,0,0.2932800839363759,0.37866295926255256,1.153910177465703,0.2061648964881897,0.3391247373611221,0.5733514482526962,0.3349384984249644,0.0,-0.06319208042871755,0.24260618337028128,-0.13009031306742846,-0.04997232737238316,-0.04709302835176543,-0.04676189802360925,0.0,-0.015798020107179386,0.24260618337028128,-0.13009031306742846,-0.009994465474476633,-0.009418605670353086,-0.015587299341203084,0.2932800839363759,0.4418550396912701,0.9113039940954217,0.33625520955561816,0.38909706473350525,0.6204444766044617,0.3817003964485737,"{""type"":""Point"",""coordinates"":[-49.94035773592198,-6.381049412198961]}"
0000000000000000016d,0,0.24077463259713294,0.23202048810548317,1.6225695115475873,0.004506748693185708,0.14676527825991736,0.403555734916787,0.22560571262515663,0.0,-0.04659470353874903,0.535587684591226,-0.08585476822952662,-0.053143177946404385,-0.03041402122819037,-0.046101467411975156,0.0,-0.023297351769374516,0.1785292281970753,-0.04292738411476331,-0.026571588973202193,-0.015207010614095184,-0.023050733705987578,0.24077463259713294,0.2786151916442322,1.0869818269563614,0.09036151692271233,0.19990845620632175,0.43396975614497735,0.2717071800371318,"{""type"":""Point"",""coordinates"":[-47.26328736837415,-3.962602446649946]}"
0000000000000000029c,0,0.2792854511288023,0.248485385881468,1.1461376200926083,0.14948731660842896,0.2475648225990102,0.33890676498413086,0.24119353379863703,0.0,-0.05046515329926826,0.28918185582394706,-0.17690868276009497,-0.06940164572171625,-0.16037656560510166,-0.04573391205026292,0.0,-0.010093030659853652,0.14459092791197353,-0.17690868276009497,-0.013880329144343251,-0.16037656560510166,-0.009146782410052585,0.2792854511288023,0.2989505391807363,0.8569557642686613,0.3263959993685239,0.31696646832072645,0.4992833305892325,0.28692744584889995,"{""type"":""Point"",""coordinates"":[-51.083822855461314,-6.494595961423905]}"
000000000000000001fe,0,0.22984062346945863,0.23562449270207148,0.9617536109732395,0.14985666553823743,0.3006224036216736,0.6201154586266614,0.22799965031667233,0.0,-0.04674154524965918,0.0,-0.13430563803134318,-0.06840905563701483,0.0,-0.044724224496481474,0.0,-0.015580515083219726,0.0,-0.044768546010447725,-0.06840905563701483,0.0,-0.014908074832160492,0.22984062346945863,0.28236603795173065,0.9617536109732395,0.2841623035695806,0.3690314592586884,0.6201154586266614,0.2727238748131538,"{""type"":""Point"",""coordinates"":[-51.0603769021223,-6.541487868101943]}"
000000000000000000e9,0,0.25081536262396265,0.37150453244622206,0.9367852190926161,0.27511608600616455,0.26077002903755836,0.5359677076339722,0.3448733752742687,0.0,-0.05936572588688832,0.0,0.10408402671221412,-0.036014772522532545,-0.03781603845937709,-0.04447649848376822,0.0,-0.01978857529562944,0.0,0.10408402671221412,-0.012004924174177515,-0.03781603845937709,-0.014825499494589408,0.25081536262396265,0.4308702583331104,0.9367852190926161,0.17103205929395043,0.2967848015600909,0.5737837460933493,0.3893498737580369,"{""type"":""Point"",""coordinates"":[-47.37674473557803,-2.295959918711909]}"
00000000000000000261,0,0.2693260477227379,0.26391434194706126,1.4527795903024927,0.026228528182667382,0.20302942395210266,0.37326762080192566,0.21487548456104721,0.0,0.0,0.35753644569033693,-0.20433006607912851,-0.06195896866822048,-0.09660042179400391,-0.043914907404793424,0.0,0.0,0.17876822284516847,-0.10216503303956426,-0.06195896866822048,-0.09660042179400391,-0.043914907404793424,0.2693260477227379,0.26391434194706126,1.0952431446121558,0.2305585942617959,0.26498839262032314,0.46986804259592957,0.25879039196584064,"{""type"":""Point"",""coordinates"":[-50.05111734698851,-9.18190442499044]}"
00000000000000000288,0,0.1973325515404863,0.2877734614598242,1.1533542589588452,0.15694443881511688,0.28168341517448425,0.3724415600299835,0.2641352278294954,0.0,-0.044161445819682676,0.17645493242498644,-0.04791331671091087,-0.05497390899876464,-0.10508180839001102,-0.0430703506878064,0.0,-0.044161445819682676,0.08822746621249322,-0.04791331671091087,-0.05497390899876464,-0.10508180839001102,-0.0430703506878064,0.1973325515404863,0.33193490727950686,0.9768993265338588,0.20485775552602775,0.3366573241732489,0.47752336841999454,0.3072055785173018,"{""type"":""Point"",""coordinates"":[-51.92895627812091,-6.5053736086700855]}"
00000000000000000091,0,0.23832151033603718,0.44537402543292404,0.9909200968523002,0.23663148283958435,0.33888375759124756,0.7549417088421316,0.4034509056038674,0.0,-0.06400360874983613,0.32178098595492655,-0.2820020253819958,-0.14144256140368333,0.0,-0.04232576059616111,0.0,-0.06400360874983613,0.32178098595492655,-0.2820020253819958,-0.14144256140368333,0.0,-0.04232576059616111,0.23832151033603718,0.5093776341827602,0.6691391108973737,0.5186335082215802,0.4803263189949309,0.7549417088421316,0.44577666620002854,"{""type"":""Point"",""coordinates"":[-46.77559102705773,-1.1367720088581181]}"
000000000000000001fd,0,0.21911088961624667,0.24130637932040527,0.9933180256248918,0.2570086121559143,0.35569071769714355,0.4970897515246874,0.23713102964574034,0.0,-0.04961896994222148,0.0,0.05554982520914456,0.03341855222555007,-0.07630133179547582,-0.04141423730452376,0.0,-0.04961896994222148,0.0,0.05554982520914456,0.03341855222555007,-0.025433777265158608,-0.04141423730452376,0.21911088961624667,0.29092534926262675,0.9933180256248918,0.20145878694676975,0.3222721654715935,0.5733910833201632,0.2785452669502641,"{""type"":""Point"",""coordinates"":[-51.05992653291589,-6.541398686080874]}"
00000000000000000111,0,0.25829813280136393,0.31092774746982327,0.9310589259438498,0.14454791790430604,0.2753080176619418,0.49269262973567,0.29808074220342196,0.0,-0.03842644721092475,0.0,-0.14124320725526213,-0.09078477287927589,-0.0620759618270475,-0.0398898311439948,0.0,-0.009606611802731188,0.0,-0.03531080181381553,-0.045392386439637944,-0.015518990456761875,-0.0099724577859987,0.25829813280136393,0.349354194680748,0.9310589259438498,0.28579112515956817,0.3660927905412177,0.5547685915627175,0.33797057334741676,"{""type"":""Point"",""coordinates"":[-49.93424876747875,-6.383203158007774]}"
0000000000000000017f,0,0.24527172507606249,0.2134522097408841,1.3148948745243336,0.10528631196157828,0.1995179599900912,0.28718093194404853,0.21366295526049706,0.0,-0.04900743486135031,0.4330173095512527,-0.13181046184777478,-0.038310223184042064,-0.07918019733985648,-0.039744358253623435,0.0,-0.024503717430675157,0.10825432738781318,-0.04393682061592493,-0.019155111592021032,-0.03959009866992824,-0.019872179126811718,0.24527172507606249,0.2624596446022344,0.8818775649730809,0.23709677380935307,0.23782818317413326,0.366361129283905,0.2534073135141205,"{""type"":""Point"",""coordinates"":[-47.26319818635309,-3.9625132646288783]}"
0000000000000000016e,0,0.2590378378136005,0.27219791512660707,1.6383420953147825,0.008494332593188672,0.14521162467307808,0.42979070013041404,0.2662081238264911,0.0,-0.03887171548424506,0.652486572335395,-0.04448746240486111,-0.0500185851543451,-0.057456531100965436,-0.03964427123692543,0.0,-0.01943585774212253,0.16312164308384874,-0.022243731202430554,-0.02500929257717255,-0.028728265550482718,-0.019822135618462716,0.2590378378136005,0.31106963061085213,0.9858555229793875,0.05298179499804978,0.19523020982742317,0.4872472312313795,0.30585239506341655,"{""type"":""Point"",""coordinates"":[-47.26319818635308,-3.962602446649946]}"
00000000000000000082,0,0.23869799000552275,0.32384805546202405,0.8276642123902853,0.19539845040563114,0.31124490204099803,0.4950780419981011,0.3004447291810742,0.0,-0.049192873124516534,0.0,-0.039814498953618604,-0.031356352410078836,-0.07222512455253094,-0.03890385906942179,0.0,-0.024596436562258267,0.0,-0.019907249476809302,-0.015678176205039418,-0.03611256227626547,-0.019451929534710893,0.23869799000552275,0.3730409285865406,0.8276642123902853,0.23521294935924975,0.34260125445107686,0.5673031665506321,0.33934858825049596,"{""type"":""Point"",""coordinates"":[-48.408009954410566,-2.477507759001904]}"
00000000000000000285,0,0.22759055593471414,0.38407414570398984,0.8494628224231333,0.21664820018259479,0.3563644758984768,0.6374657029050252,0.37391031083398174,0.0,-0.04374343961523314,0.0,-0.07135701498314528,-0.06881530554480642,0.0,-0.03767142623593145,0.0,-0.014581146538411046,0.0,-0.02378567166104843,-0.02293843518160214,0.0,-0.012557142078643816,0.22759055593471414,0.427817585319223,0.8494628224231333,0.28800521516574007,0.4251797814432832,0.6374657029050252,0.4115817370699132,"{""type"":""Point"",""coordinates"":[-51.9289562781209,-6.505106062606878]}"
00000000000000000264,0,0.25729557442174344,0.24406614983642771,1.3991454642023107,0.03790794909000397,0.2134690135717392,0.4106968641281128,0.2449709419170075,0.0,-0.04859469059316629,0.22039838895681618,-0.17113085985183715,-0.04523401877528521,-0.048014304608605674,-0.037242629903286334,0.0,-0.04859469059316629,0.22039838895681618,-0.08556542992591858,-0.04523401877528521,-0.048014304608605674,-0.037242629903286334,0.25729557442174344,0.292660840429594,1.1787470752454945,0.20903880894184113,0.2587030323470244,0.45871116873671847,0.28221357182029383,"{""type"":""Point"",""coordinates"":[-50.05210726742238,-9.182265612175767]}"
00000000000000000166,0,0.2560065445753752,0.27003349513226077,1.438141269286487,0.04552862283834486,0.2418151527279902,0.3718528653969747,0.2310883213321843,0.0,0.0,0.39711916918270895,-0.28042735432762417,-0.034845516121954856,-0.2652667505190125,-0.03522449530621116,0.0,0.0,0.13237305639423633,-0.07010683858190604,-0.017422758060977428,-0.06631668762975312,-0.01761224765310558,0.2560065445753752,0.27003349513226077,1.041022100103778,0.325955977165969,0.27666066884994506,0.6371196159159872,0.26631281663839546,"{""type"":""Point"",""coordinates"":[-47.264005283643755,-3.9626024466499463]}"
00000000000000000245,0,0.24247047677325356,0.1517526489446757,1.1752914010465831,0.2271126297780527,0.1698625236749649,0.23573824318456557,0.16173373832553212,0.0,-0.04339565578702692,0.3956562282710011,-0.10573878013405669,-0.04189780354499817,-0.042992034201332935,-0.03444132429151531,0.0,-0.008679131157405384,0.13188540942366703,-0.021147756026811338,-0.008379560708999634,-0.008598406840266587,-0.006888264858303061,0.24247047677325356,0.1951483047317026,0.779635172775582,0.3328514099121094,0.21176032721996307,0.2787302773858985,0.19617506261704742,"{""type"":""Point"",""coordinates"":[-47.70211196214481,-3.979399880318278]}"
000000000000000000f7,0,0.2527290213637947,0.1652324470522095,0.9113848234039797,0.40347111225128174,0.17374720045104808,0.3961458270226645,0.1714460351303094,0.0,-0.04209857464338293,-0.054367725326860517,0.07218785346140327,-0.055405383624879595,-0.0574193212540583,-0.0333540353690043,0.0,-0.021049287321691465,-0.010873545065372104,0.07218785346140327,-0.027702691812439798,-0.02870966062702915,-0.01667701768450215,0.2527290213637947,0.20733102169559242,0.9657525487308403,0.33128325878987847,0.22915258407592767,0.4535651482767228,0.2048000704993137,"{""type"":""Point"",""coordinates"":[-47.71558736552833,-3.9847017514708245]}"
0000000000000000012a,0,0.2698771707643025,0.3394899644648389,1.1379469909342455,0.18558500707149506,0.3206561803817749,0.5152372717857361,0.3154286085684045,0.0,-0.03380192052896713,0.4707456796845252,-0.2601552886043322,-0.0725169937940165,-0.07733944216370314,-0.031198734982400556,0.0,-0.03380192052896713,0.2353728398422626,-0.2601552886043322,-0.0725169937940165,-0.07733944216370314,-0.031198734982400556,0.2698771707643025,0.37329188499380606,0.6672013112497203,0.44574029567582724,0.3931731741757914,0.5925767139494392,0.34662734355080504,"{""type"":""Point"",""coordinates"":[-49.94224393566758,-6.381049412198961]}"
0000000000000000012c,0,0.26156173053981335,0.3787106668775402,0.9886218070007547,0.27888354659080505,0.31288594007492065,0.5991306423334515,0.379977842724873,0.0,-0.06275532614070145,0.24597714027629747,-0.1487941355140383,-0.0630094183771524,-0.0318576277108753,-0.03111707337963804,0.0,-0.01255106522814029,0.12298857013814873,-0.1487941355140383,-0.0630094183771524,-0.007964406927718826,-0.006223414675927607,0.26156173053981335,0.44146599301824163,0.7426446667244573,0.42767768210484336,0.37589535845207306,0.6309882700443268,0.41109491610451104,"{""type"":""Point"",""coordinates"":[-49.94251148173078,-6.379791945701888]}"
00000000000000000030,1,0.22701538060501814,0.5190699870221565,0.4726101055948816,0.6586880106348095,0.5283588882119274,0.8007249995775936,0.4808157630360857,0.0,0.0,-0.18420348371901707,0.13449359125080684,0.04385234076090816,0.06375469413478352,0.0,0.0,0.0,-0.036840696743803414,0.02689871825016137,0.008770468152181632,0.012750938826956704,0.0,0.22701538060501814,0.5190699870221565,0.6568135893138987,0.5241944193840027,0.4845065474510193,0.7369703054428101,0.4808157630360857,"{""type"":""Point"",""coordinates"":[-48.42768350825836,-2.484517465857921]}"
00000000000000000038,1,0.26122570964815506,0.5184987711530853,0.5209495939706306,0.6748807020520586,0.5142450520012614,0.8076727640155712,0.4642768992464677,0.0,0.0,-0.09622501481964862,0.2177342660760302,0.06120311107375587,0.0803553115848461,0.0,0.0,0.0,-0.024056253704912156,0.04354685321520604,0.012240622214751173,0.01607106231696922,0.0,0.26122570964815506,0.5184987711530853,0.6171746087902792,0.45714643597602844,0.4530419409275055,0.7273174524307251,0.4642768992464677,"{""type"":""Point"",""coordinates"":[-48.42777269027943,-2.484517465857921]}"
0000000000000000005b,0,0.21440301900732686,0.33009009893349744,1.205391288528201,0.15115052443996588,0.2967001694814556,0.4442023709619072,0.43376318951728615,0.0,-0.10923018555634545,0.6520828432645814,-0.23962577301009977,-0.08766988069221948,-0.1677650592152098,0.0,0.0,-0.054615092778172725,0.21736094775486048,-0.11981288650504988,-0.04383494034610974,-0.0838825296076049,0.0,0.21440301900732686,0.4393202844898429,0.5533084452636196,0.39077629745006565,0.3843700501736751,0.611967430177117,0.43376318951728615,"{""type"":""Point"",""coordinates"":[-46.73821930112879,-1.1122469530641657]}"
0000000000000000006e,0,0.23622841284448196,0.4654129153058347,0.704135038009355,0.3465535342693329,0.3740902543067932,0.5234495401382446,0.40862139076831444,0.0,0.0,0.0,-0.19047503409370725,-0.13114947891475615,-0.22899556042581182,0.0,0.0,0.0,0.0,-0.19047503409370725,-0.13114947891475615,-0.22899556042581182,0.0,0.23622841284448196,0.4654129153058347,0.704135038009355,0.5370285683630401,0.5052397332215494,0.7524451005640564,0.40862139076831444,"{""type"":""Point"",""coordinates"":[-46.77514065785133,-1.136682826837049]}"
00000000000000000081,0,0.2276523538774209,0.4498785564463324,0.8012574089541441,0.1176666403570068,0.26249463584964117,0.40234008475723004,0.41265057082536344,0.0,0.0,0.0,-0.14384245290858022,-0.10385202008815747,-0.14665114613877905,0.0,0.0,0.0,0.0,-0.07192122645429011,-0.051926010044078735,-0.07332557306938953,0.0,0.2276523538774209,0.4498785564463324,0.8012574089541441,0.261509093265587,0.36634665593779864,0.5489912308960091,0.41265057082536344,"{""type"":""Point"",""coordinates"":[-48.408009954410566,-2.477329394959766]}"
0000000000000000008f,0,0.27662011743248033,0.4270609888435642,1.3648727849833624,0.06907901912927628,0.22932390868663788,0.6143378104482379,0.37887077551338283,0.0,0.0,0.7077614133865656,-0.42857495708682936,-0.22414623342809226,0.0,0.0,0.0,0.0,0.7077614133865656,-0.42857495708682936,-0.22414623342809226,0.0,0.0,0.27662011743248033,0.4270609888435642,0.6571113715967968,0.49765397621610563,0.45347014211473013,0.6143378104482379,0.37887077551338283,"{""type"":""Point"",""coordinates"":[-46.77514065785133,-1.1370440140223783]}"
0000000000000000009e,0,0.24531895349564894,0.37601119591849014,0.8225996956002992,0.17232682849625341,0.30907247315223224,0.5493587010189033,0.3744749194102793,0.0,-0.056276436948608455,0.0,-0.10759149409960711,-0.05007099325330683,0.0,0.0,0.0,-0.011255287389721692,0.0,-0.02151829881992142,-0.010014198650661365,0.0,0.0,0.24531895349564894,0.4322876328670986,0.8225996956002992,0.2799183225958605,0.35914346640553907,0.5493587010189033,0.3744749194102793,"{""type"":""Point"",""coordinates"":[-46.6765053425491,-1.0734438556970798]}"
000000000000000000a3,0,0.24531895349564894,0.37601119591849014,0.8225996956002992,0.17232682849625341,0.30907247315223224,0.5493587010189033,0.3744749194102793,0.0,-0.056276436948608455,0.0,-0.10759149409960711,-0.05007099325330683,0.0,0.0,0.0,-0.011255287389721692,0.0,-0.02151829881992142,-0.010014198650661365,0.0,0.0,0.24531895349564894,0.4322876328670986,0.8225996956002992,0.2799183225958605,0.35914346640553907,0.5493587010189033,0.3744749194102793,"{""type"":""Point"",""coordinates"":[-46.6765053425491,-1.0734438556970798]}"
000000000000000000c9,0,0.26669867170011397,0.3748540375487445,1.27093090936287,0.016656162217259407,0.2248784750699997,0.3512100577354431,0.3900609170927419,0.0,-0.043238022405844456,0.5609220206979291,-0.27651281006885925,-0.130147989473765,-0.23444196750816682,0.0,0.0,-0.008647604481168891,0.18697400689930968,-0.27651281006885925,-0.130147989473765,-0.23444196750816682,0.0,0.26669867170011397,0.418092059954589,0.7100088886649409,0.29316897228611866,0.3550264645437647,0.5856520252436099,0.3900609170927419,"{""type"":""Point"",""coordinates"":[-46.771729445545446,-1.151683242780841]}"
000000000000000000db,0,0.24230343126810241,0.11990418184774172,1.3009234394686675,0.023363593392797935,0.18428791608504763,0.1659182537965437,0.09727147160086644,0.0,0.0,-0.09550694326621256,0.059326260708996284,0.05544951019103722,0.0,0.0,0.0,0.0,-0.031835647755404185,0.011865252141799256,0.018483170063679073,0.0,0.0,0.24230343126810241,0.11990418184774172,1.39643038273488,-0.03596266731619835,0.1288384058940104,0.1659182537965437,0.09727147160086644,"{""type"":""Point"",""coordinates"":[-50.568725338171454,-5.773608371193296]}"
000000000000000000f3,0,0.2911526572986928,0.28261145041216007,0.976589084509705,0.3615028877084976,0.43685532396462456,0.6843209624564369,0.32034757357667626,0.0,-0.06761237311475365,0.28557863507586456,-0.07033331000097454,-0.038320254586324265,0.0,0.0,0.0,-0.03380618655737683,0.07139465876896614,-0.023444436666991513,-0.012773418195441422,0.0,0.0,0.2911526572986928,0.3502238235269137,0.6910104494338405,0.4318361977094721,0.47517557855094883,0.6843209624564369,0.32034757357667626,"{""type"":""Point"",""coordinates"":[-51.06980790085033,-6.555681186755063]}"
00000000000000000128,0,0.26372434682960755,0.3827992866539169,1.0736585008617374,0.2120719701051712,0.32944318652153015,0.5369757413864136,0.3447482065689057,0.0,0.0,0.2154142595172317,-0.16430540556987655,-0.03907674558628266,-0.055974648727277754,0.0,0.0,0.0,0.2154142595172317,-0.16430540556987655,-0.03907674558628266,-0.055974648727277754,0.0,0.26372434682960755,0.3827992866539169,0.8582442413445057,0.37637737567504775,0.3685199321078128,0.5929503901136913,0.3447482065689057,"{""type"":""Point"",""coordinates"":[-49.942061112524385,-6.380688225013631]}"
0000000000000000012d,0,0.2726205524164741,0.37898326575137253,1.1282153806218571,0.24182374803664583,0.32928151033629355,0.5706212978847736,0.3869603917966434,0.0,0.044166844687692386,0.4225703848504013,-0.10715141819432786,-0.04230080979006584,-0.040824638464455165,0.0,0.0,0.044166844687692386,0.14085679495013378,-0.05357570909716393,-0.02115040489503292,-0.020412319232227583,0.0,0.2726205524164741,0.33481642106368015,0.7056449957714558,0.3489751662309737,0.3715823201263594,0.6114459363492287,0.3869603917966434,"{""type"":""Point"",""coordinates"":[-49.94035773592198,-6.381316958262167]}"
00000000000000000132,0,0.23441122842785228,0.5602089391248816,0.9056200612979051,0.30390745401382446,0.4001224637031555,0.5047293901443481,0.5003295914405799,0.0,0.0,0.45250064058996026,-0.36331580027596533,-0.2016931003106751,-0.3268433408289906,0.0,0.0,0.0,0.45250064058996026,-0.36331580027596533,-0.2016931003106751,-0.3268433408289906,0.0,0.23441122842785228,0.5602089391248816,0.4531194207079448,0.6672232542897898,0.6018155640138306,0.8315727309733387,0.5003295914405799,"{""type"":""Point"",""coordinates"":[-47.727265751187296,-4.032400755439534]}"
00000000000000000138,0,0.24523927091688288,0.4316427414742253,1.2868043087971275,0.11847389489412308,0.19298245012760162,0.29829004406929016,0.3908662358833864,0.0,0.0,0.6165343616808368,-0.3687509295777684,-0.29692697983535454,-0.42085624893113593,0.0,0.0,0.0,0.6165343616808368,-0.3687509295777684,-0.29692697983535454,-0.42085624893113593,0.0,0.24523927091688288,0.4316427414742253,0.6702699471162907,0.48722482447189147,0.48990942996295617,0.7191462930004261,0.3908662358833864,"{""type"":""Point"",""coordinates"":[-47.727265751187296,-4.032044027355259]}"
00000000000000000139,0,0.24899602022098108,0.45953176288878134,1.2936422413793103,0.09975903481245041,0.2200728952884674,0.36697909235954285,0.4260839500925909,0.0,0.0,0.6810701318429883,-0.43408663787569857,-0.32842682151547,-0.380936913443653,0.0,0.0,0.0,0.6810701318429883,-0.43408663787569857,-0.32842682151547,-0.380936913443653,0.0,0.24899602022098108,0.45953176288878134,0.612572109536322,0.533845672688149,0.5484997168039374,0.7479160058031958,0.4260839500925909,"{""type"":""Point"",""coordinates"":[-47.72717656916624,-4.032044027355259]}"
0000000000000000013c,0,0.23912123394291587,0.2855670861853242,1.129138851802403,0.1775788962841034,0.2801339328289032,0.4281633794307709,0.4588232346756858,0.0,-0.2575200609736712,0.5536990352365178,-0.38669975027081105,-0.24416919274343485,-0.36814874548242105,0.0,0.0,-0.2575200609736712,0.5536990352365178,-0.38669975027081105,-0.24416919274343485,-0.36814874548242105,0.0,0.23912123394291587,0.5430871471589954,0.5754398165658853,0.5642786465549144,0.524303125572338,0.7963121249131919,0.4588232346756858,"{""type"":""Point"",""coordinates"":[-47.72690902310302,-4.032044027355259]}"
00000000000000000143,0,0.25375684845564506,0.2855670861853242,1.129138851802403,0.1775788962841034,0.2801339328289032,0.4281633794307709,0.4588232346756858,0.0,-0.2575200609736712,0.5536990352365178,-0.38669975027081105,-0.24416919274343485,-0.36814874548242105,0.0,0.0,-0.2575200609736712,0.5536990352365178,-0.38669975027081105,-0.24416919274343485,-0.36814874548242105,0.0,0.25375684845564506,0.5430871471589954,0.5754398165658853,0.5642786465549144,0.524303125572338,0.7963121249131919,0.4588232346756858,"{""type"":""Point"",""coordinates"":[-47.726909023103026,-4.03195484533419]}"
0000000000000000014a,0,0.24312226855048283,0.4810689853220294,1.1149479659413435,0.14342789351940155,0.27635037899017334,0.7258694292429378,0.4402035814058878,0.0,0.0,0.5196722731262684,-0.4327825472568855,-0.25350390838465797,0.0,0.0,0.0,0.0,0.5196722731262684,-0.4327825472568855,-0.25350390838465797,0.0,0.0,0.24312226855048283,0.4810689853220294,0.5952756928150751,0.576210440776287,0.5298542873748313,0.7258694292429378,0.4402035814058878,"{""type"":""Point"",""coordinates"":[-47.7268153819809,-4.031865663313122]}"
00000000000000000150,0,0.23009553969701532,0.3929467282739763,1.2531645569620253,0.11430921405553818,0.17498667538166046,0.4988445043563843,0.3704989235879973,0.0,0.0,0.23508692416970378,-0.11232138988984167,-0.08913060473703632,-0.13942579720903014,0.0,0.0,0.0,0.23508692416970378,-0.11232138988984167,-0.08913060473703632,-0.13942579720903014,0.0,0.23009553969701532,0.3929467282739763,1.0180776327923216,0.22663060394537984,0.2641172801186968,0.6382703015654144,0.3704989235879973,"{""type"":""Point"",""coordinates"":[-47.71630528079793,-3.9718550813358466]}"
00000000000000000153,0,0.21719927391556054,0.35906655371654456,0.9671807726933519,0.27692747116088867,0.365388116588135,0.5798531174659729,0.4457095466594546,0.0,-0.13440323148836192,0.2529383504796603,-0.20277237528751452,-0.09200960064933755,-0.16775208808423403,0.0,0.0,-0.13440323148836192,0.2529383504796603,-0.20277237528751452,-0.046004800324668776,-0.16775208808423403,0.0,0.21719927391556054,0.4934697852049065,0.7142424222136916,0.4796998464484032,0.4573977172374726,0.7476052055502069,0.4457095466594546,"{""type"":""Point"",""coordinates"":[-47.716488103941124,-3.971765899314778]}"
00000000000000000154,0,0.23621154368880362,0.3115562247184658,1.0322030169663996,0.22458839416503906,0.3519952912910791,0.5090240240097046,0.421122616165629,0.0,-0.1757373085646915,0.30911386836977695,-0.23772824794120662,-0.09809072417179632,-0.19945242344367153,0.0,0.0,-0.1757373085646915,0.30911386836977695,-0.23772824794120662,-0.04904536208589816,-0.19945242344367153,0.0,0.23621154368880362,0.4872935332831573,0.7230891485966227,0.4623166421062457,0.4500860154628754,0.7084764474533761,0.421122616165629,"{""type"":""Point"",""coordinates"":[-47.71639892192006,-3.971765899314778]}"
00000000000000000156,0,0.24725433962103713,0.31439163541213466,1.130915673276156,0.21805894374847412,0.2941431796032313,0.5620473383604471,0.36974200347308556,0.0,-0.08638992420423464,0.2636772781594372,-0.11582587744360467,-0.09253787974869954,-0.07452563511972021,0.0,0.0,-0.02159748105105866,0.2636772781594372,-0.11582587744360467,-0.04626893987434977,-0.018631408779930053,0.0,0.24725433962103713,0.4007815596163693,0.8672383951167189,0.3338848211920788,0.3866810593519308,0.6365729734801673,0.36974200347308556,"{""type"":""Point"",""coordinates"":[-47.71621609877687,-3.971765899314778]}"
00000000000000000159,0,0.2296775098411712,0.3295934587655931,1.1173330834139996,0.1801448595521395,0.28997888678823536,0.6387674352722013,0.3781110780670729,0.0,-0.1032611819025212,0.39733479389049264,-0.2828944790365751,-0.12403840606893479,0.0,0.0,0.0,-0.1032611819025212,0.09933369847262316,-0.056578895807315024,-0.0413461353563116,0.0,0.0,0.2296775098411712,0.4328546406681143,0.719998289523507,0.4630393385887146,0.41401729285717015,0.6387674352722013,0.3781110780670729,"{""type"":""Point"",""coordinates"":[-47.71648810394113,-3.9718550813358466]}"
0000000000000000016a,0,0.24856863220861095,0.285129969258681,1.5791618781701309,0.015499218420752373,0.12974015861289706,0.4259014218098049,0.26271314495454406,0.0,0.0,0.4941424395689846,-0.05452587170743099,-0.14660353191263553,0.0,0.0,0.0,0.0,0.16471414652299488,-0.027262935853715496,-0.04886784397087851,0.0,0.0,0.24856863220861095,0.285129969258681,1.0850194386011462,0.07002509012818336,0.2763436905255326,0.4259014218098049,0.26271314495454406,"{""type"":""Point"",""coordinates"":[-47.26355491443736,-3.962602446649946]}"
0000000000000000016c,0,0.25595709698256464,0.2816687096535294,1.6355095093943366,-0.02032710750226907,0.12810169151357131,0.4273013108160826,0.2648102743211303,0.0,0.0,0.5224445996063167,-0.08775944326643875,-0.11898756440290884,0.0,0.0,0.0,0.0,0.17414819986877225,-0.043879721633219376,-0.039662521467636276,0.0,0.0,0.25595709698256464,0.2816687096535294,1.1130649097880199,0.06743233576416968,0.24708925591648015,0.4273013108160826,0.2648102743211303,"{""type"":""Point"",""coordinates"":[-47.263376550395215,-3.962602446649946]}"
00000000000000000179,0,0.24754061379869782,0.289881041809485,1.3313459182459442,0.08710876477409565,0.20271956385039155,0.30146587076297343,0.2695838711955869,0.0,0.0,0.42077836461557117,-0.054177159839380123,-0.06082936762906241,-0.05764434619154346,0.0,0.0,0.0,0.10519459115389279,-0.027088579919690062,-0.030414683814531204,-0.02882217309577173,0.0,0.24754061379869782,0.289881041809485,0.910567553630373,0.14128592461347578,0.26354893147945396,0.3591102169545169,0.2695838711955869,"{""type"":""Point"",""coordinates"":[-47.263737737580556,-3.9625132646288783]}"
0000000000000000018b,0,0.25069566767131735,0.22658921955783867,1.5054377654670956,0.013932709027090928,0.18858519071540764,0.3302896042182625,0.31366012475549565,0.0,-0.12160697183446989,0.7000360547006477,-0.23375903946711718,-0.11247956582039442,-0.12409227593678918,0.0,0.0,-0.04053565727815663,0.17500901367516192,-0.0779196798223724,-0.03749318860679814,-0.04136409197892973,0.0,0.25069566767131735,0.34819619139230856,0.805401710766448,0.2476917484942081,0.30106475653580206,0.45438188015505165,0.31366012475549565,"{""type"":""Point"",""coordinates"":[-47.26364409645843,-3.96242408260781]}"
0000000000000000018e,0,0.23639630714739407,0.22805467522356287,1.5218795195698702,0.02551455815155243,0.1994652306987966,0.3579149819854894,0.31906807313263036,0.0,-0.1883289197276296,0.7019400577458424,-0.2300809629422865,-0.08446824796915478,-0.14445482835833495,0.0,0.0,-0.03766578394552592,0.1754850144364606,-0.0766936543140955,-0.028156082656384928,-0.04815160945277832,0.0,0.23639630714739407,0.4163835949511925,0.8199394618240278,0.25559552109383893,0.2839334786679514,0.5023698103438243,0.31906807313263036,"{""type"":""Point"",""coordinates"":[-47.263376550395215,-3.962424082607809]}"
0000000000000000019b,0,0.25195767483307413,0.2210878768029518,1.6060301320346793,-0.006110092295756986,0.12458766109768271,0.3537998280141548,0.329636299528209,0.0,-0.17057362405417228,0.7237930751376308,-0.1046182774439961,-0.1326310910409405,-0.14595478719485627,0.0,0.0,-0.05685787468472409,0.1809482687844077,-0.05230913872199805,-0.0442103636803135,-0.04865159573161876,0.0,0.25195767483307413,0.3916615008571241,0.8822370568970485,0.09850818514823911,0.2572187521386232,0.4997546152090111,0.329636299528209,"{""type"":""Point"",""coordinates"":[-47.263737737580556,-3.96233490058674]}"
0000000000000000019c,0,0.24414282207876678,0.38968752542743157,1.5487170887515078,-0.005319367213526605,0.16290286824223896,0.4507319289569005,0.36209678327449385,0.0,0.0,0.5236524284265602,-0.2548476230445682,-0.13423476256627995,-0.11414938056888657,0.0,0.0,0.0,0.17455080947552007,-0.08494920768152274,-0.04474492085542665,-0.03804979352296219,0.0,0.24414282207876678,0.38968752542743157,1.0250646603249476,0.2495282558310416,0.2971376308085189,0.5648813095257871,0.36209678327449385,"{""type"":""Point"",""coordinates"":[-47.26364409645843,-3.96233490058674]}"
0000000000000000019d,0,0.23740914948280392,0.26023858099856767,1.501200279851242,-0.009538248989247072,0.16231328765138844,0.4224933841095478,0.35035096965626533,0.0,-0.12056434504460889,0.45075460663879463,-0.24628883509772023,-0.12478105636306733,-0.13137409902949032,0.0,0.0,-0.04018811501486963,0.15025153554626489,-0.08209627836590674,-0.041593685454355774,-0.04379136634316344,0.0,0.23740914948280392,0.38080292604317656,1.0504456732124474,0.23675058610847316,0.28709434401445577,0.5538674831390381,0.35035096965626533,"{""type"":""Point"",""coordinates"":[-47.263554914437364,-3.96233490058674]}"
0000000000000000019f,0,0.22726032766666646,0.2616972996663422,1.4441138279781902,0.03210792777702082,0.16775841947112763,0.5753108519915102,0.3549442181400127,0.0,-0.13801754737799754,0.4380558496168896,-0.24173911595904818,-0.14274666373218814,0.0,0.0,0.0,-0.04600584912599918,0.1460186165389632,-0.08057970531968273,-0.047582221244062715,0.0,0.0,0.22726032766666646,0.39971484704433974,1.0060579783613006,0.273847043736069,0.31050508320331577,0.5753108519915102,0.3549442181400127,"{""type"":""Point"",""coordinates"":[-47.263376550395215,-3.96233490058674]}"
000000000000000001ab,0,0.24425096983367633,0.21324120195922322,1.5346369761173557,0.035886670196694975,0.1956012273736411,0.3907878566657248,0.34429369084975164,0.0,-0.17685542926407535,0.551864919228452,-0.20477587476904904,-0.1104039370758148,-0.14271260869023894,0.0,0.0,-0.05895180975469178,0.1839549730761507,-0.06825862492301635,-0.03680131235860493,-0.04757086956341298,0.0,0.24425096983367633,0.3900966312232986,0.9827720568889037,0.24066254496574402,0.3060051644494559,0.5335004653559637,0.34429369084975164,"{""type"":""Point"",""coordinates"":[-47.26382691960162,-3.962245718565671]}"
000000000000000001af,0,0.24986709225299172,0.28708278362904865,1.28452106937511,0.12380529579120664,0.31969792761816546,0.48384655349408673,0.3695951208492025,0.0,-0.12678835763512875,0.40664084118766153,-0.23777613550732485,-0.04838441691384748,-0.08814098179074586,0.0,0.0,-0.04226278587837625,0.13554694706255385,-0.07925871183577494,-0.016128138971282496,-0.029380327263581956,0.0,0.24986709225299172,0.4138711412641774,0.8778802281874484,0.3615814312985315,0.36808234453201294,0.5719875352848326,0.3695951208492025,"{""type"":""Point"",""coordinates"":[-47.263465732416286,-3.962245718565671]}"
000000000000000001b0,0,0.25551834554196534,0.4181094694096383,1.2142424899640607,0.1814508121244498,0.3264788280620261,0.47360640775857155,0.3913544666786263,0.0,0.0,0.5194544609614019,-0.18936516074878507,-0.05392920041262611,-0.1328801516765773,0.0,0.0,0.0,0.12986361524035048,-0.06312172024959502,-0.017976400137542037,-0.04429338389219243,0.0,0.25551834554196534,0.4181094694096383,0.6947880290026588,0.37081597287323487,0.3804080284746522,0.6064865594351488,0.3913544666786263,"{""type"":""Point"",""coordinates"":[-47.263376550395215,-3.962245718565671]}"
000000000000000001b1,0,0.2650354442054805,0.2759149105406197,1.3071768323460606,0.1305509273494993,0.290621032141611,0.4342444340147599,0.35649711032200654,0.0,-0.11143983559143489,0.4475763707439424,-0.26018222527844564,-0.07836255003823178,-0.13458109401086726,0.0,0.0,-0.03714661186381163,0.14919212358131415,-0.08672740842614855,-0.02612085001274393,-0.04486036467028909,0.0,0.2650354442054805,0.38735474613205456,0.8596004616021182,0.39073315262794495,0.3689835821798428,0.5688255280256271,0.35649711032200654,"{""type"":""Point"",""coordinates"":[-47.26328736837415,-3.962245718565671]}"
000000000000000001bc,0,0.258396281659974,0.24601183605195137,1.483952205918089,0.06377577908639176,0.19858546170137942,0.42662047820148347,0.33792676185689274,0.0,-0.1297609388452573,0.6837911251931731,-0.1497913610841023,-0.08156167798568575,-0.10651196463050966,0.0,0.0,-0.043253646281752434,0.17094778129829327,-0.04993045369470076,-0.027187225995228586,-0.03550398821016989,0.0,0.258396281659974,0.3757727748972087,0.8001610807249159,0.21356714017049405,0.28014713968706517,0.5331324428319931,0.33792676185689274,"{""type"":""Point"",""coordinates"":[-47.263737737580556,-3.962156536544602]}"
000000000000000001bf,0,0.25670004963391646,0.4394508409914514,1.2096808062280555,0.1900289711949288,0.3176876701703417,0.5660325971542834,0.39991727763606766,0.0,0.0,0.24321503849513704,-0.19943166929614886,-0.0709160558590543,-0.06185284833744431,0.0,0.0,0.0,0.24321503849513704,-0.06647722309871629,-0.023638685286351435,-0.020617616112481436,0.0,0.25670004963391646,0.4394508409914514,0.9664657677329185,0.38946064049107765,0.388603726029396,0.6278854454917278,0.39991727763606766,"{""type"":""Point"",""coordinates"":[-47.263465732416286,-3.962156536544602]}"
000000000000000001cb,0,0.2628523142152462,0.4198894395022171,1.1973241286694516,0.16657936573028564,0.3285961151123047,0.5650272965431213,0.3916983879096604,0.0,0.0,0.3445327957897133,-0.14722938897537574,-0.06860126667014826,-0.07063589311277263,0.0,0.0,0.0,0.17226639789485665,-0.14722938897537574,-0.06860126667014826,-0.07063589311277263,0.0,0.2628523142152462,0.4198894395022171,0.8527913328797383,0.3138087547056614,0.39719738178245295,0.635663189655894,0.3916983879096604,"{""type"":""Point"",""coordinates"":[-47.26355491443736,-3.9620628954224792]}"
000000000000000001da,0,0.25475634834251143,0.42402938495545506,1.3667090847321823,0.10661169592533246,0.2356771812101913,0.4591394149785816,0.3897260473893149,0.0,0.0,0.28642430816357933,-0.1964753922077169,-0.10361817012560856,-0.10579562018692434,0.0,0.0,0.0,0.28642430816357933,-0.0654917974025723,-0.03453939004186952,-0.035265206728974784,0.0,0.25475634834251143,0.42402938495545506,1.080284776568603,0.30308708813304935,0.33929535133579986,0.5649350351655059,0.3897260473893149,"{""type"":""Point"",""coordinates"":[-47.264094465664826,-3.961884531380343]}"
000000000000000001dc,0,0.2495732671946917,0.4254117788006185,1.3563587776707426,0.10647779703140259,0.3076292521956877,0.5398292962930248,0.39274060469921246,0.0,0.0,0.4599438824369251,-0.16941772272404976,-0.09517360684906062,-0.10548587995552572,0.0,0.0,0.0,0.22997194121846254,-0.16941772272404976,-0.03172453561635354,-0.03516195998517524,0.0,0.2495732671946917,0.4254117788006185,0.8964148952338176,0.27589551975545235,0.40280285904474833,0.6453151762485505,0.39274060469921246,"{""type"":""Point"",""coordinates"":[-47.263916101622684,-3.961884531380343]}"
000000000000000001e2,0,0.24790927799332224,0.3068785549780469,1.4717616736977308,0.07979369933212371,0.18513316350236825,0.44551637579001613,0.3749831075460501,0.0,-0.11335576332518876,0.31996621656693147,-0.2095786971410386,-0.13382432927438676,-0.14877489994965365,0.0,0.0,-0.03778525444172959,0.31996621656693147,-0.06985956571367953,-0.04460810975812892,-0.04959163331655122,0.0,0.24790927799332224,0.42023431830323565,1.1517954571307993,0.2893723964731623,0.318957492776755,0.5942912757396698,0.3749831075460501,"{""type"":""Point"",""coordinates"":[-47.264094465664826,-3.961795349359274]}"
000000000000000001e6,0,0.25476233344403293,0.22054351137694295,1.3955219561607237,0.04960594326257706,0.18021034888734366,0.3128203911782317,0.2602909959113124,0.0,-0.11337469503125452,0.2606125495154732,-0.14398256815884705,-0.1319677039271614,-0.14102015586609618,0.0,0.0,-0.022674939006250904,0.2606125495154732,-0.14398256815884705,-0.04398923464238713,-0.028204031173219235,0.0,0.25476233344403293,0.33391820640819747,1.1349094066452505,0.1935885114214241,0.31217805281450506,0.45384054704432786,0.2602909959113124,"{""type"":""Point"",""coordinates"":[-47.26436647082908,-3.9617061673382037]}"
000000000000000001ee,0,0.25970780332108373,0.2205275894225787,1.3958333333333335,0.0479704812169075,0.2235964335029518,0.2846808503778442,0.26856272006277876,0.0,-0.1434922854562838,0.3461546944566869,-0.18274311964711248,-0.14691009153672105,-0.10916383178805333,0.0,0.0,-0.028698457091256763,0.3461546944566869,-0.18274311964711248,-0.02938201830734421,-0.03638794392935111,0.0,0.25970780332108373,0.3640198748788625,1.0496786388766466,0.23071360086401999,0.37050652503967285,0.3938446821658975,0.26856272006277876,"{""type"":""Point"",""coordinates"":[-47.26436647082909,-3.9616169853171366]}"
00000000000000000204,0,0.25631770617935307,0.507650852505753,0.8414392920800203,0.318930447101593,0.40832194685935974,0.6243730020523072,0.43809718420269245,0.0,0.0,0.22286290714067025,-0.14273582163461096,-0.07945114047430762,-0.08933637619018553,0.0,0.0,0.0,0.07428763571355675,-0.14273582163461096,-0.07945114047430762,-0.044668188095092765,0.0,0.25631770617935307,0.507650852505753,0.6185763849393501,0.461666268736204,0.48777308733366737,0.7137093782424927,0.43809718420269245,"{""type"":""Point"",""coordinates"":[-46.72286215710072,-1.3570382235951841]}"
00000000000000000205,0,0.19626599245204818,0.13405901375993487,1.4935744068841583,0.22072079096468042,0.030190951732512974,0.40402538242245356,0.13723553367259736,0.0,0.0,0.5047016278344129,-0.039046433426621036,-0.10833164467641053,-0.06649096196492782,0.0,0.0,0.0,0.10094032556688257,-0.009761608356655259,-0.027082911169102632,-0.016622740491231955,0.0,0.19626599245204818,0.13405901375993487,0.9888727790497455,0.25976722439130145,0.1385225964089235,0.4705163443873814,0.13723553367259736,"{""type"":""Point"",""coordinates"":[-46.72232260587325,-1.3560527622623724]}"
00000000000000000208,0,0.17591601995863754,0.1813526493475183,0.9813726187031797,0.33442866475168037,0.21056087935417742,0.5272812942663828,0.17629486065880637,0.0,0.0,0.0,-0.053596052817670825,-0.03881935900002867,0.0,0.0,0.0,0.0,0.0,-0.010719210563534165,-0.009704839750007167,0.0,0.0,0.17591601995863754,0.1813526493475183,0.9813726187031797,0.3880247175693512,0.24938023835420609,0.5272812942663828,0.17629486065880637,"{""type"":""Point"",""coordinates"":[-46.721961418687926,-1.3563203083255793]}"
0000000000000000021b,0,0.2604316444481129,0.3694668193460167,0.7761708258700702,0.4357438506640511,0.3487867901947884,0.5577572664232867,0.33464466854300545,0.0,0.0,0.0,0.17624543825363287,0.031707014675767475,0.16375510729063592,0.0,0.0,0.0,0.0,0.04406135956340822,0.007926753668941869,0.08187755364531796,0.0,0.2604316444481129,0.3694668193460167,0.7761708258700702,0.2594984124104182,0.31707977551902095,0.3940021591326508,0.33464466854300545,"{""type"":""Point"",""coordinates"":[-46.701837495633725,-1.3776125158557833]}"
00000000000000000228,0,0.2418441976303819,0.31576467334424496,1.2140921409214092,0.18263249052454475,0.27806825998524337,0.499632948815314,0.2886415140035649,0.0,0.0,0.11325714558345479,-0.05336516956648221,-0.05754385825892777,0.0,0.0,0.0,0.0,0.11325714558345479,-0.01778838985549407,-0.011508771651785554,0.0,0.0,0.2418441976303819,0.31576467334424496,1.1008349953379544,0.23599766009102696,0.33561211824417114,0.499632948815314,0.2886415140035649,"{""type"":""Point"",""coordinates"":[-47.7161269167558,-3.9736520990603856]}"
00000000000000000233,0,0.18246500221628464,0.10604374671616465,2.3692014910763155,-0.28281249471825476,0.11109846518342856,0.2512142525592478,0.10708014452737162,0.0,0.0,0.2767350730458271,-0.058534429474651734,0.035165475925802034,0.05060321747423488,0.0,0.0,0.0,0.13836753652291356,-0.019511476491550578,0.008791368981450508,0.01265080436855872,0.0,0.18246500221628464,0.10604374671616465,2.0924664180304884,-0.22427806524360303,0.07593298925762652,0.2006110350850129,0.10708014452737162,"{""type"":""Point"",""coordinates"":[-50.566749956404784,-6.0258552586856755]}"
00000000000000000243,0,0.24597145657266456,0.18893361656714117,0.9422872174468869,0.29036252151726183,0.34355617133590366,0.36747203908304726,0.19778247039516939,0.0,0.0,-0.06136780814597509,0.04729563522928201,0.0543199837047601,-0.04132006921430076,0.0,0.0,0.0,-0.015341952036493772,0.015765211743094004,0.01086399674095202,-0.008264013842860152,0.0,0.24597145657266456,0.18893361656714117,1.003655025592862,0.24306688628797982,0.28923618763114356,0.408792108297348,0.19778247039516939,"{""type"":""Point"",""coordinates"":[-51.06998626489247,-6.552354697369192]}"
00000000000000000263,0,0.2987533855659216,0.23852218976568626,1.3270924329336147,0.06257169365882875,0.14805889129638672,0.47528339739899855,0.2826783413649729,0.0,-0.03668413219745162,0.48213021467381034,-0.19385022401809687,-0.09205290782871356,0.0,0.0,0.0,-0.03668413219745162,0.1607100715579368,-0.09692511200904844,-0.09205290782871356,0.0,0.0,0.2987533855659216,0.2752063219631379,0.8449622182598043,0.2564219176769256,0.24011179912510028,0.47528339739899855,0.2826783413649729,"{""type"":""Point"",""coordinates"":[-50.05039943171891,-9.181726060948302]}"
00000000000000000265,0,0.2685670875454013,0.1571002177722312,1.3985514792264233,0.030535003170371056,0.15758225321769714,0.2661195271970845,0.16968942106751425,0.0,0.0,0.1818041693999508,-0.10066687682726971,-0.04064020394831028,0.0,0.0,0.0,0.0,0.1818041693999508,-0.10066687682726971,-0.04064020394831028,0.0,0.0,0.2685670875454013,0.1571002177722312,1.2167473098264725,0.13120187999764077,0.19822245716600742,0.2661195271970845,0.16968942106751425,"{""type"":""Point"",""coordinates"":[-50.05129571103065,-9.182265612175769]}"
00000000000000000266,0,0.21340562392607754,0.3696635277736056,0.9895588181460557,0.3002639119733313,0.36090537905693054,0.6192213532114935,0.3499154786925465,0.0,0.0,0.22828903781026666,-0.08239127330878604,-0.03366234602857049,0.0,0.0,0.0,0.0,0.07609634593675556,-0.04119563665439302,-0.03366234602857049,0.0,0.0,0.21340562392607754,0.3696635277736056,0.7612697803357891,0.38265518528211734,0.39456772508550103,0.6192213532114935,0.3499154786925465,"{""type"":""Point"",""coordinates"":[-48.274339482131424,-2.531226549392766]}"
0000000000000000028c,0,0.26669867170011397,0.3748540375487445,1.27093090936287,0.016656162217259407,0.2248784750699997,0.3512100577354431,0.3900609170927419,0.0,-0.043238022405844456,0.5609220206979291,-0.27651281006885925,-0.130147989473765,-0.23444196750816682,0.0,0.0,-0.008647604481168891,0.18697400689930968,-0.27651281006885925,-0.130147989473765,-0.23444196750816682,0.0,0.26669867170011397,0.418092059954589,0.7100088886649409,0.29316897228611866,0.3550264645437647,0.5856520252436099,0.3900609170927419,"{""type"":""Point"",""coordinates"":[-46.771729445545446,-1.151683242780841]}"
0000000000000000028d,0,0.2410454392154135,0.47027391418081443,1.0923701283226386,0.14025454223155975,0.2722799777984619,0.6659828636504637,0.41527594885241575,0.0,0.0,0.23052541610221589,-0.21834996608752727,-0.12356392014918544,0.0,0.0,0.0,0.0,0.23052541610221589,-0.21834996608752727,-0.12356392014918544,0.0,0.0,0.2410454392154135,0.47027391418081443,0.8618447122204227,0.358604508319087,0.39584389794764735,0.6659828636504637,0.41527594885241575,"{""type"":""Point"",""coordinates"":[-46.771546622402255,-1.1520444299661703]}"
0000000000000000028e,0,0.23150384023630538,0.46655664831048743,0.8310766051044093,0.3386548734694369,0.3402706225877345,0.5440549741709362,0.3777075958843513,0.0,0.0,0.11173306099388802,-0.08745573088978309,-0.062017277860110964,0.0,0.0,0.0,0.0,0.05586653049694401,-0.021863932722445772,-0.012403455572022192,0.0,0.0,0.23150384023630538,0.46655664831048743,0.7193435441105213,0.42611060435922,0.40228790044784546,0.5440549741709362,0.3777075958843513,"{""type"":""Point"",""coordinates"":[-46.772179814751844,-1.1519552479451014]}"
00000000000000000296,0,0.24949544161759785,0.19478620492600737,0.9775932436339689,0.26722284346977754,0.33106253185987866,0.34430158912612335,0.2095750328723487,0.0,0.0,-0.07993391147209583,0.05286274045864625,0.040920182957546514,0.0,0.0,0.0,0.0,-0.015986782294419168,0.01057254809172925,0.008184036591509302,0.0,0.0,0.24949544161759785,0.19478620492600737,1.0575271551060648,0.2143601030111313,0.29014234890233215,0.34430158912612335,0.2095750328723487,"{""type"":""Point"",""coordinates"":[-50.56262082882929,-6.027023543161678]}"
000000000000000002b8,0,0.2396749232098629,0.2261995765731317,1.190093162803198,0.15868854522705078,0.25589054822921753,0.43222468984032403,0.23880390600693122,0.0,0.0,0.0,0.043447589640545486,-0.03556616262004614,0.0,0.0,0.0,0.0,0.0,0.043447589640545486,-0.03556616262004614,0.0,0.0,0.2396749232098629,0.2261995765731317,1.190093162803198,0.1152409555865053,0.29145671084926367,0.43222468984032403,0.23880390600693122,"{""type"":""Point"",""coordinates"":[-51.904431222326956,-6.4462637651056065]}"
000000000000000002ba,0,0.24935847375732328,0.21119327942726152,1.236449194540553,0.14853979752902013,0.2373221923822509,0.31972410275206264,0.21188944347924904,0.0,0.0,0.27334547595014413,-0.04767827802476188,-0.043934100917371016,0.0,0.0,0.0,0.0,0.09111515865004804,-0.02383913901238094,-0.021967050458685508,0.0,0.0,0.24935847375732328,0.21119327942726152,0.9631037185904088,0.196218075553782,0.28125629329962193,0.31972410275206264,0.21188944347924904,"{""type"":""Point"",""coordinates"":[-52.04025989951598,-6.336311251329738]}"
000000000000000002d0,1,0.22887654269134083,0.4934125188507082,0.6801906859999746,0.49716011037802527,0.5258971160692287,0.7470235634612432,0.436496337916146,0.0,0.0,-0.09304569520945383,0.0923160329436244,0.10402260948763586,0.104049371236276,0.0,0.0,0.0,-0.018609139041890765,0.018463206588724877,0.020804521897527174,0.0208098742472552,0.0,0.22887654269134083,0.4934125188507082,0.7732363812094284,0.4048440774344009,0.42187450658159287,0.6429741922249672,0.436496337916146,"{""type"":""Point"",""coordinates"":[-48.0261369992945,-2.1743290192770655]}"
000000000000000002d4,1,0.2412160860373067,0.4837943548437404,0.6340167002559236,0.49384160331777616,0.5001908603092514,0.6959666858508934,0.43186046034655046,0.0,0.0,-0.18184355411429842,0.11008460637035544,0.07982461838625188,0.0,0.0,0.0,0.0,-0.03636871082285968,0.022016921274071087,0.015964923677250376,0.0,0.0,0.2412160860373067,0.4837943548437404,0.815860254370222,0.3837569969474207,0.42036624192299954,0.6959666858508934,0.43186046034655046,"{""type"":""Point"",""coordinates"":[-48.02613699929451,-2.1744182012981343]}"
000000000000000002d5,1,0.2487182374556817,0.4632403397744365,0.7319755508689296,0.4747714209685263,0.5035642843447835,0.6922864086819389,0.45438532141788807,0.0,0.0,0.0,0.0494781235339673,0.09282885601150104,0.0,0.0,0.0,0.0,0.0,0.00989562470679346,0.018565771202300206,0.0,0.0,0.2487182374556817,0.4632403397744365,0.7319755508689296,0.425293297434559,0.41073542833328247,0.6922864086819389,0.45438532141788807,"{""type"":""Point"",""coordinates"":[-48.02586499413025,-2.1743290192770655]}"
000000000000000002df,1,0.25054759485624817,0.5025157893968548,0.5977272727272727,0.5605461597442627,0.4817765757770099,0.8028031499301929,0.4446862814214731,0.0,0.0,-0.12534229826868837,0.07191806996359745,0.09972930272266722,0.13913912243577142,0.0,0.0,0.0,-0.12534229826868837,0.07191806996359745,0.04986465136133361,0.06956956121788571,0.0,0.25054759485624817,0.5025157893968548,0.723069570995961,0.48862808978066524,0.38204727305434266,0.6636640274944214,0.4446862814214731,"{""type"":""Point"",""coordinates"":[-46.35203439529405,-1.7587675557022302]}"
000000000000000002eb,1,0.2292987570731815,0.5561661714359007,0.6083279115159401,0.5853532552719116,0.5321968197822571,0.8161043423758289,0.4702336591769245,0.0,0.0,0.10297234321317683,-0.06175584422062541,-0.03972539105720907,0.0,0.0,0.0,0.0,0.10297234321317683,-0.06175584422062541,-0.03972539105720907,0.0,0.0,0.2292987570731815,0.5561661714359007,0.5053555683027633,0.647109099492537,0.5719222108394661,0.8161043423758289,0.4702336591769245,"{""type"":""Point"",""coordinates"":[-46.34125674804788,-1.7645153369601219]}"
00000000000000000307,1,0.23116898356995383,0.5049873901531993,0.793861719598287,0.470664381980896,0.4868308901786804,0.7535929181285256,0.41849101864075544,0.0,0.07781157748434381,0.0,0.1185612386405428,0.07921059102048322,0.11090978895465464,0.0,0.0,0.07781157748434381,0.0,0.1185612386405428,0.07921059102048322,0.03696992965155155,0.0,0.23116898356995383,0.42717581266885546,0.793861719598287,0.3521031433403532,0.4076202991581972,0.6426831291738709,0.41849101864075544,"{""type"":""Point"",""coordinates"":[-51.903262937850954,-6.460278719716587]}"
0000000000000000031b,1,0.198501420919218,0.5406299473538676,0.5431298092331699,0.6514210104942322,0.6180137893764905,0.8257184028625488,0.4858056094278086,0.0,0.0,-0.0873183690524133,0.08910175340254667,0.20278095140130908,0.040002064005554394,0.0,0.0,0.0,-0.021829592263103326,0.08910175340254667,0.04055619028026182,0.040002064005554394,0.0,0.198501420919218,0.5406299473538676,0.6304481782855832,0.5623192570916855,0.41523283797518146,0.7857163388569944,0.4858056094278086,"{""type"":""Point"",""coordinates"":[-48.42076744252447,-2.5085921524454755]}"
00000000000000000327,1,0.233814382156761,0.44194614036586893,0.8470966396123029,0.30234221025489577,0.4160446163618478,0.636467694449296,0.4017199356813436,0.0,0.0,0.0,0.09252511967379212,0.10582901104446768,0.08552287642728151,0.0,0.0,0.0,0.0,0.02313127991844803,0.02645725276111692,0.02138071910682038,0.0,0.233814382156761,0.44194614036586893,0.8470966396123029,0.20981709058110365,0.3102156053173801,0.5509448180220144,0.4017199356813436,"{""type"":""Point"",""coordinates"":[-48.4074704031831,-2.478586861456838]}"
00000000000000000329,1,0.2213152794911706,0.46461456625154285,0.8211266051202621,0.31997281044751086,0.3928673222018307,0.5955338088449184,0.38852425369624227,0.0,0.10884674260424321,0.0,0.08224322697829245,0.07155680484291876,0.04605890038888749,0.0,0.0,0.027211685651060802,0.0,0.020560806744573112,0.01788920121072969,0.011514725097221873,0.0,0.2213152794911706,0.35576782364729964,0.8211266051202621,0.2377295834692184,0.3213105173589119,0.5494749084560309,0.38852425369624227,"{""type"":""Point"",""coordinates"":[-48.40738122116203,-2.478497679435769]}"
0000000000000000036f,1,0.256559287284711,0.4418379367884862,0.6356058961686591,0.5658658742904663,0.44342270493507385,0.7616289854049683,0.3860244837180227,0.0,0.0,-0.11923784821763839,0.11926773105835298,0.06668363549613376,0.09008410991712845,0.0,0.0,0.0,-0.11923784821763839,0.11926773105835298,0.06668363549613376,0.09008410991712845,0.0,0.256559287284711,0.4418379367884862,0.7548437443862975,0.44659814323211333,0.3767390694389401,0.6715448754878398,0.3860244837180227,"{""type"":""Point"",""coordinates"":[-46.35167766720978,-1.758584732559039]}"
00000000000000000371,1,0.24783097195973378,0.4818295936897318,0.7172617749563942,0.5615120530128479,0.4503720267419902,0.7457902891203846,0.4242325862954681,0.0,0.0,0.0,0.11934007911210104,0.07643125284009394,0.09419456885164113,0.0,0.0,0.0,0.0,0.11934007911210104,0.03821562642004697,0.04709728442582056,0.0,0.24783097195973378,0.4818295936897318,0.7172617749563942,0.44217197390074686,0.37394077390189623,0.6515957202687435,0.4242325862954681,"{""type"":""Point"",""coordinates"":[-46.35140566204552,-1.7586783736811618]}"
00000000000000000372,1,0.2532010388286303,0.45127484583646327,0.5795631825273011,0.6269035339355469,0.4845016244025737,0.7637062811968565,0.3900940346463894,0.0,0.0,-0.13925275185670116,0.15210980270740504,0.08238818822605004,0.1045416260468005,0.0,0.0,0.0,-0.13925275185670116,0.15210980270740504,0.04119409411302502,0.05227081302340025,0.0,0.2532010388286303,0.45127484583646327,0.7188159343840023,0.47479373122814184,0.4021134361765237,0.659164655150056,0.3900940346463894,"{""type"":""Point"",""coordinates"":[-46.35122729800337,-1.7587675557022304]}"
00000000000000000373,1,0.2562323068868487,0.475794976134108,0.5995145631067961,0.5743913650512695,0.46939646169199106,0.741519538756021,0.41318585121187695,0.0,0.0,-0.09061443902158683,0.11197147122253226,0.06815141228756655,0.06332059888157904,0.0,0.0,0.0,-0.09061443902158683,0.11197147122253226,0.034075706143783274,0.021106866293859678,0.0,0.2562323068868487,0.475794976134108,0.6901290021283829,0.46241989382873727,0.4012450494044245,0.6781989398744419,0.41318585121187695,"{""type"":""Point"",""coordinates"":[-46.35104893396125,-1.7589459197443678]}"
00000000000000000376,1,0.26366269880443516,0.4796809186009642,0.6053921568627451,0.5598586521436598,0.4625490804594795,0.6982061447798426,0.41771438225484264,0.0,0.0,-0.11318132427600192,0.12087847107042443,0.08179449420305135,0.0,0.0,0.0,0.0,-0.11318132427600192,0.060439235535212216,0.040897247101525674,0.0,0.0,0.26366269880443516,0.4796809186009642,0.718573481138747,0.4389801810732354,0.38075458625642816,0.6982061447798426,0.41771438225484264,"{""type"":""Point"",""coordinates"":[-46.351138115982316,-1.7588567377232989]}"
00000000000000000380,1,0.23584112736458238,0.5590143420171206,0.5985306053158969,0.5887427246687729,0.5785133247783804,0.8057707634498447,0.4764514556792162,0.0,0.0,-0.042452366206144565,0.05209504724720304,0.0348384385517263,0.03337491422193939,0.0,0.0,0.0,-0.008490473241228914,0.010419009449440608,0.00696768771034526,0.006674982844387878,0.0,0.23584112736458238,0.5590143420171206,0.6409829715220414,0.5366476774215698,0.543674886226654,0.7723958492279053,0.4764514556792162,"{""type"":""Point"",""coordinates"":[-50.56845779210825,-5.816366691194789]}"
00000000000000000386,1,0.24268457441915858,0.5120834037373427,0.5569126285724271,0.5984573992300463,0.535624731877833,0.794409070308349,0.4697401324061519,0.0,0.0,-0.06088532086378562,0.08911013923172473,0.03677551378745775,0.04360142737164241,0.0,0.0,0.0,-0.012177064172757124,0.017822027846344946,0.009193878446864437,0.008720285474328482,0.0,0.24268457441915858,0.5120834037373427,0.6177979494362127,0.5093472599983215,0.49884921809037525,0.7508076429367065,0.4697401324061519,"{""type"":""Point"",""coordinates"":[-50.564056659368504,-6.019385103057125]}"
0000000000000000038e,1,0.26945911888857016,0.37341325948815324,0.7892699154467107,0.4579336643218994,0.39140470612073286,0.6690262140009976,0.34049192567769,0.0,0.0,-0.08748912419267119,0.10363199862866501,0.034967470050099925,0.09197773349028593,0.0,0.0,0.0,-0.08748912419267119,0.10363199862866501,0.006993494010019985,0.018395546698057187,0.0,0.26945911888857016,0.37341325948815324,0.8767590396393818,0.3543016656932344,0.35643723607063293,0.5770484805107117,0.34049192567769,"{""type"":""Point"",""coordinates"":[-47.71513699632193,-3.9860483999889658]}"
00000000000000000396,1,0.25158393217576613,0.3630073735848799,0.9449720033265238,0.48988575272757773,0.4934291835744218,0.7382455115532478,0.3240879984136609,0.0,0.0,0.0,0.5288478453754765,0.2531830049270606,0.40696158708071767,0.0,0.0,0.0,0.0,0.26442392268773823,0.1265915024635303,0.20348079354035883,0.0,0.25158393217576613,0.3630073735848799,0.9449720033265238,-0.03896209264789874,0.2402461786473612,0.33128392447253013,0.3240879984136609,"{""type"":""Point"",""coordinates"":[-49.937842802927825,-6.379609122558697]}"
000000000000000003b0,1,0.26141022851981377,0.6110143347866948,0.49947538262919866,0.6290644407272339,0.5912467466833586,0.8077243770506616,0.5535120359705,0.0,0.0,-0.05291353139904342,0.04923579040208359,0.07009757298896535,0.0,0.0,0.0,0.0,-0.05291353139904342,0.04923579040208359,0.01401951459779307,0.0,0.0,0.26141022851981377,0.6110143347866948,0.5523889140282421,0.5798286503251503,0.5211491736943933,0.8077243770506616,0.5535120359705,"{""type"":""Point"",""coordinates"":[-49.937842802927825,-6.380509860971493]}"
000000000000000003f5,1,0.15021783238485012,0.24789164251615242,0.9994366773544554,0.3169478207959075,0.3173197452673214,0.5782561186877844,0.23435098698876417,0.0,0.0,-0.14052633888222932,0.1816472590764398,0.08485590273304205,0.201797535376523,0.0,0.0,0.0,-0.04684211296074311,0.0908236295382199,0.04242795136652103,0.1008987676882615,0.0,0.15021783238485012,0.24789164251615242,1.1399630162366847,0.1353005617194677,0.23246384253427932,0.37645858331126136,0.23435098698876417,"{""type"":""Point"",""coordinates"":[-47.26265863512561,-3.9606270648832704]}"
000000000000000003f9,1,0.21206428648135742,0.42582996447454824,0.9349241847795557,0.3700998523329682,0.4006141158031127,0.637241659578329,0.24507491952217478,0.0,0.3125679026419467,-0.20253492485843183,0.3267418137162847,0.17838509803217703,0.23324202309039682,0.0,0.0,0.06251358052838935,-0.06751164161947727,0.16337090685814235,0.08919254901608852,0.11662101154519841,0.0,0.21206428648135742,0.11326206183260151,1.1374591096379876,0.04335803861668353,0.22222901777093565,0.4039996364879322,0.24507491952217478,"{""type"":""Point"",""coordinates"":[-47.26265863512561,-3.9605378828622015]}"
000000000000000003fe,1,0.20617783272903956,0.42747902381178415,0.9507304874268614,0.35241880005311316,0.3632361498976275,0.5970952011869151,0.2480866370381529,0.0,0.31147015362805586,-0.2076708391673816,0.3188488474912253,0.13632858246834545,0.22890895469534311,0.0,0.0,0.06229403072561117,-0.06922361305579387,0.15942442374561264,0.06816429123417272,0.11445447734767156,0.0,0.20617783272903956,0.11600887018372832,1.158401326594243,0.03356995256188789,0.22690756742928203,0.36818624649157194,0.2480866370381529,"{""type"":""Point"",""coordinates"":[-47.26265863512561,-3.9604487008411327]}"
0000000000000000043e,1,0.23228591131298432,0.4097401522970753,0.6927083146034979,0.5271430203139889,0.47980305954797237,0.7377291378129393,0.3887023249882743,0.0,0.0,0.0,0.06572539139833128,0.04017281338555778,0.0,0.0,0.0,0.0,0.0,0.01643134784958282,0.013390937795185928,0.0,0.0,0.23228591131298432,0.4097401522970753,0.6927083146034979,0.4614176289156576,0.4396302461624146,0.7377291378129393,0.3887023249882743,"{""type"":""Point"",""coordinates"":[-50.04959233442823,-9.184062629900307]}"
000000000000000004e9,1,0.22900503924173407,0.4933520218616029,0.5597577985541053,0.6411855955524718,0.5525820192981402,0.8177881738128122,0.45999142771106877,0.0,0.0,0.0,0.0469482777139395,0.034624974727931024,0.0,0.0,0.0,0.0,0.0,0.02347413885696975,0.011541658242643674,0.0,0.0,0.22900503924173407,0.4933520218616029,0.5597577985541053,0.5942373178385323,0.5179570445702092,0.8177881738128122,0.45999142771106877,"{""type"":""Point"",""coordinates"":[-50.048424049952224,-9.183251073508579]}"
000000000000000004ea,1,0.22746278949965013,0.5811320145103605,0.507635622290494,0.6695971000467058,0.5932592717975447,0.8387811274300966,0.5001140739331887,0.0,0.034053494614580515,0.0,0.048024522104131884,0.04435361748748734,0.0,0.0,0.0,0.017026747307290258,0.0,0.024012261052065942,0.01478453916249578,0.0,0.0,0.22746278949965013,0.5470785198957799,0.507635622290494,0.6215725779425739,0.5489056543100573,0.8387811274300966,0.5001140739331887,"{""type"":""Point"",""coordinates"":[-50.04833486793116,-9.183251073508579]}"
000000000000000004fc,1,0.20784894252026578,0.4879729602218199,0.6198443672289301,0.5817980587544564,0.5454237618043342,0.7831884026527405,0.43542113742771626,0.0,0.0,0.0,0.03001013432732036,0.034822448748464074,0.0,0.0,0.0,0.0,0.0,0.00750253358183009,0.011607482916154691,0.0,0.0,0.20784894252026578,0.4879729602218199,0.6198443672289301,0.5517879244271361,0.5106013130558701,0.7831884026527405,0.43542113742771626,"{""type"":""Point"",""coordinates"":[-50.04761695266155,-9.18316189148751]}"
0000000000000000050f,1,0.22590091218376418,0.46971026940339244,0.6261561203086796,0.5979566875911919,0.5479574030290187,0.8076319191576695,0.43072051793290345,0.0,0.0,0.0,0.06463545788357705,0.036239594782406126,0.05683859698551175,0.0,0.0,0.0,0.0,0.032317728941788526,0.012079864927468709,0.014209649246377937,0.0,0.22590091218376418,0.46971026940339244,0.6261561203086796,0.5333212297076149,0.5117178082466126,0.7507933221721578,0.43072051793290345,"{""type"":""Point"",""coordinates"":[-50.047616952661556,-9.182983527445373]}"
00000000000000000553,1,0.29045220225696083,0.30220331547278473,1.0535016922380218,0.29073851621023217,0.3703713119029999,0.5996711850166321,0.2780508970901216,0.0,0.0773250519825984,-0.10691712263897846,0.07172997486995392,0.054593707896260724,0.07938759884213775,0.0,0.0,0.01546501039651968,-0.026729280659744614,0.03586498743497696,0.054593707896260724,0.07938759884213775,0.0,0.29045220225696083,0.22487826349018633,1.1604188148770003,0.21900854134027825,0.31577760400673915,0.5202835861744943,0.2780508970901216,"{""type"":""Point"",""coordinates"":[-51.069446713664995,-6.552354697369191]}"
00000000000000000556,1,0.2505163982241867,0.4577773535481351,0.6269270888267385,0.5642334840448905,0.5290808676720877,0.796615158335877,0.40587743537165444,0.0,0.09503853006322094,-0.08064737399043276,0.09437132109055318,0.07117272577334227,0.07721228129272695,0.0,0.0,0.019007706012644187,-0.02016184349760819,0.031457107030184395,0.017793181443335568,0.019303070323181737,0.0,0.2505163982241867,0.36273882348491415,0.7075744628171713,0.4698621629543373,0.45790814189874546,0.7194028770431501,0.40587743537165444,"{""type"":""Point"",""coordinates"":[-51.06989708287139,-6.5527158845545195]}"
00000000000000000566,1,0.2467344370363705,0.5817593651221465,0.6519144427249168,0.4998216772079468,0.4984119100293944,0.7685842788565156,0.5103505263824274,0.0,0.0,0.07075391211661619,-0.07679716110229495,-0.08438398663912433,-0.05551993088444107,0.0,0.0,0.0,0.07075391211661619,-0.038398580551147476,-0.042191993319562165,-0.013879982721110268,0.0,0.2467344370363705,0.5817593651221465,0.5811605306083006,0.5766188383102417,0.5827958966685187,0.8241042097409567,0.5103505263824274,"{""type"":""Point"",""coordinates"":[-48.06898450131707,-2.1703737966426595]}"
00000000000000000578,1,0.23208609046165857,0.6679387569323254,0.4980260828454499,0.6816422131326464,0.604671257085737,0.8356949687004089,0.5769974736185132,0.0,0.0,0.0,0.07044643031226272,0.04139902060654976,0.0,0.0,0.0,0.0,0.0,0.01761160757806568,0.01034975515163744,0.0,0.0,0.23208609046165857,0.6679387569323254,0.4980260828454499,0.6111957828203837,0.5632722364791872,0.8356949687004089,0.5769974736185132,"{""type"":""Point"",""coordinates"":[-47.37647273041377,-2.2981136645207227]}"
0000000000000000057f,1,0.2596436259895039,0.5486555878172255,0.5290646350688881,0.6228315731028964,0.4773602533911821,0.7666644521401386,0.47623428635537796,0.0,0.0,-0.07259149681711241,0.07856148489728576,0.047606139525864566,0.0,0.0,0.0,0.0,-0.07259149681711241,0.03928074244864288,0.023803069762932283,0.0,0.0,0.2596436259895039,0.5486555878172255,0.6016561318860005,0.5442700882056106,0.42975411386531753,0.7666644521401386,0.47623428635537796,"{""type"":""Point"",""coordinates"":[-47.98238875885916,-2.2125078424966693]}"
00000000000000000582,1,0.23627774407213545,0.4652951163650466,0.7354686239779494,0.45925581455230713,0.41983577609062195,0.718153715133667,0.43349816055730817,0.0,0.0,0.0,0.06888553555057608,0.06708072123964726,0.06955374315592666,0.0,0.0,0.0,0.0,0.06888553555057608,0.06708072123964726,0.06955374315592666,0.0,0.23627774407213545,0.4652951163650466,0.7354686239779494,0.39037027900173105,0.3527550548509747,0.6485999719777403,0.43349816055730817,"{""type"":""Point"",""coordinates"":[-50.89831979253691,-9.086145229867691]}"
00000000000000000583,1,0.2408918199538524,0.47055670975580793,0.7723066922906634,0.46915411949157715,0.40467408299446106,0.7066900134086609,0.418525848483524,0.0,0.0,0.0,0.07721811672816226,0.04253765187001307,0.07364669597529805,0.0,0.0,0.0,0.0,0.07721811672816226,0.04253765187001307,0.07364669597529805,0.0,0.2408918199538524,0.47055670975580793,0.7723066922906634,0.3919360027634149,0.362136431124448,0.6330433174333628,0.418525848483524,"{""type"":""Point"",""coordinates"":[-50.898587338600116,-9.08605604784662]}"
00000000000000000586,1,0.25939248085868294,0.5710172069702194,0.6638465338626471,0.5288863182067871,0.47894755005836487,0.7680918574333191,0.48260799900102086,0.0,0.08076922691653465,0.0,0.07439639335815129,0.0650317990008712,0.03743271666436487,0.0,0.0,0.020192306729133663,0.0,0.07439639335815129,0.0650317990008712,0.03743271666436487,0.0,0.25939248085868294,0.49024798005368475,0.6638465338626471,0.4544899248486358,0.4139157510574937,0.7306591407689542,0.48260799900102086,"{""type"":""Point"",""coordinates"":[-50.89795860535157,-9.08587322470343]}"
00000000000000000587,1,0.23944590085921583,0.514071396245647,0.7186854263624857,0.5057865977287292,0.44072386622428894,0.7058196186261246,0.46498899158196344,0.0,0.0,0.03132122026166284,0.06369131200742617,0.049000568447940485,0.0,0.0,0.0,0.0,0.006264244052332568,0.06369131200742617,0.049000568447940485,0.0,0.0,0.23944590085921583,0.514071396245647,0.6873642061008228,0.4420952857213031,0.39172329777634846,0.7058196186261246,0.46498899158196344,"{""type"":""Point"",""coordinates"":[-50.89786942333052,-9.08596686582555]}"
00000000000000000594,1,0.21784697423781052,0.6490749781797069,0.7673777106095059,0.4294452369213104,0.4325503408908844,0.6502290964126587,0.5657017924340865,0.0,0.0,0.21213805100160177,-0.19223692229240585,-0.07233865700246123,-0.18460254922751473,0.0,0.0,0.0,0.21213805100160177,-0.19223692229240585,-0.07233865700246123,-0.18460254922751473,0.0,0.21784697423781052,0.6490749781797069,0.5552396596079041,0.6216821592137163,0.5048889978933456,0.8348316456401734,0.5657017924340865,"{""type"":""Point"",""coordinates"":[-46.771457440381184,-1.152311976029377]}"
0000000000000000059c,1,0.24205831061916164,0.5966332064388792,0.5559496811731564,0.6195678141965152,0.55886122391635,0.7803202604568497,0.49644620438703313,0.0,0.056337118350872184,-0.06497215103179677,0.06761175050791746,0.047570676887031316,0.0,0.0,0.0,0.011267423670174437,-0.012994430206359353,0.01352235010158349,0.009514135377406262,0.0,0.0,0.24205831061916164,0.540296088088007,0.6209218322049531,0.5519560636885977,0.5112905470293186,0.7803202604568497,0.49644620438703313,"{""type"":""Point"",""coordinates"":[-50.563517108141035,-6.02055338753313]}"
000000000000000005b2,1,0.2395778623314367,0.5525056900098876,0.8007914635431133,0.4048304557800293,0.42393508553504944,0.6841517686843872,0.48858849440361046,0.0,0.0,0.2755637874968996,-0.22218485591524573,-0.10218523880200281,-0.1316993800626508,0.0,0.0,0.0,0.2755637874968996,-0.22218485591524573,-0.10218523880200281,-0.1316993800626508,0.0,0.2395778623314367,0.5525056900098876,0.5252276760462137,0.627015311695275,0.5261203243370522,0.815851148747038,0.48858849440361046,"{""type"":""Point"",""coordinates"":[-47.98382458939836,-2.211968291269202]}"
000000000000000005b8,1,0.24434041010391278,0.42438010579546964,0.7831051365783457,0.4934260587893329,0.4362139667834408,0.7209916978909485,0.39320092743092966,0.0,0.0,0.0,0.2378966456666004,0.11026170876962088,0.1777291943489817,0.0,0.0,0.0,0.0,0.1189483228333002,0.05513085438481044,0.08886459717449086,0.0,0.24434041010391278,0.42438010579546964,0.7831051365783457,0.2555294131227325,0.32595225801381994,0.5432625035419668,0.39320092743092966,"{""type"":""Point"",""coordinates"":[-51.91125810603978,-6.4519268234434834]}"
000000000000000005b9,1,0.2485794637484779,0.5098780861455685,0.8141734296416633,0.470128209480432,0.3858532977686129,0.7234193415031612,0.391043295577114,0.0,0.21500440775978152,0.0,0.21270555906765043,0.037677033005734495,0.18164964353190693,0.0,0.0,0.10750220387989076,0.0,0.10635277953382521,0.012559011001911499,0.09082482176595347,0.0,0.2485794637484779,0.294873678385787,0.8141734296416633,0.25742265041278156,0.3481762647628784,0.5417696979712543,0.391043295577114,"{""type"":""Point"",""coordinates"":[-51.91125810603978,-6.451833182321361]}"
000000000000000005bb,1,0.26084207386829905,0.46100056907071846,0.7609901756531595,0.4998378122798684,0.4058278535600695,0.7531058633704188,0.42235272591099476,0.0,0.0,0.0,0.19608489570145776,0.03943139064274159,0.16141587064113982,0.0,0.0,0.0,0.0,0.09804244785072888,0.013143796880913864,0.08070793532056991,0.0,0.26084207386829905,0.46100056907071846,0.7609901756531595,0.30375291657841064,0.3663964629173279,0.591689992729279,0.42235272591099476,"{""type"":""Point"",""coordinates"":[-51.91135174716191,-6.452016005464552]}"
000000000000000005be,1,0.2516222502966186,0.42931063066755115,0.8073137344434033,0.4544144621641122,0.4208627944756159,0.7574597357195183,0.39529736269419447,0.0,0.0,0.0,0.18936035105626742,0.10223138664281906,0.22595748810861382,0.0,0.0,0.0,0.0,0.09468017552813371,0.05111569332140953,0.11297874405430691,0.0,0.2516222502966186,0.42931063066755115,0.8073137344434033,0.26505411110784477,0.31863140783279686,0.5315022476109045,0.39529736269419447,"{""type"":""Point"",""coordinates"":[-51.91135174716191,-6.4519268234434834]}"
000000000000000005d8,1,0.2284187985944155,0.3265744295780457,1.0755076207707222,0.21975657393614392,0.3303543031215668,0.5770440101623535,0.28271161584419224,0.0,0.05029976497490535,-0.22378236496101733,0.2185298460355175,0.05986172517159405,0.06558721526805722,0.0,0.0,0.05029976497490535,-0.07459412165367245,0.054632461508879376,0.05986172517159405,0.06558721526805722,0.0,0.2284187985944155,0.2762746646031404,1.2992899857317395,0.001226727900626428,0.2704925779499727,0.5114567948942963,0.28271161584419224,"{""type"":""Point"",""coordinates"":[-50.56863615615039,-5.7734255480501036]}"
000000000000000005d9,1,0.2198863221029967,0.4660326308042625,0.8236855676519194,0.4043484926223755,0.41382439083566963,0.7619251124573321,0.39786723009712716,0.0,0.030117222106850805,0.0,0.0445277018600127,0.03826684634153232,0.07835263759647071,0.0,0.0,0.030117222106850805,0.0,0.0445277018600127,0.01913342317076616,0.039176318798235354,0.0,0.2198863221029967,0.4359154086974117,0.8236855676519194,0.3598207907623628,0.3755575444941373,0.6835724748608614,0.39786723009712716,"{""type"":""Point"",""coordinates"":[-50.56845779210825,-5.773158001986898]}"
000000000000000005dc,1,0.21594619093979742,0.4940747219277867,0.6113957391796908,0.5692678843879694,0.5970734033540019,0.7955279218975208,0.4469955177387496,0.0,0.0,-0.04184886757986572,0.08667287525176626,0.03488704299481005,0.0,0.0,0.0,0.0,-0.008369773515973145,0.04333643762588313,0.006977408598962009,0.0,0.0,0.21594619093979742,0.4940747219277867,0.6532446067595565,0.4825950091362031,0.5621863603591919,0.7955279218975208,0.4469955177387496,"{""type"":""Point"",""coordinates"":[-50.568457792108255,-5.774147922420762]}"
000000000000000005df,1,0.2278620120836415,0.26210988824024045,1.1961131012374537,0.20263350009918213,0.29620933532714844,0.5955431461334229,0.2635303139289123,0.0,0.0,-0.08787664954832874,0.060551100063715474,0.03149575921641029,0.057851161185933586,0.0,0.0,0.0,-0.02929221651610958,0.060551100063715474,0.03149575921641029,0.057851161185933586,0.0,0.2278620120836415,0.26210988824024045,1.2839897507857825,0.14208240003546665,0.26471357611073815,0.5376919849474893,0.2635303139289123,"{""type"":""Point"",""coordinates"":[-50.568725338171454,-5.7734255480501036]}"
000000000000000005e3,1,0.21819656645348154,0.6046506883095916,0.39863134134771006,0.7261789250789654,0.6537290290899006,0.8635874986770611,0.5466785336543923,0.0,0.0,-0.031856534232499345,0.038918977033240876,0.03228084797080022,0.0,0.0,0.0,0.0,-0.031856534232499345,0.019459488516620438,0.01614042398540011,0.0,0.0,0.21819656645348154,0.6046506883095916,0.4304878755802094,0.6872599480457245,0.6214481811191004,0.8635874986770611,0.5466785336543923,"{""type"":""Point"",""coordinates"":[-51.073312754278334,-6.521635950212001]}"
000000000000000005e7,1,0.19774088927676664,0.5171387995428836,0.46375960740853983,0.700458011189857,0.5946920185126569,0.8278628660323266,0.4601088300589497,0.0,0.031329827550134026,0.0,0.033775574921124374,0.04715938704957201,0.0,0.0,0.0,0.015664913775067013,0.0,0.016887787460562187,0.01571979568319067,0.0,0.0,0.19774088927676664,0.4858089719927495,0.46375960740853983,0.6666824362687326,0.5475326314630848,0.8278628660323266,0.4601088300589497,"{""type"":""Point"",""coordinates"":[-51.06837207031112,-6.524507611290421]}"
000000000000000005f6,1,0.2010285409327508,0.5802651512515331,0.5786721219704195,0.5893176794052124,0.5673710914729555,0.8265109545852567,0.5147089147887179,0.0,0.0,-0.05161798080516222,0.06038325245307652,0.057986367654212057,0.0,0.0,0.0,0.0,-0.05161798080516222,0.06038325245307652,0.014496591913553014,0.0,0.0,0.2010285409327508,0.5802651512515331,0.6302901027755817,0.5289344269521359,0.5093847238187434,0.8265109545852567,0.5147089147887179,"{""type"":""Point"",""coordinates"":[-46.72267933395753,-1.3565031314687706]}"
000000000000000005fa,1,0.20746090264011147,0.5943398037175734,0.48502795538212573,0.7133928718412009,0.6765614693815059,0.8558009324704009,0.5120363420756081,0.0,0.0,-0.16523312935147516,0.3585788192594138,0.22141381556337536,0.18816143852814016,0.0,0.0,0.0,-0.04130828233786879,0.07171576385188276,0.04428276311267507,0.03763228770562803,0.0,0.20746090264011147,0.5943398037175734,0.6502610847336009,0.3548140525817871,0.4551476538181305,0.6676394939422607,0.5120363420756081,"{""type"":""Point"",""coordinates"":[-48.24766068052865,-2.5551228719381833]}"
000000000000000005c1,1,0.2679017457399654,0.38424325306292484,0.7865916681484846,0.4696255059111321,0.4698086462712326,0.7399807780237582,0.38492757384218185,0.0,0.0,0.0,0.04329128925097231,0.0701139463758696,0.0,0.03028777441162439,0.0,0.0,0.0,0.021645644625486155,0.0350569731879348,0.0,0.03028777441162439,0.2679017457399654,0.38424325306292484,0.7865916681484846,0.4263342166601598,0.399694699895363,0.7399807780237582,0.35463979943055746,"{""type"":""Point"",""coordinates"":[-51.06270901197325,-6.541755414165149]}"
0000000000000000037c,1,0.24028013356728334,0.5355022132926945,0.6510509339066051,0.576162568429783,0.5000260282591784,0.8276797411197365,0.4854912340322083,0.0,0.04221565305164293,-0.16850836296411964,0.19608729253180324,0.044937651260277045,0.06696896526753315,0.03139113947977973,0.0,0.04221565305164293,-0.03370167259282393,0.039217458506360645,0.008987530252055408,0.01339379305350663,0.03139113947977973,0.24028013356728334,0.4932865602410516,0.8195592968707247,0.38007527589797974,0.45508837699890137,0.7607107758522034,0.45410009455242856,"{""type"":""Point"",""coordinates"":[-50.53917487549027,-5.832624573635652]}"
00000000000000000599,1,0.24164329121426442,0.6810663100407375,0.5145876492902256,0.6411580145972127,0.5585728587426215,0.799263596534729,0.5751645422326453,0.0,0.07002171648406819,-0.05246379283776281,0.10220727330616652,0.04299214499368964,0.0,0.034006028501415986,0.0,0.014004343296813637,-0.010492758567552562,0.020441454661233305,0.008598428998737927,0.0,0.006801205700283197,0.24164329121426442,0.6110445935566693,0.5670514421279884,0.5389507412910461,0.5155807137489319,0.799263596534729,0.5411585137312294,"{""type"":""Point"",""coordinates"":[-50.563967477347425,-6.0202858414699225]}"
0000000000000000045a,1,0.23782417111777837,0.3288833115283572,0.8130429968341476,0.47109472040672773,0.4600010521375748,0.7683439507266097,0.3518162526075709,0.0,0.0,0.0,0.0652767645976482,0.05710091875537732,0.04563012918542686,0.034601008731762084,0.0,0.0,0.0,0.01631919114941205,0.01427522968884433,0.011407532296356715,0.008650252182940521,0.23782417111777837,0.3288833115283572,0.8130429968341476,0.40581795580907953,0.4029001333821975,0.7227138215411828,0.3172152438758088,"{""type"":""Point"",""coordinates"":[-50.04860241399437,-9.183973447879238]}"
00000000000000000574,1,0.26011754009299987,0.6633559374318815,0.4482129920302105,0.6865778644592992,0.6085043549537659,0.8613550047660339,0.582012317628229,0.0,0.06490758467829105,-0.07452277428089182,0.0571121305888439,0.09401267766952515,0.033684301434404484,0.03625736406209035,0.0,0.016226896169572763,-0.018630693570222956,0.014278032647210975,0.01880253553390503,0.008421075358601121,0.012085788020696783,0.26011754009299987,0.5984483527535904,0.5227357663111023,0.6294657338704553,0.5144916772842407,0.8276707033316294,0.5457549535661387,"{""type"":""Point"",""coordinates"":[-47.377195104784434,-2.297846118457516]}"
000000000000000002f9,1,0.23879241514491464,0.4693521304914613,0.6467182870570404,0.5609769589134582,0.4986257057235568,0.7302231492516172,0.443152132388979,0.0,0.0,0.0,0.051182478559849365,0.040442208533081336,0.0,0.036989056900054496,0.0,0.0,0.0,0.017060826186616456,0.008088441706616267,0.0,0.007397811380010899,0.23879241514491464,0.4693521304914613,0.6467182870570404,0.5097944803536089,0.45818349719047546,0.7302231492516172,0.4061630754889245,"{""type"":""Point"",""coordinates"":[-48.24855695984039,-2.5538654054411114]}"
0000000000000000027a,0,0.26287302222116116,0.39037705236702025,0.8646127323166424,0.39155223965644836,0.36767138792288584,0.6141160825888315,0.3884539043857027,0.0,0.0,0.0,0.09898660664632675,0.03756002215730536,0.0,0.03778472151027401,0.0,0.0,0.0,0.09898660664632675,0.012520007385768453,0.0,0.009446180377568503,0.26287302222116116,0.39037705236702025,0.8646127323166424,0.2925656330101216,0.3301113657655805,0.6141160825888315,0.3506691828754287,"{""type"":""Point"",""coordinates"":[-50.89831979253691,-9.085516496619151]}"
00000000000000000559,1,0.26272669266726056,0.49608823758421133,0.5758263460299897,0.5984702706336975,0.5837072085413065,0.8351848745596954,0.46722037595852056,0.0,0.06698015024664905,-0.04782022613569159,0.04734481196844764,0.05082162517580102,0.03363396182808209,0.03802337017581614,0.0,0.01339603004932981,-0.04782022613569159,0.04734481196844764,0.016940541725267006,0.016816980914041046,0.012674456725272046,0.26272669266726056,0.4291080873375623,0.6236465721656813,0.5511254586652499,0.5328855833655055,0.8015509127316133,0.4291970057827044,"{""type"":""Point"",""coordinates"":[-51.06908998558073,-6.553255435781987]}"
0000000000000000031d,1,0.19318555691484102,0.6338284549293725,0.5406781528541905,0.6358850002288818,0.5842823386192322,0.7881920645558832,0.5639694979877143,0.0,0.062152735630686684,-0.05982001442430096,0.04234243969128215,0.03372896255202873,0.0,0.03855120562791026,0.0,0.062152735630686684,-0.01495500360607524,0.04234243969128215,0.03372896255202873,0.0,0.03855120562791026,0.19318555691484102,0.5716757192986858,0.6004981672784915,0.5935425605375997,0.5505533760672034,0.7881920645558832,0.5254182923598041,"{""type"":""Point"",""coordinates"":[-48.42076744252448,-2.5083201472812147]}"
0000000000000000042b,1,0.2202904456085347,0.4202749848357003,0.7326904967797414,0.5326954434714957,0.4679402906186869,0.7318529760781453,0.4068724081919346,0.0,0.04046472390125144,0.0,0.07140962298800285,0.04070635161844116,0.0,0.0400259415134368,0.0,0.01011618097531286,0.0,0.017852405747000713,0.01017658790461029,0.0,0.013341980504478934,0.2202904456085347,0.37981026093444886,0.7326904967797414,0.4612858204834928,0.42723393900024575,0.7318529760781453,0.3668464666784978,"{""type"":""Point"",""coordinates"":[-50.049141965221835,-9.184240993942444]}"
00000000000000000460,1,0.23119254569461406,0.43324414183754717,0.6793441582650503,0.5403530797744528,0.5025782052667999,0.7680902745047578,0.41052875212433343,0.0,0.05048937498777639,0.0,0.08114451544413481,0.05564034609525642,0.07040461779297225,0.04030268357777228,0.0,0.012622343746944098,0.0,0.020286128861033703,0.01854678203175214,0.01760115444824306,0.01007567089444307,0.23119254569461406,0.3827547668497708,0.6793441582650503,0.459208564330318,0.44693785917154344,0.6976856567117855,0.37022606854656115,"{""type"":""Point"",""coordinates"":[-50.048062862766905,-9.183973447879238]}"
00000000000000000345,1,0.21093805804921045,0.5256063913434543,0.6814943343428468,0.5282991512601795,0.5457794752863866,0.7900918069739193,0.48569775533599363,0.0,0.06567344215603016,0.0,0.07004486559940665,0.058006797929144205,0.0669537064594341,0.040727897540672076,0.0,0.06567344215603016,0.0,0.035022432799703324,0.014501699482286051,0.022317902153144702,0.040727897540672076,0.21093805804921045,0.45993294918742417,0.6814943343428468,0.4582542856607728,0.4877726773572424,0.7231381005144852,0.44496985779532156,"{""type"":""Point"",""coordinates"":[-51.90317375582989,-6.460189537695519]}"
000000000000000004c6,1,0.2378831036896604,0.41191992236947467,0.6880056760108759,0.5339125129210548,0.5162729948595652,0.7583996301675112,0.41007685255487636,0.0,0.0,0.0,0.05251517265683597,0.058454591269514855,0.06607487904809206,0.04077831903632689,0.0,0.0,0.0,0.013128793164208993,0.014613647817378714,0.016518719762023015,0.010194579759081723,0.2378831036896604,0.41191992236947467,0.6880056760108759,0.4813973402642188,0.4578184035900504,0.6923247511194192,0.36929853351854947,"{""type"":""Point"",""coordinates"":[-50.04815204478797,-9.18352307867284]}"
00000000000000000490,1,0.2228251465152323,0.41668964042759304,0.7075354177987404,0.5125653029971369,0.4830775680909689,0.7378669560247355,0.39643888755019985,0.0,0.04106135477712575,0.0,0.0595961860823242,0.046455942808469874,0.04266768892839068,0.041224787759208126,0.0,0.010265338694281437,0.0,0.01489904652058105,0.015485314269489958,0.01066692223209767,0.010306196939802031,0.2228251465152323,0.3756282856504673,0.7075354177987404,0.4529691169148127,0.43662162528249904,0.6951992670963448,0.3552140997909917,"{""type"":""Point"",""coordinates"":[-50.04923114724291,-9.183701442714979]}"
00000000000000000475,1,0.22710274414212547,0.3847893850224915,0.8048582739492526,0.4822859126688017,0.42906252781682364,0.7941615817663507,0.3705672493639702,0.0,0.06003746788732495,0.0,0.0913653089050348,0.03122167580795082,0.0733857871207334,0.04122886915358648,0.0,0.020012489295774982,0.0,0.0228413272262587,0.007805418951987705,0.01834644678018335,0.01030721728839662,0.22710274414212547,0.32475191713516655,0.8048582739492526,0.3909206037637669,0.3978408520088728,0.7207757946456173,0.3293383802103837,"{""type"":""Point"",""coordinates"":[-50.04788449872476,-9.183879806757115]}"
0000000000000000046f,1,0.2341531114574773,0.42601603906513874,0.693304615652744,0.5377344063841768,0.5012425835758774,0.7722830183879321,0.427381432290035,0.0,0.0,0.0,0.061725109988835736,0.03609975193650944,0.0,0.04143694869309855,0.0,0.0,0.0,0.015431277497208934,0.00902493798412736,0.0,0.01381231623103285,0.2341531114574773,0.42601603906513874,0.693304615652744,0.47600929639534106,0.4651428316393679,0.7722830183879321,0.38594448359693645,"{""type"":""Point"",""coordinates"":[-50.04842404995223,-9.183879806757115]}"
00000000000000000297,0,0.22176742118321083,0.2936734100730208,0.8767547365193351,0.35487709227034203,0.3449675750986487,0.47826535365270356,0.3023570694148413,0.0,0.03929661800713308,-0.09851279423940418,0.1429923487833639,0.05543252628553691,0.04241149790804255,0.042448339407782476,0.0,0.01964830900356654,-0.04925639711970209,0.03574808719584097,0.018477508761845635,0.021205748954021275,0.014149446469260826,0.22176742118321083,0.2543767920658877,0.9752675307587393,0.21188474348697814,0.2895350488131118,0.435853855744661,0.25990873000705883,"{""type"":""Point"",""coordinates"":[-50.561363362332216,-6.027469453267022]}"
000000000000000005aa,1,0.2092088647657434,0.4432744517890809,0.5669779356816642,0.6574190372430315,0.5737626238775079,0.8215591341403905,0.42220018900612233,0.0,0.047116970611343456,0.0,0.0761265243309921,0.045323183603182216,0.03316058525310961,0.04281759227309867,0.0,0.01570565687044782,0.0,0.03806326216549605,0.022661591801591108,0.016580292626554805,0.014272530757699556,0.2092088647657434,0.39615748117773747,0.5669779356816642,0.5812925129120394,0.5284394402743257,0.7883985488872809,0.37938259673302366,"{""type"":""Point"",""coordinates"":[-51.08552623206373,-6.5025911296127346]}"
0000000000000000052c,1,0.2402596898182468,0.5174537135999073,0.6144350813651774,0.6088144476640691,0.57108088155005,0.8290859658339523,0.48812737980209425,0.0,0.03815430934254227,0.0,0.0897719236782013,0.053633786019230745,0.04406641370903108,0.04293785650808818,0.0,0.009538577335635567,0.0,0.04488596183910065,0.013408446504807686,0.014688804569677028,0.014312618836029392,0.2402596898182468,0.47929940425736506,0.6144350813651774,0.5190425239858678,0.5174470955308192,0.7850195521249212,0.4451895232940061,"{""type"":""Point"",""coordinates"":[-50.04743412951836,-9.182711522281112]}"
0000000000000000041f,1,0.2515712669143074,0.3938729659361934,0.8021145073186725,0.46355735015361565,0.44389683435750354,0.7346432406728287,0.38403756428262814,0.0,0.04428519305808898,0.0,0.06978119163090485,0.043900481032455585,0.04744345586384535,0.04365580927984375,0.0,0.011071298264522245,0.0,0.017445297907726212,0.010975120258113896,0.011860863965961338,0.010913952319960937,0.2515712669143074,0.34958777287810444,0.8021145073186725,0.3937761585227108,0.39999635332504796,0.6871997848089834,0.3403817550027844,"{""type"":""Point"",""coordinates"":[-50.04923114724291,-9.184419357984584]}"
0000000000000000041b,1,0.22362955150123243,0.4182514970631878,0.7711869592718321,0.46293626359319384,0.4334113702223361,0.6851389018527493,0.4100850945197907,0.0,0.035632132783958714,0.0,0.06440319524441201,0.03045071563884766,0.0,0.044851648989469084,0.0,0.008908033195989679,0.0,0.016100798811103004,0.010150238546282553,0.0,0.011212912247367271,0.22362955150123243,0.3826193642792291,0.7711869592718321,0.3985330683487818,0.40296065458348845,0.6851389018527493,0.3652334455303216,"{""type"":""Point"",""coordinates"":[-50.04940951128504,-9.184508540005654]}"
0000000000000000040c,1,0.25601898476848,0.5323158675113404,0.6512513814306509,0.5519484877586365,0.4787686765193939,0.7508474588394165,0.4590995233048957,0.0,0.07817456561576702,-0.048634559578494385,0.06302418881100347,0.04989883690055785,0.042823813514643705,0.04501744367535726,0.0,0.03908728280788351,-0.048634559578494385,0.06302418881100347,0.04989883690055785,0.042823813514643705,0.02250872183767863,0.25601898476848,0.4541413018955734,0.6998859410091453,0.488924298947633,0.42886983961883607,0.7080236453247728,0.4140820796295384,"{""type"":""Point"",""coordinates"":[-47.263916101622684,-3.9603595188200638]}"
0000000000000000044a,1,0.23367605423299811,0.4152313106470715,0.7175889985927834,0.5145478046868627,0.4836608070934663,0.7632111797765189,0.4043015943759725,0.0,0.030891128798353207,0.0,0.08429645544029907,0.03880348066267064,0.05317301107230865,0.04562726312029608,0.0,0.007722782199588302,0.0,0.021074113860074767,0.00970087016566766,0.013293252768077163,0.01140681578007402,0.23367605423299811,0.3843401818487183,0.7175889985927834,0.4302513492465636,0.4448573264307957,0.7100381687042102,0.35867433125567644,"{""type"":""Point"",""coordinates"":[-50.0485132319733,-9.184062629900307]}"
0000000000000000049e,1,0.22440974320214074,0.4848740907067488,0.6541745640686487,0.5611328964059207,0.5343310565113242,0.7859621583171428,0.4417767490204811,0.0,0.06832091738224022,0.0,0.073092212130488,0.05569121543161226,0.06268341491529972,0.045639385999322546,0.0,0.03416045869112011,0.0,0.018273053032622,0.01856373847720409,0.01567085372882493,0.011409846499830636,0.22440974320214074,0.4165531733245086,0.6541745640686487,0.4880406842754327,0.4786398410797119,0.7232787434018431,0.39613736302115854,"{""type"":""Point"",""coordinates"":[-50.047973680745834,-9.183701442714977]}"
00000000000000000531,1,0.22276068720139555,0.49432790079804945,0.6408196862155465,0.5673898300302139,0.5572522944734659,0.8156290586431619,0.46275103611632307,0.0,0.03235528694764467,0.0,0.05549217095856329,0.05354885750688587,0.062386296447037526,0.04590197033588167,0.0,0.008088821736911167,0.0,0.013873042739640823,0.017849619168961956,0.015596574111759381,0.011475492583970417,0.22276068720139555,0.4619726138504048,0.6408196862155465,0.5118976590716506,0.50370343696658,0.7532427621961244,0.4168490657804414,"{""type"":""Point"",""coordinates"":[-50.047434129518365,-9.182622340260044]}"
000000000000000004b8,1,0.21840579597173826,0.4652297946912156,0.6526486928840411,0.5557477853104047,0.5055795897659283,0.7896251977992301,0.4390517819485089,0.0,0.054063050851029415,0.0,0.05718209002629082,0.03674716633291347,0.033597071965349,0.04592183368281555,0.0,0.013515762712757354,0.0,0.014295522506572705,0.009186791583228368,0.00839926799133725,0.011480458420703887,0.21840579597173826,0.4111667438401862,0.6526486928840411,0.4985656952841139,0.46883242343301484,0.7560281258338811,0.39312994826569336,"{""type"":""Point"",""coordinates"":[-50.04940951128504,-9.18352307867284]}"
00000000000000000506,1,0.2190116687585727,0.5231590034579915,0.650853115479413,0.5835867812031286,0.5447585233509571,0.8190068347192421,0.47628870742818036,0.0,0.06307083461454832,0.0,0.07507523373511282,0.046304031563009995,0.08455450026975908,0.04706253565563556,0.0,0.01576770865363708,0.0,0.025025077911704274,0.015434677187669998,0.02113862506743977,0.01176563391390889,0.2190116687585727,0.46008816884344317,0.650853115479413,0.5085115474680157,0.4984544917879471,0.734452334449483,0.4292261717725448,"{""type"":""Point"",""coordinates"":[-50.047523311539436,-9.183072709466442]}"
00000000000000000510,1,0.22500207988017196,0.49686316392740715,0.6571895549185635,0.5669199871848805,0.5455222989519992,0.7686888688196764,0.465681751069096,0.0,0.05013105229510001,0.0,0.06020724768268737,0.0918427311768864,0.0,0.047112844598173886,0.0,0.016710350765033338,0.0,0.02006908256089579,0.01836854623537728,0.0,0.01570428153272463,0.22500207988017196,0.44673211163230714,0.6571895549185635,0.5067127395021931,0.4536795677751128,0.7686888688196764,0.4185689064709221,"{""type"":""Point"",""coordinates"":[-50.04752331153944,-9.182983527445373]}"
0000000000000000053d,1,0.2619123250067156,0.7884885353299018,0.5595171700698479,0.6292578243404369,0.5372549295425415,0.8430553285151889,0.6381552214546933,0.0,0.10392756240120016,0.0,0.048866276020948396,-0.05545968317909966,0.0,0.047150760920726786,0.0,0.10392756240120016,0.0,0.009773255204189679,-0.05545968317909966,0.0,0.047150760920726786,0.2619123250067156,0.6845609729287017,0.5595171700698479,0.5803915483194885,0.5927146127216412,0.8430553285151889,0.5910044605339665,"{""type"":""Point"",""coordinates"":[-46.70228786484012,-1.3766225954219184]}"
000000000000000004c7,1,0.23958274715401043,0.40049462763824667,0.7390297811421458,0.4993991988931219,0.4912237395286,0.7576786781452504,0.38711708551849283,0.0,0.051058738703394946,0.0,0.06222244402421018,0.06408372591215056,0.040324807030305165,0.048296258545722615,0.0,0.012764684675848736,0.0,0.015555611006052544,0.01602093147803764,0.010081201757576291,0.012074064636430654,0.23958274715401043,0.3494358889348517,0.7390297811421458,0.4371767548689117,0.42714001361644943,0.7173538711149452,0.3388208269727702,"{""type"":""Point"",""coordinates"":[-50.0480628627669,-9.18352307867284]}"
000000000000000004a3,1,0.22505238786516843,0.4687417944062511,0.6301884385191947,0.5715722268916638,0.5217246017254733,0.775040070569563,0.45261893303247425,0.0,0.04530381754662721,0.0,0.05022784447023976,0.037935173125264565,0.0,0.048846157056295414,0.0,0.011325954386656803,0.0,0.01255696111755994,0.009483793281316141,0.0,0.01628205235209847,0.22505238786516843,0.42343797685962387,0.6301884385191947,0.521344382421424,0.48378942860020874,0.775040070569563,0.40377277597617883,"{""type"":""Point"",""coordinates"":[-50.04950315240716,-9.183612260693907]}"
00000000000000000446,1,0.23965505293402212,0.4623464312303237,0.6514455669812548,0.5712611540026893,0.5001777316833353,0.7619616460376594,0.4388623501926609,0.0,0.05230315741259112,0.0,0.0682801434183179,0.030831981144518905,0.0,0.04940203664023962,0.0,0.01307578935314778,0.0,0.017070035854579474,0.010277327048172968,0.0,0.012350509160059905,0.23965505293402212,0.4100432738177326,0.6514455669812548,0.5029810105843714,0.46934575053881644,0.7619616460376594,0.3894603135524213,"{""type"":""Point"",""coordinates"":[-50.048874419158636,-9.184062629900307]}"
00000000000000000457,1,0.2400370809961095,0.4623464312303237,0.6514455669812548,0.5712611540026893,0.5001777316833353,0.7619616460376594,0.4388623501926609,0.0,0.05230315741259112,0.0,0.0682801434183179,0.030831981144518905,0.0,0.04940203664023962,0.0,0.01307578935314778,0.0,0.017070035854579474,0.010277327048172968,0.0,0.012350509160059905,0.2400370809961095,0.4100432738177326,0.6514455669812548,0.5029810105843714,0.46934575053881644,0.7619616460376594,0.3894603135524213,"{""type"":""Point"",""coordinates"":[-50.048874419158636,-9.183973447879238]}"
0000000000000000037d,1,0.21691070906768853,0.5744125326370758,0.6203651947686959,0.5956152753072399,0.5694498453407768,0.8475544854810841,0.5022667170381564,0.0,0.08261919667185258,-0.27695759436700484,0.256274111671986,0.09399995544247663,0.11050097195416764,0.049730804564129094,0.0,0.08261919667185258,-0.05539151887340097,0.051254822334397196,0.018799991088495328,0.02210019439083353,0.049730804564129094,0.21691070906768853,0.49179333596522323,0.8973227891357007,0.3393411636352539,0.47544988989830017,0.7370535135269165,0.4525359124740273,"{""type"":""Point"",""coordinates"":[-50.53881368830495,-5.832624573635652]}"
00000000000000000474,1,0.23344676535837428,0.4292533830013544,0.7109255911279165,0.5297861704605601,0.47860924863845444,0.7787754712567607,0.4067870730446731,0.0,0.06450479281046423,0.0,0.0931410827783481,0.04689661123529387,0.09117939354944027,0.050215029759481444,0.0,0.016126198202616057,0.0,0.023285270694587024,0.011724152808823468,0.030393131183146755,0.012553757439870361,0.23344676535837428,0.3647485901908902,0.7109255911279165,0.436645087682212,0.43171263740316057,0.6875960777073205,0.35657204328519165,"{""type"":""Point"",""coordinates"":[-50.04797368074583,-9.183879806757115]}"
0000000000000000056e,1,0.2668365375039072,0.6246754210252985,0.7578007511467589,0.5994079503896528,0.49008758932438157,0.8067754175255616,0.5497203231821007,0.0,0.07501180794583351,0.0,0.24989747612636914,0.06620485057950493,0.08115975021715105,0.05027359457982089,0.0,0.07501180794583351,0.0,0.12494873806318457,0.03310242528975246,0.040579875108575525,0.05027359457982089,0.2668365375039072,0.549663613079465,0.7578007511467589,0.34951047426328363,0.42388273874487664,0.7256156673084105,0.49944672860227984,"{""type"":""Point"",""coordinates"":[-46.70130240350731,-1.376444231379781]}"
00000000000000000463,1,0.2338232841123766,0.4567389218851898,0.68105613517805,0.5520166865536019,0.49498512742145995,0.781726909369278,0.4369821103670316,0.0,0.051901132726472676,0.0,0.08491565109809285,0.056416497097054874,0.04579156636112647,0.05055470733011275,0.0,0.012975283181618169,0.0,0.021228912774523212,0.018805499032351625,0.011447891590281617,0.012638676832528187,0.2338232841123766,0.4048377891587171,0.68105613517805,0.4671010354555091,0.4385686303244051,0.7359353430081516,0.38642740303691886,"{""type"":""Point"",""coordinates"":[-50.04950315240717,-9.183879806757115]}"
00000000000000000478,1,0.22609889011868717,0.4567389218851898,0.68105613517805,0.5520166865536019,0.49498512742145995,0.781726909369278,0.4369821103670316,0.0,0.051901132726472676,0.0,0.08491565109809285,0.056416497097054874,0.04579156636112647,0.05055470733011275,0.0,0.012975283181618169,0.0,0.021228912774523212,0.018805499032351625,0.011447891590281617,0.012638676832528187,0.22609889011868717,0.4048377891587171,0.68105613517805,0.4671010354555091,0.4385686303244051,0.7359353430081516,0.38642740303691886,"{""type"":""Point"",""coordinates"":[-50.04950315240716,-9.183790624736048]}"
0000000000000000042d,1,0.23451632449765816,0.4614402245271945,0.6552995713440443,0.5723317756128357,0.49417254213915907,0.7940110313222083,0.46190340163969196,0.0,0.0,0.0,0.08343308523179915,0.03793428848542968,0.030706659407339076,0.051230382965050725,0.0,0.0,0.0,0.02085827130794979,0.00948357212135742,0.007676664851834769,0.017076794321683575,0.23451632449765816,0.4614402245271945,0.6552995713440443,0.4888986903810365,0.4562382536537294,0.7633043719148692,0.41067301867464123,"{""type"":""Point"",""coordinates"":[-50.0489636011797,-9.184240993942444]}"
0000000000000000040b,1,0.2635042267025429,0.5642808965432898,0.5935716617712303,0.5675431489944458,0.4909282922744751,0.7717152833938599,0.4896794472972197,0.0,0.10101330744947246,-0.06635883401402642,0.04912556508981514,0.04167583564125177,0.03562799022883367,0.05155759363130008,0.0,0.02020266148989449,-0.06635883401402642,0.04912556508981514,0.04167583564125177,0.03562799022883367,0.010311518726260016,0.2635042267025429,0.4632675890938174,0.6599304957852568,0.5184175839046307,0.44925245663322333,0.7360872931650262,0.4381218536659196,"{""type"":""Point"",""coordinates"":[-47.264005283643755,-3.9603595188200638]}"
00000000000000000471,1,0.23257211658901042,0.4456793201501207,0.6903624071379876,0.5378334814157782,0.49762495805339946,0.7587880536535953,0.4387035841853163,0.0,0.036060519051046624,0.0,0.06868484547970405,0.03130156640513404,0.0,0.05325563383775589,0.0,0.009015129762761656,0.0,0.017171211369926012,0.010433855468378014,0.0,0.01775187794591863,0.23257211658901042,0.40961880109907406,0.6903624071379876,0.4691486359360742,0.4663233916482654,0.7587880536535953,0.3854479503475604,"{""type"":""Point"",""coordinates"":[-50.0482456859101,-9.183879806757115]}"
0000000000000000048f,1,0.22535015432921904,0.4378747181942957,0.6659738988436821,0.5322602333837612,0.4933227482698205,0.7698482932511242,0.42248735511507557,0.0,0.052129266984232314,0.0,0.05650355202117552,0.03264307356219115,0.04754187680882127,0.05403886020812665,0.0,0.013032316746058079,0.0,0.01412588800529388,0.008160768390547787,0.011885469202205318,0.013509715052031662,0.22535015432921904,0.3857454512100634,0.6659738988436821,0.47575668136258564,0.4606796747076293,0.722306416442303,0.3684484949069489,"{""type"":""Point"",""coordinates"":[-50.04932032926397,-9.183701442714977]}"
000000000000000004ca,1,0.2341131566906756,0.42895987230310545,0.7227835763462117,0.539391657321112,0.5035790330767325,0.8284259164785276,0.4108175614157461,0.0,0.05675161041541177,0.0,0.0928237825829461,0.05945475062714484,0.07367149618321944,0.05408547967262828,0.0,0.014187902603852942,0.0,0.023205945645736525,0.01486368765678621,0.01841787404580486,0.01352136991815707,0.2341131566906756,0.3722082618876937,0.7227835763462117,0.44656787473816595,0.4441242824495876,0.7547544202953081,0.3567320817431178,"{""type"":""Point"",""coordinates"":[-50.0477953167037,-9.18352307867284]}"
00000000000000000409,1,0.2621267976653373,0.5735174654752234,0.5902509652509652,0.5801715850830078,0.4786806106567383,0.7312982272538574,0.4922793602329202,0.0,0.04796620342573865,-0.06521108549403343,0.05595700719108987,0.031690503169080786,0.0,0.05427726733421101,0.0,0.04796620342573865,-0.06521108549403343,0.05595700719108987,0.031690503169080786,0.0,0.013569316833552753,0.2621267976653373,0.5255512620494848,0.6554620507449986,0.5242145778919179,0.4469901074876575,0.7312982272538574,0.43800209289870917,"{""type"":""Point"",""coordinates"":[-47.263916101622684,-3.9604487008411327]}"
0000000000000000040f,1,0.25120111734480105,0.5843929932067,0.5884533969445391,0.5629775524139404,0.47293315711566997,0.7923039793968201,0.5009489232043554,0.0,0.05900581642999536,-0.07920104021242691,0.04152900363053791,0.04137989180977286,0.03452821328317823,0.05475389052199103,0.0,0.05900581642999536,-0.07920104021242691,0.04152900363053791,0.02068994590488643,0.03452821328317823,0.027376945260995517,0.25120111734480105,0.5253871767767047,0.667654437156966,0.5214485487834025,0.4315532653058971,0.7577757661136418,0.4461950326823643,"{""type"":""Point"",""coordinates"":[-47.264005283643755,-3.9602658776979407]}"
000000000000000004b9,1,0.24282921478739822,0.46319588123621785,0.6475302968517166,0.5663952084554954,0.5249363267946475,0.779872383918254,0.4432888623369775,0.0,0.05887430940701566,0.0,0.07384696093066956,0.03574468141210502,0.0,0.05508870959945611,0.0,0.014718577351753914,0.0,0.01846174023266739,0.008936170353026254,0.0,0.013772177399864027,0.24282921478739822,0.4043215718292022,0.6475302968517166,0.49254824752482584,0.4891916453825425,0.779872383918254,0.3882001527375214,"{""type"":""Point"",""coordinates"":[-50.04932032926397,-9.18352307867284]}"
000000000000000005a5,1,0.22982806005776635,0.48505366741518924,0.6967080587740401,0.5120955556732167,0.47592864973204474,0.7963537096977235,0.4525496280493508,0.0,0.06982534754026365,-0.09039530808173324,0.12357833633223486,0.05369731230395175,0.048679542541504084,0.055944890636248246,0.0,0.017456336885065912,-0.030131769360577747,0.030894584083058715,0.01789910410131725,0.024339771270752042,0.013986222659062061,0.22982806005776635,0.4152283198749256,0.7871033668557733,0.3885172193409819,0.422231337428093,0.7476741671562194,0.39660473741310254,"{""type"":""Point"",""coordinates"":[-50.538546142241735,-5.833792858111655]}"
00000000000000000210,0,0.2635483571717146,0.2959259259259259,1.1943593012310387,0.31299999356269836,0.2867383658885956,0.46276596188545227,0.24042126379137413,0.0,0.08632660899028999,0.0,0.17453918158695486,0.0848173047981225,0.15629527220887873,0.05713793504519504,0.0,0.08632660899028999,0.0,0.17453918158695486,0.0848173047981225,0.15629527220887873,0.05713793504519504,0.2635483571717146,0.20959931693563594,1.1943593012310387,0.1384608119757435,0.2019210610904731,0.30647068967657354,0.18328332874617909,"{""type"":""Point"",""coordinates"":[-46.67587660930057,-1.0672412461317364]}"
0000000000000000048a,1,0.23989116246824851,0.4111444935711103,0.7583222564539558,0.5181252214906557,0.46063771142150306,0.8060505994754745,0.3984842787853816,0.0,0.06382846967059058,0.0,0.11143197636475943,0.044025355002181965,0.08365998609769876,0.05722601993620091,0.0,0.015957117417647645,0.0,0.027857994091189858,0.011006338750545491,0.02091499652442469,0.014306504984050228,0.23989116246824851,0.34731602390051974,0.7583222564539558,0.4066932451258962,0.4166123564193211,0.7223906133777758,0.3412582588491807,"{""type"":""Point"",""coordinates"":[-50.04788449872476,-9.183790624736048]}"
000000000000000003ef,1,0.2064764453779772,0.444364594562223,0.8128886376483889,0.40759897232055664,0.39294230088875426,0.6628522276878357,0.4029688631426503,0.0,0.08844256450983212,-0.27241290805551965,0.15411086420017028,0.24708910927460326,0.10531749171595817,0.05745407611946729,0.0,0.08844256450983212,-0.27241290805551965,0.15411086420017028,0.04941782185492065,0.10531749171595817,0.05745407611946729,0.2064764453779772,0.35592203005239087,1.0853015457039086,0.25348810812038636,0.145853191614151,0.5575347359718775,0.345514787023183,"{""type"":""Point"",""coordinates"":[-47.26238662996136,-3.958473319074456]}"
00000000000000000486,1,0.2315427779295763,0.48153327304816407,0.6375173555165657,0.5683270565109801,0.539656545170028,0.762644186113287,0.4545546466346599,0.0,0.06578280899568179,0.0,0.05698506464981623,0.05305320835399574,0.0,0.057833985801838905,0.0,0.021927602998560596,0.0,0.014246266162454058,0.013263302088498935,0.0,0.019277995267279635,0.2315427779295763,0.4157504640524823,0.6375173555165657,0.5113419918611639,0.4866033368160323,0.762644186113287,0.396720660832821,"{""type"":""Point"",""coordinates"":[-50.0482456859101,-9.183790624736048]}"
0000000000000000045e,1,0.2353322131288049,0.4382637388782612,0.7087561598696173,0.5372405576433018,0.49686073001074144,0.7699756626354521,0.4225896056160409,0.0,0.06039837475040616,0.0,0.08527222384026661,0.048627234136559117,0.07018213174291421,0.05787735554070439,0.0,0.01509959368760154,0.0,0.021318055960066654,0.016209078045519704,0.023394043914304736,0.014469338885176097,0.2353322131288049,0.37786536412785504,0.7087561598696173,0.4519683338030352,0.4482334958741823,0.6997935308925379,0.36471225007533653,"{""type"":""Point"",""coordinates"":[-50.0482456859101,-9.183973447879238]}"
000000000000000004b3,1,0.24049929459929822,0.4652380126812897,0.6366884853062166,0.5431344955823951,0.5513184275875056,0.7749685084163372,0.43908846214842795,0.0,0.06122806449307733,0.0,0.049815179860260406,0.07261979976270438,0.05415305111377422,0.05827887422718503,0.0,0.015307016123269332,0.0,0.012453794965065101,0.03630989988135219,0.013538262778443555,0.014569718556796257,0.24049929459929822,0.4040099481882124,0.6366884853062166,0.4933193157221347,0.4786986278248012,0.720815457302563,0.3808095879212429,"{""type"":""Point"",""coordinates"":[-50.048062862766905,-9.183612260693907]}"
00000000000000000423,1,0.2198670463439848,0.4246994395812381,0.791773398651125,0.47536551257580995,0.4518064941701698,0.7594098037208288,0.40303657397415454,0.0,0.06322207944534236,0.0,0.0818397777530297,0.031058668269661138,0.07117263760332848,0.05835663560635185,0.0,0.01580551986133559,0.0,0.020459944438257424,0.01035288942322038,0.023724212534442828,0.014589158901587962,0.2198670463439848,0.36147736013589576,0.791773398651125,0.39352573482278025,0.4207478259005087,0.6882371661175003,0.3446799383678027,"{""type"":""Point"",""coordinates"":[-50.04923114724291,-9.184330175963513]}"
0000000000000000043c,1,0.2298042379664067,0.42989732298465294,0.7087445592545506,0.5323571780239322,0.4993383062145033,0.7473526001211784,0.4074511988640516,0.0,0.061599939349779476,0.0,0.09477064069305852,0.050295851674597936,0.05520820868077381,0.05865269498161785,0.0,0.015399984837444869,0.0,0.02369266017326463,0.012573962918649484,0.013802052170193452,0.014663173745404462,0.2298042379664067,0.36829738363487347,0.7087445592545506,0.4375865373308737,0.4490424545399054,0.6921443914404046,0.3487985038824338,"{""type"":""Point"",""coordinates"":[-50.0485132319733,-9.184151811921378]}"
000000000000000004b2,1,0.23855891339432597,0.4329139077084213,0.7011330936889671,0.5215578933413229,0.5087466922287611,0.7782282039425749,0.4225388794222731,0.0,0.05032989167325752,0.0,0.04930648895187245,0.052166321564164564,0.06780860552917889,0.058808424108397206,0.0,0.01258247291831438,0.0,0.012326622237968113,0.017388773854721522,0.022602868509726298,0.014702106027099301,0.23855891339432597,0.3825840160351638,0.7011330936889671,0.4722514043894504,0.45658037066459656,0.710419598413396,0.3637304553138759,"{""type"":""Point"",""coordinates"":[-50.04815204478797,-9.18361226069391]}"
0000000000000000056d,1,0.287370606495091,0.6069386054615007,0.624476308458983,0.5554371129082843,0.4638886733735337,0.7978720800015904,0.5220436529482029,0.0,0.08511517903660415,-0.10276412156201142,0.13141815170653165,0.04687004320903648,0.10836406703804546,0.058982589739941804,0.0,0.08511517903660415,-0.03425470718733714,0.03285453792663291,0.02343502160451824,0.05418203351902273,0.058982589739941804,0.287370606495091,0.5218234264248965,0.7272404300209945,0.4240189612017527,0.4170186301644972,0.6895080129635449,0.46306106320826107,"{""type"":""Point"",""coordinates"":[-46.70130240350731,-1.3763550493587118]}"
00000000000000000449,1,0.22953688080322346,0.3891828807129622,0.830533172741565,0.4822420128539331,0.4398372683457585,0.7806160926980713,0.37427363706868666,0.0,0.06486240996944503,0.0,0.14847777221803937,0.06433785102051565,0.08311485156599929,0.05971346282573731,0.0,0.01621560249236126,0.0,0.03711944305450984,0.01608446275512891,0.027704950521999765,0.014928365706434327,0.22953688080322346,0.32432047074351716,0.830533172741565,0.3337642406358937,0.37549941732524283,0.697501241132072,0.31456017424294935,"{""type"":""Point"",""coordinates"":[-50.04860241399437,-9.184062629900307]}"
00000000000000000476,1,0.2269279508774321,0.4307705826171696,0.68216780531599,0.5565413082819635,0.5178833797515884,0.7989803920784475,0.442202352682046,0.0,0.0,0.0,0.10157110499598732,0.055664107487367886,0.05212187000868895,0.05971734394602818,0.0,0.0,0.0,0.02539277624899683,0.018554702495789294,0.013030467502172238,0.019905781315342725,0.2269279508774321,0.4307705826171696,0.68216780531599,0.45497020328597615,0.4622192722642205,0.7468585220697586,0.3824850087360178,"{""type"":""Point"",""coordinates"":[-50.0477953167037,-9.183879806757115]}"
00000000000000000439,1,0.23365394230829495,0.4616025274437684,0.6872151600568452,0.5448898510921759,0.49659796788277083,0.7641846093988963,0.438470771590539,0.0,0.06904604219366728,0.0,0.11656275474450939,0.051291444682846965,0.05672242702179575,0.060425664274006696,0.0,0.01726151054841682,0.0,0.029140688686127347,0.012822861170711741,0.014180606755448938,0.015106416068501674,0.23365394230829495,0.3925564852501011,0.6872151600568452,0.4283270963476665,0.44530652319992386,0.7074621823771006,0.3780451073165323,"{""type"":""Point"",""coordinates"":[-50.04878077803651,-9.184151811921378]}"
00000000000000000447,1,0.23728412440489371,0.4616025274437684,0.6872151600568452,0.5448898510921759,0.49659796788277083,0.7641846093988963,0.438470771590539,0.0,0.06904604219366728,0.0,0.11656275474450939,0.051291444682846965,0.05672242702179575,0.060425664274006696,0.0,0.01726151054841682,0.0,0.029140688686127347,0.012822861170711741,0.014180606755448938,0.015106416068501674,0.23728412440489371,0.3925564852501011,0.6872151600568452,0.4283270963476665,0.44530652319992386,0.7074621823771006,0.3780451073165323,"{""type"":""Point"",""coordinates"":[-50.04878077803651,-9.184062629900307]}"
000000000000000004a1,1,0.23010275698877006,0.4709774274113103,0.6470912614155792,0.5714789539858031,0.5317088480470664,0.7911425291838845,0.44828898841250475,0.0,0.05801206177991852,0.0,0.09363498699042289,0.05414934189699888,0.06998154156372183,0.06044119797439196,0.0,0.01450301544497963,0.0,0.02340874674760572,0.01804978063233296,0.017495385390930457,0.01511029949359799,0.23010275698877006,0.4129653656313918,0.6470912614155792,0.4778439669953802,0.47755950615006754,0.7211609876201627,0.3878477904381128,"{""type"":""Point"",""coordinates"":[-50.04770613468263,-9.183701442714977]}"
00000000000000000458,1,0.23660156292738355,0.45532380126528577,0.6494928986289847,0.5629224498100655,0.5185395850062376,0.7658044361664877,0.43586126213539,0.0,0.05841719199459067,0.0,0.08826478255542258,0.03805607647440923,0.04750110267416796,0.06080570308802219,0.0,0.014604297998647667,0.0,0.022066195638855646,0.012685358824803076,0.01187527566854199,0.015201425772005547,0.23660156292738355,0.3969066092706951,0.6494928986289847,0.47465766725464287,0.4804835085318284,0.7183033334923198,0.3750555590473678,"{""type"":""Point"",""coordinates"":[-50.04878077803651,-9.183973447879238]}"
0000000000000000043d,1,0.23134970950106062,0.4443880875396369,0.6965117959173693,0.5397144392103966,0.49900845637402574,0.7593531052081659,0.42363540850227904,0.0,0.06615424365218064,0.0,0.10651844243513353,0.05144770653651998,0.07577975464729858,0.06098277072084224,0.0,0.01653856091304516,0.0,0.026629610608783383,0.012861926634129994,0.018944938661824645,0.01524569268021056,0.23134970950106062,0.37823384388745623,0.6965117959173693,0.4331959967752631,0.44756074983750577,0.6835733505608673,0.3626526377814368,"{""type"":""Point"",""coordinates"":[-50.04842404995223,-9.184151811921378]}"
0000000000000000042c,1,0.24201333952544585,0.49226281080979745,0.6522696630349815,0.5898417848666857,0.5235930871295902,0.8123089459020028,0.46436530287594846,0.0,0.06577739185271592,0.0,0.09288575574175284,0.07934206294790952,0.09262879810192437,0.06118902204862686,0.0,0.02192579728423864,0.0,0.03096191858058428,0.01983551573697738,0.023157199525481093,0.02039634068287562,0.24201333952544585,0.42648541895708153,0.6522696630349815,0.49695602912493286,0.44425102418168066,0.7196801478000784,0.4031762808273216,"{""type"":""Point"",""coordinates"":[-50.049052783200764,-9.184240993942446]}"
00000000000000000061,0,0.26550651144292153,0.5134711755550025,0.8913680178506107,0.2571920113939974,0.34672117233276367,0.5888173580169678,0.42567736112958743,0.0,0.10836951057960681,0.0,-0.06542962645505512,0.0407120079855573,0.042381579534111036,0.061696264697463254,0.0,0.10836951057960681,0.0,-0.013085925291011024,0.0407120079855573,0.042381579534111036,0.061696264697463254,0.26550651144292153,0.40510166497539574,0.8913680178506107,0.3226216378490525,0.3060091643472064,0.5464357784828567,0.3639810964321242,"{""type"":""Point"",""coordinates"":[-46.70103039834305,-1.3768009594640562]}"
00000000000000000425,1,0.21820110488630634,0.4829378156801959,0.6874430891489267,0.5550628724785324,0.5054041948836825,0.7796214597228251,0.45089901405925054,0.0,0.07245548072610009,0.0,0.10190632466144378,0.06427961738386295,0.05435807166095663,0.061894734184373856,0.0,0.02415182690870003,0.0,0.025476581165360945,0.016069904345965738,0.013589517915239158,0.015473683546093464,0.21820110488630634,0.4104823349540958,0.6874430891489267,0.4531565478170886,0.44112457749981954,0.7252633880618685,0.3890042798748767,"{""type"":""Point"",""coordinates"":[-50.049052783200764,-9.184330175963513]}"
00000000000000000461,1,0.2324438838192147,0.4235705009573538,0.7061230500371264,0.5341156979636578,0.4884987218924762,0.7591172488843967,0.41225889338993993,0.0,0.06360568767576019,0.0,0.10496154093641008,0.0545575182086423,0.07978587350542832,0.06213679937279487,0.0,0.015901421918940048,0.0,0.02624038523410252,0.013639379552160574,0.01994646837635708,0.015534199843198718,0.2324438838192147,0.35996481328159363,0.7061230500371264,0.4291541570272477,0.4339412036838339,0.6793313753789684,0.35012209401714506,"{""type"":""Point"",""coordinates"":[-50.04797368074583,-9.183973447879238]}"
000000000000000002f7,1,0.23599907102617695,0.624578746349135,0.6343390804597702,0.5612118546846645,0.44666405356494954,0.7851209437438105,0.543822279054313,0.0,0.07848039404767104,-0.061027926661449405,0.08927554171272312,0.03190644419757893,0.07430624698892496,0.06218093441227984,0.0,0.07848039404767104,-0.061027926661449405,0.04463777085636156,0.0063812888395157865,0.03715312349446248,0.06218093441227984,0.23599907102617695,0.546098352301464,0.6953670071212196,0.4719363129719414,0.4147576093673706,0.7108146967548855,0.4816413446420332,"{""type"":""Point"",""coordinates"":[-46.70148076754945,-1.3760830441944514]}"
0000000000000000049d,1,0.23788021706785545,0.508716246624066,0.643043356207719,0.5677469933699477,0.5564381637469987,0.8116109139505523,0.4663987058366714,0.0,0.07421521883535998,0.0,0.064591942100091,0.074130561186102,0.055849388293995106,0.06344108663688242,0.0,0.03710760941767999,0.0,0.01614798552502275,0.024710187062034,0.018616462764665036,0.021147028878960805,0.23788021706785545,0.43450102778870603,0.643043356207719,0.5031550512698567,0.4823076025608967,0.7557615256565572,0.402957619199789,"{""type"":""Point"",""coordinates"":[-50.0480628627669,-9.183701442714977]}"
0000000000000000056a,1,0.24783147104737197,0.6618997175141244,0.7010355440184745,0.5962119624993174,0.46937305637989896,0.8195926859193547,0.5723348114343068,0.0,0.08494287312971105,0.0,0.14203365205584106,0.03880646589802733,0.14311123529680225,0.06405579324152022,0.0,0.08494287312971105,0.0,0.07101682602792053,0.019403232949013666,0.04770374509893408,0.06405579324152022,0.24783147104737197,0.5769568443844133,0.7010355440184745,0.45417831044347634,0.4305665904818716,0.6764814506225525,0.5082790181927865,"{""type"":""Point"",""coordinates"":[-46.701480767549455,-1.3761722262155207]}"
00000000000000000532,1,0.23025611348490943,0.49174349187023003,0.6622504791863058,0.5747383975774311,0.5448251342565636,0.817271080986846,0.46625337954930735,0.0,0.06609788954948553,0.0,0.09920472852002099,0.061360230362741464,0.08613901991053019,0.06505504835320891,0.0,0.016524472387371383,0.0,0.024801182130005248,0.015340057590685366,0.021534754977632548,0.016263762088302228,0.23025611348490943,0.4256456023207445,0.6622504791863058,0.47553366905741007,0.4834649038938222,0.7311320610763158,0.40119833119609843,"{""type"":""Point"",""coordinates"":[-50.047434129518365,-9.182533158238977]}"
0000000000000000049c,1,0.24135240519879986,0.41068638523084267,0.8093964104735004,0.490080362333828,0.45318999767888996,0.7999612350963172,0.39772711042894227,0.0,0.06313290332196353,0.0,0.08422139148077579,0.05213626293778861,0.07570716427383561,0.06541026412767503,0.0,0.021044301107321178,0.0,0.021055347870193947,0.017378754312596206,0.025235721424611873,0.02180342137589168,0.24135240519879986,0.34755348190887914,0.8093964104735004,0.4058589708530522,0.40105373474110134,0.7242540708224816,0.33231684630126723,"{""type"":""Point"",""coordinates"":[-50.04815204478797,-9.183701442714977]}"
0000000000000000044b,1,0.22970178061447769,0.42952556689211374,0.7365577401678692,0.5304236646043241,0.48204770825058374,0.7628967699268259,0.41778527570161117,0.0,0.06974871593181736,0.0,0.1217295398013385,0.05897244674233204,0.07093275427083567,0.06558684192334147,0.0,0.01743717898295434,0.0,0.030432384950334623,0.01474311168558301,0.01773318856770892,0.016396710480835366,0.22970178061447769,0.3597768509602964,0.7365577401678692,0.4086941248029856,0.4230752615082517,0.6919640156559902,0.3521984337782697,"{""type"":""Point"",""coordinates"":[-50.04842404995223,-9.184062629900307]}"
0000000000000000046c,1,0.23978286127251325,0.41941489481023075,0.7249366070028557,0.5312544375046122,0.49167456138308385,0.8087582686310586,0.4027631368215841,0.0,0.07565466467263304,0.0,0.11245520514297158,0.056280122959042445,0.10578156767314817,0.06630344244436642,0.0,0.01891366616815826,0.0,0.028113801285742895,0.014070030739760611,0.035260522557716056,0.016575860611091606,0.23978286127251325,0.3437602301375977,0.7249366070028557,0.4187992323616406,0.4353944384240414,0.7029767009579104,0.3364596943772177,"{""type"":""Point"",""coordinates"":[-50.04869159601543,-9.183879806757115]}"
000000000000000004b7,1,0.23227769981816296,0.44049628469960367,0.6907415143368235,0.5596940144916072,0.5242603572940251,0.7932183729254778,0.4225580415684065,0.0,0.06590758883890024,0.0,0.09744055867977691,0.0800377402501593,0.09905436005822998,0.06634157599564944,0.0,0.01647689720972506,0.0,0.024360139669944228,0.026679246750053103,0.024763590014557496,0.01658539399891236,0.23227769981816296,0.3745886958607034,0.6907415143368235,0.46225345581183025,0.4442226170438658,0.6941640128672478,0.35621646557275705,"{""type"":""Point"",""coordinates"":[-50.04770613468263,-9.183612260693907]}"
00000000000000000215,0,0.2166523983581362,0.31773887282444657,1.0560896895453586,0.18375253793580484,0.23860690919149097,0.37130411176296463,0.2883487995836791,0.0,0.07686970174214311,0.23243699493458025,-0.09017485263960409,-0.05144049795877759,-0.07025064320949326,0.06676126701424351,0.0,0.07686970174214311,0.04648739898691605,-0.01803497052792082,-0.010288099591755518,-0.01405012864189865,0.06676126701424351,0.2166523983581362,0.24086917108230346,0.8236526946107784,0.27392739057540894,0.29004740715026855,0.4415547549724579,0.22158753256943559,"{""type"":""Point"",""coordinates"":[-46.702559870004386,-1.3774296927125922]}"
0000000000000000043a,1,0.22874012872510388,0.4535240671281011,0.7158208768504609,0.5464550486702755,0.47971678079283325,0.7657833717083478,0.42996770097295356,0.0,0.07360910306798901,0.0,0.12534533401291958,0.04607625730266707,0.07621776102622035,0.06690747279233472,0.0,0.018402275766997253,0.0,0.031336333503229896,0.011519064325666767,0.01905444025655509,0.01672686819808368,0.22874012872510388,0.3799149640601121,0.7158208768504609,0.4211097146573559,0.4336405234901662,0.6895656106821274,0.36306022818061884,"{""type"":""Point"",""coordinates"":[-50.04869159601543,-9.184151811921378]}"
00000000000000000448,1,0.22755718816411483,0.4535240671281011,0.7158208768504609,0.5464550486702755,0.47971678079283325,0.7657833717083478,0.42996770097295356,0.0,0.07360910306798901,0.0,0.12534533401291958,0.04607625730266707,0.07621776102622035,0.06690747279233472,0.0,0.018402275766997253,0.0,0.031336333503229896,0.011519064325666767,0.01905444025655509,0.01672686819808368,0.22755718816411483,0.3799149640601121,0.7158208768504609,0.4211097146573559,0.4336405234901662,0.6895656106821274,0.36306022818061884,"{""type"":""Point"",""coordinates"":[-50.04869159601543,-9.184062629900307]}"
000000000000000004a5,1,0.22407942102425912,0.4676678231900939,0.6290454091514991,0.5688359787577223,0.5254652097607393,0.8005683723315116,0.43939024548162076,0.0,0.0789124671181875,0.0,0.06416906866829797,0.04086781466613948,0.07639415606405031,0.06799473054336636,0.0,0.019728116779546875,0.0,0.016042267167074492,0.01021695366653487,0.02546471868801677,0.01699868263584159,0.22407942102425912,0.3887553560719064,0.6290454091514991,0.5046669100894243,0.4845973950945998,0.7241742162674613,0.3713955149382544,"{""type"":""Point"",""coordinates"":[-50.04932032926398,-9.183612260693907]}"
000000000000000004b6,1,0.2279208964598156,0.46938384943616607,0.6486058583730495,0.5744116138078904,0.5481706104958024,0.8244804179087077,0.44579163919486386,0.0,0.07433822424043618,0.0,0.08267920440758691,0.06288785221968063,0.10066287061948087,0.06872322668508007,0.0,0.018584556060109045,0.0,0.02066980110189673,0.02096261740656021,0.025165717654870218,0.01718080667127002,0.2279208964598156,0.3950456251957299,0.6486058583730495,0.4917324094003035,0.4852827582761218,0.7238175472892269,0.3770684125097838,"{""type"":""Point"",""coordinates"":[-50.047795316703706,-9.183612260693907]}"
000000000000000004ba,1,0.22961662576852865,0.42590965133256026,0.6769726062981201,0.563159885472255,0.5260807163739744,0.7964487869913225,0.4404324228203698,0.0,0.0,0.0,0.08688671244826812,0.07582924982130029,0.0504884359076736,0.07012381110045562,0.0,0.0,0.0,0.02172167811206703,0.0252764166071001,0.0126221089769184,0.017530952775113906,0.22961662576852865,0.42590965133256026,0.6769726062981201,0.4762731730239869,0.45025146655267406,0.7459603510836489,0.3703086117199142,"{""type"":""Point"",""coordinates"":[-50.0492311472429,-9.18352307867284]}"
00000000000000000280,0,0.2472000382816225,0.38406474517108335,1.0996079834348715,0.2893044502843727,0.31409265011290605,0.5269484201689687,0.37372324630889964,0.0,0.05922079023399379,0.31141183913921566,-0.05102985151532974,-0.07672167653864032,-0.07490036388491117,0.07059195637944543,0.0,0.05922079023399379,0.10380394637973855,-0.02551492575766487,-0.02557389217954677,-0.024966787961637055,0.07059195637944543,0.2472000382816225,0.32484395493708956,0.7881961442956559,0.3403343017997024,0.39081432665154636,0.6018487840538799,0.3031312899294542,"{""type"":""Point"",""coordinates"":[-51.88062854090367,-6.442223819551185]}"
000000000000000005d7,1,0.20696423825572402,0.28712786073554397,1.2484705597495158,0.11451375484466553,0.24142271280288696,0.5621203291416168,0.3134785724124862,0.0,0.10236838390437861,-0.24537059563821328,0.07238364299469628,0.04223187073471557,0.21186066150665284,0.07167351720156934,0.0,0.03412279463479287,-0.24537059563821328,0.07238364299469628,0.04223187073471557,0.10593033075332642,0.07167351720156934,0.20696423825572402,0.18475947683116536,1.493841155387729,0.042130111849969246,0.1991908420681714,0.35025966763496397,0.24180505521091689,"{""type"":""Point"",""coordinates"":[-50.37532074818035,-9.583450933954296]}"
00000000000000000577,1,0.2422327506002363,0.7155764096943875,0.4601371207501811,0.6828845865392021,0.591256126335689,0.8643171441384739,0.5916875538628726,0.0,0.055593901726285644,-0.0614119055383302,0.07079499040577086,0.03686796682221549,0.03856276802506431,0.07192868395558949,0.0,0.055593901726285644,-0.020470635179443402,0.017698747601442716,0.012289322274071831,0.01285425600835477,0.017982170988897372,0.2422327506002363,0.6599825079681019,0.5215490262885113,0.6120895961334313,0.5543881595134735,0.8257543761134096,0.5197588699072831,"{""type"":""Point"",""coordinates"":[-47.376655553556965,-2.2981136645207227]}"
0000000000000000033b,1,0.24893056656715398,0.5878786482999832,0.667800269905533,0.5304101705551147,0.5099813342471078,0.8010266423225403,0.49271816044878575,0.0,0.13147785309495436,-0.11918309222515777,0.08031005153216408,0.030011714632012187,0.0756890084392382,0.07217276705283587,0.0,0.13147785309495436,-0.11918309222515777,0.08031005153216408,0.010003904877337396,0.0756890084392382,0.07217276705283587,0.24893056656715398,0.4564007952050288,0.7869833621306908,0.45010011902295066,0.4799696196150956,0.7253376338833021,0.4205453933959499,"{""type"":""Point"",""coordinates"":[-51.90335657897308,-6.460100355674449]}"
0000000000000000042f,1,0.22280125177765428,0.4592105387807248,0.7043476909276356,0.5531169570552948,0.48526131218768137,0.7704738059064059,0.4402108134812822,0.0,0.0714932942216368,0.0,0.13910935336698904,0.04610861406123501,0.06212774670362009,0.07331797641240728,0.0,0.0178733235554092,0.0,0.03477733834174726,0.011527153515308752,0.015531936675905023,0.01832949410310182,0.22280125177765428,0.387717244559088,0.7043476909276356,0.4140076036883058,0.43915269812644636,0.7083460592027858,0.36689283706887493,"{""type"":""Point"",""coordinates"":[-50.04878077803651,-9.184240993942444]}"
0000000000000000055b,1,0.2570606888896742,0.4551387947018778,0.736115200882937,0.43245750665664673,0.3536307813792436,0.647264838218689,0.42562433213025663,0.0,0.07513953381703098,0.0,0.13821283521599836,-0.08507161474209118,0.09085594732685709,0.07435993002220492,0.0,0.07513953381703098,0.0,0.13821283521599836,-0.021267903685522796,0.09085594732685709,0.07435993002220492,0.2570606888896742,0.3799992608848468,0.736115200882937,0.29424467144064836,0.43870239612133477,0.5564088908918319,0.3512644021080517,"{""type"":""Point"",""coordinates"":[-47.70687428206989,-3.98227600049775]}"
00000000000000000552,1,0.2432150969429824,0.6924422663426512,0.4808788242659218,0.661598274183024,0.59192089609975,0.879454690698424,0.6250227060208029,0.0,0.05852904686166349,0.0,0.05242313849106328,0.03216294817799703,0.0411379520929247,0.0759230403403115,0.0,0.029264523430831746,0.0,0.01310578462276582,0.006432589635599406,0.008227590418584941,0.03796152017015575,0.2432150969429824,0.6339132194809877,0.4808788242659218,0.6091751356919607,0.5597579479217529,0.8383167386054993,0.5490996656804914,"{""type"":""Point"",""coordinates"":[-50.56279919287143,-6.028548555721957]}"
000000000000000003f8,1,0.22004756320567131,0.3557856229876326,0.8325991189427312,0.38767271117483587,0.3892664965198968,0.6464017013964796,0.30450403502877954,0.0,0.11934899102332122,-0.19142412683427923,0.35100095725745023,0.1769553161898459,0.29707072988614025,0.07643244700962462,0.0,0.05967449551166061,-0.19142412683427923,0.17550047862872512,0.08847765809492295,0.14853536494307013,0.03821622350481231,0.22004756320567131,0.2364366319643114,1.0240232457770104,0.036671753917385655,0.21231118033005092,0.3493309715103393,0.22807158801915492,"{""type"":""Point"",""coordinates"":[-47.26274781714669,-3.9605378828622015]}"
0000000000000000044c,1,0.23342790747073225,0.4666608623003446,0.69746676392597,0.5482773542091648,0.5073540870976844,0.7738596827516733,0.4475479824485659,0.0,0.08241805070722519,0.0,0.12462739931956934,0.07543356602684587,0.06342484423656702,0.07658201145099314,0.0,0.020604512676806297,0.0,0.031156849829892336,0.018858391506711467,0.015856211059141756,0.019145502862748284,0.23342790747073225,0.3842428115931194,0.69746676392597,0.42364995488959545,0.4319205210708385,0.7104348385151062,0.3709659709975728,"{""type"":""Point"",""coordinates"":[-50.04833486793116,-9.184062629900307]}"
0000000000000000048b,1,0.2311459170741473,0.4990325995047524,0.6660280969123445,0.5700047851713846,0.524343133836981,0.7977591932008371,0.46044337881471364,0.0,0.10248770583406719,0.0,0.0995803122172158,0.034319771636881546,0.04781422109190647,0.07689636540031697,0.0,0.03416256861135573,0.0,0.02489507805430395,0.011439923878960515,0.011953555272976618,0.025632121800105656,0.2311459170741473,0.39654489367068524,0.6660280969123445,0.47042447295416884,0.4900233622000994,0.7499449721089306,0.3835470134143967,"{""type"":""Point"",""coordinates"":[-50.0477953167037,-9.183790624736048]}"
000000000000000003e2,1,0.20927972804053094,0.45372181140105877,0.7720167243561799,0.4027816966995024,0.37941884994506836,0.6823045611381531,0.39911024897587655,0.0,0.2750224846570393,-0.22426832843759514,0.21826184739138105,0.058082225172697954,0.138084991566072,0.0774551155332942,0.0,0.05500449693140787,-0.22426832843759514,0.10913092369569052,0.058082225172697954,0.138084991566072,0.0387275577666471,0.20927972804053094,0.17869932674401945,0.996285052793775,0.18451984930812138,0.3213366247723704,0.5442195695720811,0.32165513344258234,"{""type"":""Point"",""coordinates"":[-47.262480271083476,-3.958740865137663]}"
000000000000000004b1,1,0.22944181580961318,0.4463290002668777,0.67929861342539,0.5351336104502802,0.5248913019227633,0.7722103067820617,0.4406431290008808,0.0,0.06261959678599954,0.0,0.04703143116870001,0.05116262727257109,0.06855751427364754,0.07774385531324762,0.0,0.015654899196499886,0.0,0.011757857792175003,0.01705420909085703,0.017139378568411884,0.02591461843774921,0.22944181580961318,0.3837094034808782,0.67929861342539,0.4881021792815802,0.47372867465019225,0.7036527925084142,0.3628992736876332,"{""type"":""Point"",""coordinates"":[-50.0482456859101,-9.183612260693907]}"
000000000000000003e7,1,0.1977262430369843,0.4510933603634816,0.7938280381871841,0.41373300552368164,0.3964879512786865,0.6934666633605957,0.4198075999665918,0.0,0.2434268976706209,-0.24376415066665658,0.19141867064777263,0.07000404929684334,0.1675504184053852,0.07961933469764881,0.0,0.12171344883531045,-0.24376415066665658,0.19141867064777263,0.07000404929684334,0.1675504184053852,0.07961933469764881,0.1977262430369843,0.20766646269286068,1.0375921888538406,0.22231433487590901,0.3264839019818432,0.5259162449552105,0.34018826526894297,"{""type"":""Point"",""coordinates"":[-47.26238662996136,-3.958651683116594]}"
00000000000000000489,1,0.23675990328533755,0.4634240166248993,0.6638049414054766,0.5577418324528861,0.5152707617990073,0.783444320270911,0.4425102016062361,0.0,0.08934213574446098,0.0,0.07402730916037892,0.04765882692336598,0.06842510900980825,0.08023687106739241,0.0,0.02978071191482033,0.0,0.01850682729009473,0.011914706730841496,0.017106277252452062,0.026745623689130804,0.23675990328533755,0.3740818808804383,0.6638049414054766,0.4837145232925072,0.46761193487564134,0.7150192112611028,0.3622733305388437,"{""type"":""Point"",""coordinates"":[-50.04797368074583,-9.183790624736048]}"
00000000000000000332,1,0.2136096910814083,0.4013036719241798,0.9808789211970959,0.32268446426638553,0.4150080914984349,0.6893197761641608,0.36736461012336014,0.0,0.12934068614846422,-0.1195734428518207,0.22281711860690867,0.156782330136092,0.18913347191280783,0.08295570251644874,0.0,0.032335171537116056,-0.05978672142591035,0.05570427965172717,0.052260776712030665,0.04728336797820196,0.020738925629112184,0.2136096910814083,0.2719629857757156,1.1004523640489166,0.09986734565947686,0.2582257613623429,0.500186304251353,0.2844089076069114,"{""type"":""Point"",""coordinates"":[-50.375409930201414,-9.583272569912156]}"
00000000000000000459,1,0.23837688097699142,0.41304876595839884,0.7276652519328882,0.5271046246745474,0.49011987933719525,0.7696131793139734,0.39903425159237293,0.0,0.08735775097400572,0.0,0.1113413724468818,0.05796690031790164,0.09167276176616446,0.08367930651434491,0.0,0.02183943774350143,0.0,0.02783534311172045,0.01449172507947541,0.022918190441541114,0.020919826628586227,0.23837688097699142,0.3256910149843931,0.7276652519328882,0.41576325222766564,0.4321529790192936,0.677940417547809,0.315354945078028,"{""type"":""Point"",""coordinates"":[-50.04869159601543,-9.183973447879236]}"
0000000000000000057e,1,0.2544387788430213,0.6299964026307917,0.6923127287079099,0.5493544822886003,0.5077099841124808,0.7976311415179058,0.5395204198926782,0.0,0.10809945233561513,0.0,0.148562303754337,0.08010801153599945,0.036681037988355425,0.08386146554745416,0.0,0.054049726167807566,0.0,0.0742811518771685,0.04005400576799972,0.018340518994177712,0.04193073277372708,0.2544387788430213,0.5218969502951766,0.6923127287079099,0.4007921785342633,0.42760197257648136,0.7609501035295504,0.455658954345224,"{""type"":""Point"",""coordinates"":[-47.982116753694896,-2.2121466553113405]}"
0000000000000000044e,1,0.23236649749453223,0.4400159175600921,0.687247249625167,0.5323185051118602,0.5000467968649395,0.7664810063133896,0.45581227868628427,0.0,0.0,0.0,0.07667957711219286,0.07415646142430382,0.04129508768522738,0.08430078837559879,0.0,0.0,0.0,0.019169894278048216,0.02471882047476794,0.010323771921306846,0.028100262791866264,0.23236649749453223,0.4400159175600921,0.687247249625167,0.4556389279996673,0.42589033544063565,0.7251859186281622,0.3715114903106855,"{""type"":""Point"",""coordinates"":[-50.04815204478797,-9.184062629900307]}"
0000000000000000038b,1,0.2551342087756555,0.5824737940187372,0.5125947664465639,0.6412161055162189,0.5306372156911502,0.8327892746244159,0.5337135967421991,0.0,0.1146601948259211,-0.038794235433247115,0.14458258269414787,0.05415505836809248,0.09230711715562012,0.08790761947555442,0.0,0.05733009741296055,-0.038794235433247115,0.036145645673536966,0.02707752918404624,0.030769039051873375,0.04395380973777721,0.2551342087756555,0.4678135991928161,0.551389001879811,0.496633522822071,0.4764821573230577,0.7404821574687958,0.44580597726664467,"{""type"":""Point"",""coordinates"":[-51.06792170110472,-6.521992678296278]}"
00000000000000000395,1,0.13755777794742477,0.38397550354736887,0.8689217758985202,0.3410749892139116,0.38794379313517013,0.658421681994716,0.3205986457317712,0.0,0.20185489603496976,-0.4127536454652607,0.33280397042255344,0.18704330204298508,0.2984000842244603,0.08898256966713639,0.0,0.05046372400874244,-0.4127536454652607,0.16640198521127672,0.09352165102149254,0.14920004211223015,0.04449128483356819,0.13755777794742477,0.1821206075123991,1.2816754213637809,0.00827101879135814,0.20090049109218505,0.36002159777025566,0.23161607606463483,"{""type"":""Point"",""coordinates"":[-47.26319818635308,-3.9603595188200638]}"
000000000000000005de,1,0.24080142306625557,0.4812303127253698,0.6342479415440299,0.5427614018535957,0.48189474311139846,0.7464783036211053,0.4446540475854248,0.0,0.11122843236681318,-0.20940752121655604,0.15023978205684274,0.08206777440177065,0.08545424069721463,0.09067694381691677,0.0,0.022245686473362634,-0.041881504243311204,0.030047956411368548,0.020516943600442664,0.02136356017430366,0.02266923595422919,0.24080142306625557,0.37000188035855663,0.8436554627605859,0.39252161979675293,0.3998269687096278,0.6610240629238907,0.35397710376850805,"{""type"":""Point"",""coordinates"":[-50.56854697412932,-5.773068819965829]}"
000000000000000003f0,1,0.14214791000113272,0.35627636028036563,1.2867663776282552,0.36206352936578917,0.36168150171290797,0.5795542443350976,0.3037318816006989,0.0,0.14542157427698715,0.0,0.36492873593289415,0.18232442494965267,0.2965988186335714,0.0953364568014965,0.0,0.07271078713849358,0.0,0.18246436796644708,0.09116221247482634,0.1482994093167857,0.04766822840074825,0.14214791000113272,0.21085478600337848,1.2867663776282552,-0.002865206567104997,0.1793570767632553,0.2829554257015262,0.20839542479920242,"{""type"":""Point"",""coordinates"":[-47.262926181188824,-3.9607162469043398]}"
000000000000000003ff,1,0.19422672073630867,0.39248963941350234,0.9111451637777711,0.3849145244363553,0.3478406073004146,0.581473247566533,0.32259032301969504,0.0,0.1557854936836336,-0.21472270431047769,0.3748686735651534,0.13208334012330963,0.2369389343360574,0.09610557422668109,0.0,0.0778927468418168,-0.21472270431047769,0.1874343367825767,0.06604167006165482,0.1184694671680287,0.048052787113340545,0.19422672073630867,0.23670414572986875,1.1258678680882488,0.010045850871201939,0.21575726717710497,0.34453431323047556,0.22648474879301395,"{""type"":""Point"",""coordinates"":[-47.263015363209895,-3.9603595188200638]}"
00000000000000000430,1,0.22488644464686702,0.47645829851370336,0.681653155678082,0.562830161152648,0.5009848176497003,0.7794576010915812,0.45340941612979624,0.0,0.09635272420335034,0.0,0.13370894295119928,0.05854961552696614,0.08634873615322891,0.09647177005674307,0.0,0.024088181050837584,0.0,0.03342723573779982,0.014637403881741534,0.021587184038307228,0.024117942514185767,0.22488644464686702,0.380105574310353,0.681653155678082,0.42912121820144866,0.44243520212273413,0.6931088649383523,0.35693764607305317,"{""type"":""Point"",""coordinates"":[-50.04869159601544,-9.184240993942444]}"
00000000000000000306,1,0.24544332344075998,0.5349117947589905,0.8006218314960157,0.5403725504875183,0.5251912474632263,0.7753751277923584,0.47617236962722365,0.0,0.14483055463330763,0.0,0.27303058984100687,0.1436551156995136,0.1259782354596295,0.09727908366752913,0.0,0.14483055463330763,0.0,0.27303058984100687,0.1436551156995136,0.1259782354596295,0.09727908366752913,0.24544332344075998,0.3900812401256829,0.8006218314960157,0.26734196064651145,0.3815361317637127,0.6493968923327289,0.3788932859596945,"{""type"":""Point"",""coordinates"":[-51.90344576099415,-6.460189537695519]}"
000000000000000003fb,1,0.20015830936811474,0.39593679649990005,1.2840127980605747,0.3771275403855053,0.4030537688038648,0.6308484559663332,0.32811260243636314,0.0,0.15716786981442793,0.0,0.38516755268443065,0.1964537401806718,0.2711964162636974,0.09738466914740951,0.0,0.07858393490721396,0.0,0.19258377634221532,0.0982268700903359,0.1355982081318487,0.048692334573704754,0.20015830936811474,0.23876892668547212,1.2840127980605747,-0.008040012298925363,0.206600028623193,0.3596520397026358,0.23072793328895363,"{""type"":""Point"",""coordinates"":[-47.26292618118882,-3.9604487008411335]}"
00000000000000000580,1,0.2560151205778197,0.6331616846856609,0.6241753497919021,0.615188021592289,0.5149005661364386,0.7823096237833361,0.5342072516999746,0.0,0.1453260479095268,0.0,0.18504440267079947,0.06952411529778835,0.044542560989436764,0.09853742062268683,0.0,0.0726630239547634,0.0,0.09252220133539973,0.034762057648894173,0.014847520329812255,0.04926871031134342,0.2560151205778197,0.4878356367761341,0.6241753497919021,0.43014361892148956,0.4453764508386503,0.7377670627938994,0.4356698310772878,"{""type"":""Point"",""coordinates"":[-47.98211675369489,-2.2124142013745463]}"
000000000000000003d4,1,0.2434547277389075,0.5878212064341773,0.73070751954197,0.5596441030502319,0.4948519468307495,0.8063948154449463,0.5296772700594584,0.0,0.12089393665666448,0.0,0.17249102749164713,0.08117850515792502,0.14131228158320153,0.10102006166205107,0.0,0.12089393665666448,0.0,0.17249102749164713,0.08117850515792502,0.14131228158320153,0.10102006166205107,0.2434547277389075,0.46692726977751287,0.73070751954197,0.3871530755585848,0.4136734416728245,0.6650825338617448,0.42865720839740734,"{""type"":""Point"",""coordinates"":[-50.89867652062119,-9.086684781095155]}"
0000000000000000033c,1,0.2679244222747058,0.5371591958308053,0.8235103753337804,0.5064089298248291,0.4838528335094452,0.7456640005111694,0.47735760977974534,0.0,0.14705124309667983,0.0,0.1431747122989384,0.06672295603877704,0.09880501691454935,0.10123153284518255,0.0,0.14705124309667983,0.0,0.1431747122989384,0.06672295603877704,0.09880501691454935,0.10123153284518255,0.2679244222747058,0.39010795273412546,0.8235103753337804,0.3632342175258907,0.41712987747066815,0.6468589835966201,0.3761260769345628,"{""type"":""Point"",""coordinates"":[-51.90335657897308,-6.460278719716587]}"
0000000000000000054a,1,0.2544872626003598,0.46812347397684995,0.7484056885156898,0.3764890556663327,0.3873412463090904,0.6269170045852661,0.41105171059662554,0.0,0.13095762029464803,0.0,-0.03960270355022727,-0.038884668073545514,0.05316920640945655,0.1014595175491983,0.0,0.13095762029464803,0.0,-0.007920540710045453,-0.019442334036772757,0.05316920640945655,0.1014595175491983,0.2544872626003598,0.3371658536822019,0.7484056885156898,0.41609175921655994,0.4262259143826359,0.5737477981758096,0.30959219304742724,"{""type"":""Point"",""coordinates"":[-47.37863093532363,-2.3062916558527427]}"
00000000000000000573,1,0.2585017141033427,0.6293279774617719,0.49145515105196913,0.6633601024303469,0.5558921294459415,0.7976869956078367,0.5565332230677418,0.0,0.11240152485306121,-0.0812124213121026,0.12126210082367161,0.078595200881234,0.0,0.10154962609379081,0.0,0.028100381213265302,-0.0270708071040342,0.030315525205917904,0.0196488002203085,0.0,0.025387406523447703,0.2585017141033427,0.5169264526087107,0.5726675723640717,0.5420980016066753,0.47729692856470746,0.7976869956078367,0.45498359697395097,"{""type"":""Point"",""coordinates"":[-47.3772842868055,-2.297756936436447]}"
00000000000000000549,1,0.2679076460854583,0.6621862931945666,0.5517430349291559,0.6099783778190613,0.519900918006897,0.7820560932159424,0.5523061070605659,0.0,0.1624610413890949,-0.04673201703581564,0.035597140126260474,0.05097797286924344,0.06060447568972027,0.10398032782111072,0.0,0.1624610413890949,-0.015577339011938548,0.035597140126260474,0.05097797286924344,0.06060447568972027,0.10398032782111072,0.2679076460854583,0.49972525180547167,0.5984750519649715,0.5743812376928008,0.46892294513765354,0.7214516175262221,0.4483257792394552,"{""type"":""Point"",""coordinates"":[-47.37934885059324,-2.3061088327095516]}"
00000000000000000402,1,0.21240597160811608,0.3763495042986812,0.8461191335740071,0.37662817092925954,0.38111346829257764,0.6452502836618883,0.32588277795804754,0.0,0.14641667853057205,-0.20757039025512525,0.35202336622420843,0.16656088044180603,0.30568124642018274,0.104575657001791,0.0,0.07320833926528603,-0.20757039025512525,0.17601168311210422,0.08328044022090302,0.15284062321009137,0.0522878285008955,0.21240597160811608,0.22993282576810914,1.0536895238291324,0.02460480470505113,0.2145525878507716,0.33956903724170556,0.22130712095625654,"{""type"":""Point"",""coordinates"":[-47.26274781714669,-3.9603595188200638]}"
000000000000000003fd,1,0.2115736312081783,0.36898231499035694,0.9902807233691101,0.3358791889764939,0.3816580992440523,0.6586388964988023,0.3224847577540313,0.0,0.1404747065595492,-0.18119056058828964,0.3143145871270142,0.17586387485274163,0.33091105195118764,0.10466036485288582,0.0,0.0702373532797746,-0.06039685352942988,0.1571572935635071,0.08793193742637082,0.16545552597559382,0.05233018242644291,0.2115736312081783,0.22850760843080775,1.1714712839573997,0.02156460184947967,0.20579422439131068,0.3277278445476146,0.21782439290114547,"{""type"":""Point"",""coordinates"":[-47.26274781714668,-3.9604487008411327]}"
0000000000000000054c,1,0.2382388083083096,0.6468319864101623,0.5250529941769594,0.6295203535309558,0.5690101611794924,0.8440063571877524,0.5748432195398167,0.0,0.12684043997511363,-0.12699056878131965,0.1520212857476001,0.04238870026488062,0.07298320292902438,0.1056009340198154,0.0,0.03171010999377841,-0.02539811375626393,0.03040425714952002,0.008477740052976124,0.014596640585804876,0.02640023350495385,0.2382388083083096,0.5199915464350486,0.652043562958279,0.4774990677833557,0.5266214609146118,0.771023154258728,0.46924228552000125,"{""type"":""Point"",""coordinates"":[-50.56387829532636,-6.025226525437141]}"
00000000000000000404,1,0.2329891768209394,0.39461456090437796,0.8708842614902816,0.4171230623880797,0.4264185991153989,0.6759479202607683,0.35234018302348646,0.0,0.1451785988348152,-0.24740858343512828,0.38547863349901046,0.220560053745433,0.30272648202145847,0.10738062774528467,0.0,0.0725892994174076,-0.24740858343512828,0.19273931674950523,0.1102800268727165,0.15136324101072923,0.05369031387264234,0.2329891768209394,0.24943596206956276,1.11829284492541,0.031644428889069286,0.20585854536996592,0.37322143823930987,0.2449595552782018,"{""type"":""Point"",""coordinates"":[-47.263015363209895,-3.9602658776979407]}"
0000000000000000032a,1,0.20885763962904477,0.38595200138021807,0.9935864155440167,0.33504003286361694,0.37870752828371973,0.5379826954432896,0.35362246712503165,0.0,0.11679814275090056,0.0,0.3090319195482614,0.1696298728616506,0.18824665163244514,0.10819943515500452,0.0,0.038932714250300184,0.0,0.3090319195482614,0.0848149364308253,0.06274888387748172,0.03606647838500151,0.20885763962904477,0.2691538586293175,0.9935864155440167,0.02600811331535552,0.20907765542206913,0.34973604381084444,0.24542303197002713,"{""type"":""Point"",""coordinates"":[-48.4074704031831,-2.4782256742715094]}"
00000000000000000407,1,0.14089258595736026,0.3876283641600748,0.9644874899112187,0.33198919418670036,0.3597017485684041,0.6516190397613532,0.3397525696175171,0.0,0.14090890466610112,-0.14696599006660682,0.28388372202022677,0.16751012729757064,0.29836298696594615,0.10847626048290931,0.0,0.07045445233305056,-0.14696599006660682,0.14194186101011338,0.08375506364878532,0.14918149348297308,0.05423813024145466,0.14089258595736026,0.24671945949397367,1.1114534799778255,0.04810547216647361,0.19219162127083345,0.353256052795407,0.23127630913460778,"{""type"":""Point"",""coordinates"":[-47.26274781714669,-3.9602658776979416]}"
0000000000000000021d,0,0.24506106074945957,0.35021855033063387,1.1010753104445936,0.19521411762788604,0.2783566359611734,0.4718653567346998,0.3075113886832118,0.0,0.14192420644647297,-0.10370498304928222,0.11987985300939363,0.05726627236719106,0.11466332131589069,0.10893339543176511,0.0,0.028384841289294593,-0.020740996609856444,0.023975970601878727,0.011453254473438212,0.022932664263178137,0.02178667908635302,0.24506106074945957,0.2082943438841609,1.2047802934938758,0.07533426461849241,0.22109036359398232,0.3572020354188091,0.1985779932514467,"{""type"":""Point"",""coordinates"":[-48.24792822659186,-2.556201974393117]}"
00000000000000000540,1,0.24500255507087393,0.7345555191632377,0.5108605348694129,0.6598989626357695,0.5773921247378903,0.8689570183054109,0.6216932317543065,0.0,0.039613139641179074,-0.06874320834274839,0.0817553659865996,0.07883762678066064,0.04405389969502893,0.10918057187829167,0.0,0.039613139641179074,-0.013748641668549676,0.01635107319731992,0.015767525356132128,0.01468463323167631,0.021836114375658335,0.24500255507087393,0.6949423795220586,0.5796037432121612,0.5781435966491699,0.4985544979572296,0.824903118610382,0.5125126598760148,"{""type"":""Point"",""coordinates"":[-46.70202031877692,-1.3778800619189902]}"
0000000000000000044d,1,0.23533014427486823,0.4359890052631452,0.7047249277778952,0.546448204302865,0.4872416755887709,0.7480130934689981,0.4570795063298967,0.0,0.0,0.0,0.11804891101915449,0.05487149878147041,0.0,0.10999976549890816,0.0,0.0,0.0,0.029512227754788622,0.018290499593823468,0.0,0.036666588499636055,0.23533014427486823,0.4359890052631452,0.7047249277778952,0.4283992932837105,0.4323701768073005,0.7480130934689981,0.3470797408309885,"{""type"":""Point"",""coordinates"":[-50.0482456859101,-9.184062629900307]}"
00000000000000000543,1,0.2449161258632973,0.32372231558662873,1.0071618296639164,0.1920720785856247,0.2823778986930847,0.43838735138041757,0.3002652109874122,0.0,0.13131711768565185,0.0,0.24580786346154881,0.07982592228135321,0.03108767954486502,0.11090702722094264,0.0,0.13131711768565185,0.0,0.24580786346154881,0.07982592228135321,0.01554383977243251,0.11090702722094264,0.2449161258632973,0.19240519790097688,1.0071618296639164,-0.05373578487592412,0.2025519764117315,0.40729967183555255,0.18935818376646957,"{""type"":""Point"",""coordinates"":[-48.24712112930118,-2.5547616847528545]}"
0000000000000000039d,1,0.24367824103894148,0.6886215598652563,0.5203514432071736,0.6694242874677384,0.6051718286093506,0.8513880250483414,0.6132278731202649,0.0,0.10761193662052615,0.0,0.11834330552542449,0.07585280622031243,0.05782461656465876,0.11090850476074687,0.0,0.053805968310263075,0.0,0.059171652762712246,0.037926403110156215,0.019274872188219588,0.05545425238037344,0.24367824103894148,0.5810096232447302,0.5203514432071736,0.5510809819423139,0.5293190223890382,0.7935634084836827,0.5023193683595181,"{""type"":""Point"",""coordinates"":[-49.938288713033174,-6.380688225013631]}"
000000000000000003fc,1,0.21667742683405072,0.38806174978159913,0.9326107445805845,0.34971660867837007,0.38073321225087975,0.6595683297668435,0.33227114265693725,0.0,0.15143770901154435,-0.22954878967919812,0.35714498135488854,0.17705130826479992,0.3304755694595205,0.11126205018858276,0.0,0.07571885450577218,-0.22954878967919812,0.17857249067744427,0.08852565413239996,0.16523778472976025,0.05563102509429138,0.21667742683405072,0.23662404077005478,1.1621595342597826,-0.007428372676518448,0.20368190398607983,0.32909276030732304,0.22100909246835448,"{""type"":""Point"",""coordinates"":[-47.262836999167746,-3.9604487008411335]}"
0000000000000000032b,1,0.19522822729263611,0.5379957167122075,0.7275147731278011,0.5195432305335999,0.4195790140051109,0.7338671617091413,0.4853431045969354,0.0,0.14863243217581285,0.0,0.21092814508086155,-0.0473882681336974,0.0,0.11275099356304036,0.0,0.14863243217581285,0.0,0.21092814508086155,-0.01579608937789913,0.0,0.11275099356304036,0.19522822729263611,0.3893632845363946,0.7275147731278011,0.3086150854527383,0.4669672821388083,0.7338671617091413,0.37259211103389506,"{""type"":""Point"",""coordinates"":[-48.4081883184527,-2.4784084974146996]}"
000000000000000005e1,1,0.23327159112287385,0.6194861577153794,0.4600547136163061,0.7103889033908906,0.5848006771670448,0.8788558461449363,0.5591692839960247,0.0,0.18540850877684656,-0.07614539425910327,0.1862220529173081,0.07800538010067404,0.2156727530739524,0.11287904734544185,0.0,0.03708170175536931,-0.025381798086367757,0.04655551322932702,0.01950134502516851,0.043134550614790476,0.028219761836360463,0.23327159112287385,0.43407764893853285,0.5362001078754094,0.5241668504735825,0.5067952970663707,0.6631830930709839,0.44629023665058287,"{""type"":""Point"",""coordinates"":[-51.067471331898325,-6.522532229523745]}"
00000000000000000319,1,0.23657848585783964,0.49895539838027775,0.638139664364584,0.5108502591800262,0.4830510115230382,0.7735045218532393,0.4628826643750432,0.0,0.1509492409253591,-0.3841492582797432,0.2560733343314697,0.07477960940244799,0.09747002165169605,0.11324476085227408,0.0,0.03018984818507182,-0.07682985165594865,0.051214666866293945,0.014955921880489598,0.024367505412924012,0.022648952170454817,0.23657848585783964,0.34800615745491864,1.0222889226443272,0.2547769248485565,0.4082714021205902,0.6760345002015432,0.34963790352276913,"{""type"":""Point"",""coordinates"":[-50.37558829424355,-9.58282220070576]}"
0000000000000000038c,1,0.28133622590689367,0.46720403617250095,0.6423813834905258,0.5612997825437727,0.501483330062459,0.782920060649425,0.4546828831325954,0.0,0.10884928011608364,-0.12392499243984922,0.07584334343310711,0.0937038856128361,0.12355338391608106,0.11344205781489919,0.0,0.05442464005804182,-0.030981248109962306,0.03792167171655356,0.04685194280641805,0.06177669195804053,0.056721028907449594,0.28133622590689367,0.3583547560564173,0.766306375930375,0.48545643911066555,0.40777944444962294,0.6593666767333439,0.34124082531769623,"{""type"":""Point"",""coordinates"":[-51.06612468338018,-6.520467665736]}"
0000000000000000035d,1,0.2483065888905547,0.5141171930568418,0.7243557996044656,0.46750857291310177,0.44906156833540845,0.7297947406768799,0.4614705610892549,0.0,0.17373461343533947,-0.12208760077606229,0.07923989876827359,0.05111977908441112,0.07163577999901838,0.11619089811343813,0.0,0.05791153781177982,-0.02441752015521246,0.015847979753654717,0.02555988954220556,0.07163577999901838,0.03873029937114605,0.2483065888905547,0.3403825796215023,0.8464434003805279,0.3882686741448282,0.3979417892509973,0.6581589606778615,0.34527966297581675,"{""type"":""Point"",""coordinates"":[-51.940367117716676,-6.537443463446467]}"
00000000000000000406,1,0.14681878385959338,0.42241514862919527,0.9327666151468315,0.3542266676237417,0.3761091072913832,0.6543652377338264,0.3577856567097273,0.0,0.17412515178159166,-0.14620904755647568,0.3234597381414371,0.1658404109220663,0.2814931641882976,0.11824412123479716,0.0,0.08706257589079583,-0.14620904755647568,0.16172986907071854,0.08292020546103315,0.1407465820941488,0.05912206061739858,0.14681878385959338,0.2482899968476036,1.0789756627033071,0.03076692948230466,0.2102686963693169,0.37287207354552876,0.23954153547493012,"{""type"":""Point"",""coordinates"":[-47.262836999167746,-3.9602658776979416]}"
000000000000000003df,1,0.21678478756497133,0.4548971746334707,0.8424706795315491,0.40215234275214007,0.36512291616149,0.6743584520076616,0.38748544143016705,0.0,0.17555274797579928,-0.28693008108538764,0.29219152424050154,0.21625590509123854,0.28268602279120914,0.12216066794461211,0.0,0.08777637398789964,-0.14346504054269382,0.14609576212025077,0.04325118101824771,0.14134301139560457,0.061080333972306056,0.21678478756497133,0.2793444266576714,1.1294007606169367,0.1099608185116385,0.14886701107025146,0.3916724292164525,0.26532477348555494,"{""type"":""Point"",""coordinates"":[-47.26274781714668,-3.9587408651376634]}"
000000000000000003d3,1,0.2511559750412847,0.6039353278319852,0.7204720300746789,0.6072648763656616,0.5267398357391357,0.8003683090209961,0.5525223935897219,0.0,0.15165271685585757,0.0,0.20028735567718153,0.04667569353231321,0.14196408207509437,0.12226105988383168,0.0,0.15165271685585757,0.0,0.20028735567718153,0.04667569353231321,0.14196408207509437,0.12226105988383168,0.2511559750412847,0.45228261097612765,0.7204720300746789,0.4069775206884801,0.48006414220682253,0.6584042269459017,0.4302613337058902,"{""type"":""Point"",""coordinates"":[-50.898498156579045,-9.086773963116222]}"
00000000000000000333,1,0.2608331252548946,0.3785962763959082,0.7997183351186108,0.4432943662430192,0.4769567167420272,0.7423317153837692,0.36948859874835493,0.0,0.0863182655025338,-0.46785248459995454,0.31985722238077174,0.17268469091843408,0.20124246871336404,0.123659354391142,0.0,0.02157956637563345,-0.0935704969199909,0.06397144447615435,0.03453693818368682,0.05031061717834101,0.024731870878228403,0.2608331252548946,0.2922780108933744,1.2675708197185653,0.12343714386224747,0.30427202582359314,0.5410892466704051,0.24582924435721293,"{""type"":""Point"",""coordinates"":[-50.37586029940782,-9.58300502384895]}"
00000000000000000400,1,0.14014648685488432,0.43413007694018046,0.8544905008635579,0.4031348791998648,0.41147055408379596,0.6445135203526302,0.36110369814718074,0.0,0.18932364293864534,-0.256307087513719,0.40605924563528484,0.20187367087728736,0.2799462840115331,0.12470481179822943,0.0,0.09466182146932267,-0.256307087513719,0.20302962281764242,0.10093683543864368,0.13997314200576655,0.06235240589911471,0.14014648685488432,0.24480643400153512,1.110797588377277,-0.002924366435420024,0.2095968832065086,0.3645672363410971,0.23639888634895131,"{""type"":""Point"",""coordinates"":[-47.26292618118882,-3.9603595188200647]}"
00000000000000000403,1,0.12350192502285282,0.3923192973496845,0.9108513457427356,0.3769316425581453,0.3665007477441376,0.5900927126508935,0.36061937231756624,0.0,0.14577288756678758,-0.2461201178276089,0.342360586321162,0.1506803783410463,0.2429934383046527,0.12690381646678067,0.0,0.07288644378339379,-0.08204003927586963,0.171180293160581,0.07534018917052315,0.12149671915232635,0.06345190823339034,0.12350192502285282,0.24654640978289694,1.1569714635703445,0.03457105623698331,0.2158203694030913,0.34709927434624077,0.23371555585078557,"{""type"":""Point"",""coordinates"":[-47.26265863512561,-3.9603595188200638]}"
00000000000000000316,1,0.22740668660345745,0.6577816311419931,0.6133920235958673,0.5584839582443237,0.45811739563941956,0.7671130895614624,0.554088037776454,0.0,0.17834529437700541,-0.18045031720696525,0.1393457802899753,0.061660170472557674,0.1511391752533926,0.1269178294198927,0.0,0.17834529437700541,-0.18045031720696525,0.1393457802899753,0.061660170472557674,0.1511391752533926,0.1269178294198927,0.22740668660345745,0.47943633676498765,0.7938423408028326,0.41913817795434843,0.3964572251668619,0.6159739143080698,0.4271702083565613,"{""type"":""Point"",""coordinates"":[-46.722050600709,-1.383538661155813]}"
00000000000000000405,1,0.24030110993031106,0.4233910392763339,0.986111111111111,0.3637318403560299,0.3899424759800238,0.6381873020052201,0.36677540138171805,0.0,0.16834721702044603,-0.16532110348637719,0.3480203098287453,0.17987924114167841,0.26499875099616443,0.12967096366346398,0.0,0.08417360851022301,-0.16532110348637719,0.17401015491437266,0.08993962057083921,0.13249937549808222,0.06483548183173199,0.24030110993031106,0.2550438222558879,1.1514322145974882,0.015711530527284568,0.21006323483834538,0.3731885510090557,0.23710443771825407,"{""type"":""Point"",""coordinates"":[-47.26292618118882,-3.9602658776979416]}"
00000000000000000563,1,0.22973013324523558,0.6891267941894682,0.4674731182795699,0.6689597320556641,0.6067686141615656,0.8558623694228952,0.5831396210712576,0.0,0.16625348977523602,-0.040672663756290584,0.04928228378295896,0.05013722330688852,0.11106544902791049,0.13000364344608828,0.0,0.033250697955047204,-0.040672663756290584,0.02464114189147948,0.02506861165344426,0.055532724513955245,0.026000728689217656,0.22973013324523558,0.5228733044142322,0.5081457820358605,0.6196774482727051,0.556631390854677,0.7447969203949847,0.45313597762516933,"{""type"":""Point"",""coordinates"":[-48.06790539886214,-2.1701954326005204]}"
00000000000000000331,1,0.23156689443374665,0.4221050429748807,0.7867615551510818,0.39671226917578317,0.48757164523417684,0.7598422921366161,0.42373635820090144,0.0,0.12950936649380418,-0.5187049792816509,0.18890754894786616,0.21758000895793173,0.22460590865876928,0.13059437976067656,0.0,0.032377341623451045,-0.10374099585633019,0.04722688723696654,0.043516001791586344,0.05615147716469232,0.03264859494016914,0.23156689443374665,0.29259567648107654,1.3054665344327328,0.20780472022791702,0.2699916362762451,0.5352363834778469,0.2931419784402249,"{""type"":""Point"",""coordinates"":[-50.37532074818035,-9.583183387891085]}"
000000000000000003d6,1,0.20616691693237496,0.3336673842794805,0.9036564132327336,0.35270472029204547,0.3502482763199969,0.6409524083137512,0.30488025750465764,0.0,0.07604005752997461,-0.13929972236972432,0.19830135460826043,0.2028129688172503,0.10758523368023598,0.13578020186277182,0.0,0.03802002876498731,-0.13929972236972432,0.09915067730413021,0.04056259376345006,0.10758523368023598,0.02715604037255436,0.20616691693237496,0.2576273267495059,1.042956135602458,0.15440336568378504,0.14743530750274658,0.5333671746335152,0.16910005564188582,"{""type"":""Point"",""coordinates"":[-47.26265863512561,-3.958919229179802]}"
00000000000000000358,1,0.25875092695549684,0.5448093854056243,0.737043244283788,0.46832537069498753,0.4446154153242511,0.7092655143304497,0.484160403907576,0.0,0.1916780355630302,-0.07686300052733985,0.05093916613665511,0.07537077332800729,0.059208969767510555,0.1369084790965331,0.0,0.06389267852101006,-0.015372600105467971,0.010187833227331022,0.025123591109335763,0.01184179395350211,0.04563615969884436,0.25875092695549684,0.3531313498425941,0.8139062448111278,0.4173862045583324,0.3692446419962438,0.6500565445629392,0.3472519248110429,"{""type"":""Point"",""coordinates"":[-51.94045629973775,-6.5373542814254]}"
000000000000000003da,1,0.21564449726116589,0.46260863731126534,0.8390630813411285,0.39896801154819406,0.36394551220827137,0.6439047711870003,0.4000767054980794,0.0,0.194738788576108,-0.30212163407629966,0.2714571381215619,0.21210253063135182,0.22968462573345227,0.13824064133633673,0.0,0.097369394288054,-0.15106081703814983,0.13572856906078096,0.042420506126270366,0.11484231286672614,0.06912032066816837,0.21564449726116589,0.26786984873515735,1.1411847154174282,0.12751087342663214,0.15184298157691956,0.414220145453548,0.26183606416174265,"{""type"":""Point"",""coordinates"":[-47.26274781714668,-3.9588300471587323]}"
000000000000000003db,1,0.21176541600079732,0.4219113444701582,0.7969004364062451,0.3985263754787064,0.3877177340767717,0.6295383608409937,0.3775510329144186,0.0,0.05650644963501705,-0.20389894106183926,0.23747327915550254,0.2286518616459703,0.36253989101143436,0.13954453766875358,0.0,0.05650644963501705,-0.20389894106183926,0.11873663957775127,0.04573037232919406,0.07250797820228687,0.034886134417188394,0.21176541600079732,0.36540489483514116,1.0007993774680843,0.16105309632320386,0.1590658724308014,0.2669984698295593,0.23800649524566503,"{""type"":""Point"",""coordinates"":[-47.26265863512561,-3.9588300471587323]}"
00000000000000000408,1,0.17340219936775408,0.40041223819154603,0.9595119793278515,0.361807917016173,0.39000810747533077,0.6486893676787604,0.37333604810710863,0.0,0.15559900998638543,-0.10389999595393462,0.3136253026570356,0.20090720446044413,0.29095779840349517,0.13960576776499728,0.0,0.07779950499319271,-0.10389999595393462,0.1568126513285178,0.10045360223022207,0.14547889920174759,0.06980288388249864,0.17340219936775408,0.2448132282051606,1.063411975281786,0.04818261435913743,0.18910090301488663,0.3577315692752652,0.23373028034211135,"{""type"":""Point"",""coordinates"":[-47.26265863512561,-3.9602658776979416]}"
000000000000000003e6,1,0.2081183761766389,0.4311969861192191,0.7813575003149548,0.43175244331359863,0.3869003355503082,0.6806684732437134,0.3977367627985935,0.0,0.16925897532138368,-0.2226812987805472,0.18495466646597875,0.05844418921942862,0.12480407608506261,0.14011496883396768,0.0,0.04231474383034592,-0.2226812987805472,0.18495466646597875,0.05844418921942862,0.12480407608506261,0.03502874220849192,0.2081183761766389,0.2619380107978354,1.004038799095502,0.2467977768476199,0.3284561463308796,0.5558643971586508,0.2576217939646258,"{""type"":""Point"",""coordinates"":[-47.262480271083476,-3.958651683116594]}"
000000000000000002ee,1,0.22819838464668443,0.6636278714263211,0.7319955442343867,0.49263688921928406,0.3965933918952942,0.7300058007240295,0.5453445888102872,0.0,0.20200357277739067,0.0,0.23707373504041834,0.08039687502951848,0.10507172818824784,0.14176667650563157,0.0,0.20200357277739067,0.0,0.23707373504041834,0.08039687502951848,0.10507172818824784,0.14176667650563157,0.22819838464668443,0.4616242986489304,0.7319955442343867,0.2555631541788657,0.3161965168657757,0.6249340725357817,0.4035779123046557,"{""type"":""Point"",""coordinates"":[-46.73903085752052,-1.1122469530641657]}"
00000000000000000318,1,0.2195150389033729,0.6644624977957941,0.5952231365580587,0.5705112814903259,0.4720364809036255,0.7874394655227661,0.5537724234175624,0.0,0.21997600064928813,-0.1815006768876848,0.1744535949199988,0.06703869661503481,0.16180567002987012,0.1417690665385728,0.0,0.21997600064928813,-0.1815006768876848,0.1744535949199988,0.06703869661503481,0.16180567002987012,0.1417690665385728,0.2195150389033729,0.444486497146506,0.7767238134457435,0.39605768657032714,0.4049977842885907,0.625633795492896,0.4120033568789896,"{""type"":""Point"",""coordinates"":[-46.721961418687926,-1.383538661155813]}"
00000000000000000317,1,0.22986883318844167,0.6680773944111726,0.7225382595856217,0.5727914571762085,0.4921261668205261,0.8002116084098816,0.5716663084302568,0.0,0.188288075703392,0.0,0.17964723255791648,0.07117722044537927,0.13171635815825844,0.14236954688452197,0.0,0.188288075703392,0.0,0.17964723255791648,0.07117722044537927,0.13171635815825844,0.14236954688452197,0.22986883318844167,0.47978931870778063,0.7225382595856217,0.393144224618292,0.42094894637514685,0.6684952502516232,0.4292967615457348,"{""type"":""Point"",""coordinates"":[-46.721961418687926,-1.3834494791347438]}"
00000000000000000308,1,0.26072473714489053,0.5512161645764275,0.8024111611388649,0.526350200176239,0.5183965563774109,0.7955880165100098,0.5100843533289312,0.0,0.1785848006695,0.0,0.276309231887071,0.14742687121272824,0.29140400839339253,0.1474875018853914,0.0,0.1785848006695,0.0,0.276309231887071,0.14742687121272824,0.29140400839339253,0.1474875018853914,0.26072473714489053,0.3726313639069275,0.8024111611388649,0.250040968289168,0.37096968516468265,0.5041840081166172,0.3625968514435398,"{""type"":""Point"",""coordinates"":[-51.9035349430152,-6.460278719716587]}"
0000000000000000055a,1,0.25211730220699535,0.22683251146503114,1.1393326323169153,0.1665463152582432,0.3257950877504689,0.5210110849567823,0.2422531231772983,0.0,0.14491734823294705,-0.3002850369565826,0.1664025056689889,0.21055632920137468,0.28198410112942973,0.14837532151748745,0.0,0.048305782744315684,-0.1501425184782913,0.08320125283449445,0.07018544306712489,0.09399470037647657,0.04945844050582915,0.25211730220699535,0.08191516323208407,1.4396176692734979,1.438095892543137E-4,0.1152387585490942,0.23902698382735252,0.09387780165981084,"{""type"":""Point"",""coordinates"":[-51.06900080355965,-6.552805066575587]}"
00000000000000000401,1,0.21314544072089286,0.41273987921844724,0.8958943623167681,0.40401487963564314,0.42523022979509484,0.6883249724118233,0.3801071513705835,0.0,0.18293827525795664,-0.26235748988624064,0.4107337246636817,0.22018584549496473,0.35212114108104736,0.1613264834166394,0.0,0.09146913762897832,-0.26235748988624064,0.20536686233184084,0.11009292274748236,0.17606057054052368,0.0806632417083197,0.21314544072089286,0.2298016039604906,1.1582518522030087,-0.006718845028038524,0.2050443843001301,0.33620383133077597,0.21878066795394407,"{""type"":""Point"",""coordinates"":[-47.262836999167746,-3.9603595188200638]}"
000000000000000003dd,1,0.20673538275920486,0.43182423241679213,0.7819129417879418,0.4001626897664333,0.3713797718542776,0.6225425500820849,0.39777636772159797,0.0,0.050691827399731826,-0.2059099777147857,0.20981694985119403,0.20149805548369504,0.340586115832207,0.1624293096635561,0.0,0.050691827399731826,-0.2059099777147857,0.10490847492559702,0.040299611096739005,0.06811722316644139,0.08121465483177805,0.20673538275920486,0.3811324050170603,0.9878229195027275,0.1903457399152393,0.16988171637058258,0.28195643424987793,0.23534705805804187,"{""type"":""Point"",""coordinates"":[-47.26248027108347,-3.9588300471587323]}"
000000000000000005c8,1,0.2526925567353838,0.5349990500438422,0.6835517033524935,0.4793915842015152,0.5067628638737441,0.8108803444095978,0.5167598044646982,0.0,0.15592768567826493,-0.14034080306219665,0.09594803693211368,0.16339325348529604,0.2748172970567261,0.16644004597615986,0.0,0.05197589522608831,-0.02806816061243933,0.04797401846605684,0.04084831337132401,0.06870432426418152,0.05548001532538662,0.2526925567353838,0.37907136436557726,0.8238925064146901,0.3834435472694015,0.3433696103884481,0.5360630473528717,0.3503197584885383,"{""type"":""Point"",""coordinates"":[-51.90371330705735,-6.446263765105606]}"
00000000000000000337,1,0.26358044383238144,0.5015673877137884,0.7140754040392792,0.46443569418964714,0.5328407650988276,0.8180383168888843,0.4756540056951649,0.0,0.20237037968386867,-0.503784820292041,0.21433636242824722,0.21392185149599863,0.2854537688923633,0.1698069292333958,0.0,0.04047407593677373,-0.1007569640584082,0.053584090607061804,0.04278437029919972,0.057090753778472655,0.03396138584667916,0.26358044383238144,0.2991970080299197,1.2178602243313201,0.2500993317613999,0.318918913602829,0.532584547996521,0.3058470764617691,"{""type"":""Point"",""coordinates"":[-50.37577111738675,-9.58300502384895]}"
000000000000000005f9,1,0.19644148688063376,0.627550775078958,0.5306555806009584,0.6364168750241995,0.6504100461266218,0.8472697718313401,0.5547803607912132,0.0,0.04121904649292041,-0.2545062145693059,0.23637590510460044,0.28742920353628976,0.29151581238845903,0.171098659080835,0.0,0.04121904649292041,-0.06362655364232647,0.05909397627615011,0.05748584070725795,0.05830316247769181,0.034219731816167,0.19644148688063376,0.5863317285860375,0.7851617951702643,0.4000409699195991,0.36298084259033203,0.5557539594428811,0.3836817017103782,"{""type"":""Point"",""coordinates"":[-48.24802186771397,-2.555033689917114]}"
0000000000000000031a,1,0.2576091825545495,0.49067672696402853,0.7002478357135844,0.40865672710034817,0.5231334445761526,0.8440374829611375,0.4608935169110505,0.0,0.208316320872658,-0.5720374155019747,0.14702935102078885,0.2363666174696768,0.3874939777693345,0.17255658386569417,0.0,0.0416632641745316,-0.11440748310039495,0.03675733775519721,0.04727332349393536,0.07749879555386689,0.03451131677313883,0.2576091825545495,0.28236040609137053,1.2722852512155591,0.2616273760795593,0.28676682710647583,0.456543505191803,0.28833693304535635,"{""type"":""Point"",""coordinates"":[-50.37603866344996,-9.582911382726827]}"
000000000000000003eb,1,0.2110240388483537,0.47281935026442706,0.8111348885033095,0.4044981002807617,0.3895747270743545,0.6570387097201017,0.41406805350044956,0.0,0.3197904637332794,-0.30018234634962637,0.18104968815218725,0.09848976526289943,0.1697272133834763,0.1734091836936251,0.0,0.06395809274665588,-0.30018234634962637,0.18104968815218725,0.049244882631449716,0.08486360669173815,0.043352295923406274,0.2110240388483537,0.15302888653114766,1.1113172348529359,0.22344841212857447,0.29108496181145505,0.4873114963366254,0.24065886980682447,"{""type"":""Point"",""coordinates"":[-47.26238662996136,-3.958562501095524]}"
000000000000000003f3,1,0.15294604012450816,0.33649034527142063,1.28295944751449,0.3343766005156119,0.3213886531944109,0.5801613200790472,0.285084089526497,0.0,0.12277893426910896,0.0,0.32853059251170136,0.11710933098077331,0.26604096239017666,0.17386251573053138,0.0,0.06138946713455448,0.0,0.16426529625585068,0.058554665490386654,0.13302048119508833,0.034772503146106276,0.15294604012450816,0.21371141100231167,1.28295944751449,0.005846008003910545,0.2042793222136376,0.31412035768887053,0.11122157379596562,"{""type"":""Point"",""coordinates"":[-47.26283699916775,-3.9606270648832704]}"
000000000000000003a6,1,0.24463788569701037,0.6450619544854905,0.48057612902289015,0.6664816457378064,0.5641890011723198,0.845192350639362,0.5732515572995175,0.0,0.23613364683519583,-0.25811918944009105,0.17689986130428031,0.12587573380507416,0.1196191356783759,0.17515877568522886,0.0,0.05903341170879896,-0.051623837888018206,0.08844993065214016,0.03146893345126854,0.0398730452261253,0.043789693921307216,0.24463788569701037,0.4089283076502947,0.7386953184629812,0.4895817844335261,0.4383132673672457,0.7255732149609861,0.3980927816142886,"{""type"":""Point"",""coordinates"":[-49.93811034899104,-6.3805990429925625]}"
000000000000000003d8,1,0.2028788043114574,0.448377081097011,0.842924714549377,0.3703950002280609,0.3597966237675669,0.5746517126500941,0.41380768210513186,0.0,0.20868596183646143,-0.1600786309961295,0.18877676396831033,0.18907112914438268,0.15598161466323696,0.17854604604798063,0.0,0.05217149045911536,-0.1600786309961295,0.09438838198415517,0.03781422582887654,0.03899540366580924,0.08927302302399032,0.2028788043114574,0.2396911192605496,1.0030033455455065,0.18161823625975054,0.1707254946231842,0.4186700979868571,0.23526163605715122,"{""type"":""Point"",""coordinates"":[-47.26248027108347,-3.958919229179801]}"
000000000000000003f1,1,0.21907877618640006,0.33937646625367535,1.301848232073873,0.3192620053233263,0.331338958188794,0.5812347425226324,0.28712173885398695,0.0,0.19356712996657785,0.0,0.3126073326716168,0.14611323026250816,0.2728486616635045,0.17985201513442708,0.0,0.04839178249164446,0.0,0.1563036663358084,0.07305661513125408,0.13642433083175226,0.035970403026885416,0.21907877618640006,0.1458093362870975,1.301848232073873,0.006654672651709555,0.18522572792628583,0.3083860808591279,0.10726972371955987,"{""type"":""Point"",""coordinates"":[-47.262836999167746,-3.9607162469043398]}"
000000000000000005c0,1,0.22776919117956784,0.6195859631433189,0.6265991431258175,0.5669419153989388,0.5731874987789767,0.8280668769691903,0.5702158629248357,0.0,0.18444356024715958,-0.14893787764457478,0.1787448604975792,0.12294023353384559,0.11011440421016139,0.18449551055155727,0.0,0.09222178012357979,-0.037234469411143695,0.05958162016585974,0.061470116766922794,0.055057202105080694,0.09224775527577864,0.22776919117956784,0.43514240289615935,0.7755370207703923,0.3881970549013596,0.4502472652451311,0.717952472759029,0.38572035237327845,"{""type"":""Point"",""coordinates"":[-51.91081219593444,-6.452016005464552]}"
00000000000000000302,1,0.2576904802894856,0.5970399505259969,0.568544816000867,0.608132254934169,0.5425225059116277,0.7967355585098267,0.5346290060094864,0.0,0.2385642537497243,-0.21610410534745228,0.2508592390530876,0.12133124914365673,0.1280305004119875,0.18457271238553463,0.0,0.07952141791657476,-0.10805205267372614,0.0836197463510292,0.040443749714552245,0.06401525020599375,0.06152423746184488,0.2576904802894856,0.3584756967762726,0.7846489213483193,0.3572730158810814,0.4211912567679709,0.6687050580978392,0.35005629362395174,"{""type"":""Point"",""coordinates"":[-51.94027347659455,-6.537532645467536]}"
0000000000000000035c,1,0.23664434075241444,0.6409371781271893,0.7784158818679682,0.6552493229460643,0.5307674124100622,0.8528828654662679,0.5465543075633972,0.0,0.25191263482168774,0.0,0.38524199498530914,0.06415478032476457,0.22741745441075123,0.1848520464047132,0.0,0.08397087827389592,0.0,0.1284139983284364,0.021384926774921525,0.07580581813691707,0.06161734880157107,0.23664434075241444,0.38902454330550157,0.7784158818679682,0.27000732796075516,0.46661263208529763,0.6254654110555167,0.361702261158684,"{""type"":""Point"",""coordinates"":[-51.93973838446814,-6.537443463446466]}"
0000000000000000059d,1,0.21174876329591275,0.6271034122980295,0.4613824890423197,0.6601584105146242,0.6130292863736505,0.8815182933177382,0.5724860061781512,0.0,0.21134776398424165,-0.4757244291966738,0.36579708739641437,0.1886298508534784,0.271417308744374,0.1850606100060993,0.0,0.04226955279684833,-0.09514488583933475,0.07315941747928287,0.03772597017069568,0.054283461748874794,0.03701212200121986,0.21174876329591275,0.4157556483137878,0.9371069182389935,0.29436132311820984,0.4243994355201721,0.6101009845733643,0.38742539617205185,"{""type"":""Point"",""coordinates"":[-50.56154172637436,-6.019835472263524]}"
000000000000000003f4,1,0.15797661538441363,0.39736202157046996,0.857629041406693,0.38141513592704035,0.37875853826385236,0.6192686469550448,0.3587142130605342,0.0,0.2216412025993414,-0.17357374546854454,0.3407084182920393,0.16101240216383317,0.26519579362602064,0.18806771899025415,0.0,0.05541030064983535,-0.17357374546854454,0.17035420914601965,0.08050620108191658,0.13259789681301032,0.04701692974756354,0.15797661538441363,0.17572081897112857,1.0312027868752376,0.04070671763500107,0.2177461361000192,0.35407285332902416,0.17064649407028004,"{""type"":""Point"",""coordinates"":[-47.26274781714668,-3.9606270648832704]}"
00000000000000000394,1,0.18498113761370355,0.42596134205572994,0.8513322761615217,0.36939130758153244,0.32213000804512776,0.6035275367190371,0.37115431931468634,0.0,0.07335311614340462,-0.16162737703136265,0.171904595786741,0.05680521430546498,0.3492869344641696,0.1961173916928252,0.0,0.07335311614340462,-0.16162737703136265,0.0859522978933705,0.02840260715273249,0.06985738689283391,0.039223478338565036,0.18498113761370355,0.3526082259123253,1.0129596531928844,0.19748671179479144,0.2653247937396628,0.25424060225486755,0.17503692762186115,"{""type"":""Point"",""coordinates"":[-47.26238662996136,-3.958112131889127]}"
000000000000000003ab,1,0.25340207162428185,0.6427644077539547,0.597193814153771,0.6413203975599127,0.5183978669600904,0.8404762816429139,0.5635155555031552,0.0,0.2662120295243996,0.0,0.20539766612119503,0.06828575257534664,0.17711596012115494,0.19870100115582012,0.0,0.1331060147621998,0.0,0.10269883306059752,0.022761917525115544,0.08855798006057747,0.09935050057791006,0.25340207162428185,0.3765523782295551,0.597193814153771,0.4359227314387176,0.45011211438474374,0.6633603215217589,0.3648145543473351,"{""type"":""Point"",""coordinates"":[-49.938288713033174,-6.380509860971493]}"
0000000000000000035b,1,0.235991073038387,0.6106358147015523,0.8083860981020896,0.6487160041380046,0.5529746348024378,0.8663331000480277,0.5285700335969329,0.0,0.3112579149041724,0.0,0.41235425969129114,0.12475968140947385,0.21514795503313355,0.1988163166823465,0.0,0.1037526383013908,0.0,0.13745141989709705,0.031189920352368464,0.07171598501104452,0.049704079170586626,0.235991073038387,0.2993778997973799,0.8083860981020896,0.2363617444467134,0.42821495339296395,0.6511851450148941,0.3297537169145864,"{""type"":""Point"",""coordinates"":[-51.93973838446814,-6.53726509940433]}"
000000000000000003f2,1,0.2157583626930089,0.3973538350683615,0.9023199023199024,0.31040000915527344,0.3720426782113094,0.6234836892765953,0.3629845755437717,0.0,0.23288445757316106,-0.24579384294037676,0.11621664626805217,0.16408891924725685,0.27487952499520396,0.20163705948980465,0.0,0.058221114393290266,-0.24579384294037676,0.11621664626805217,0.08204445962362843,0.13743976249760198,0.05040926487245116,0.2157583626930089,0.16446937749520046,1.1481137452602792,0.19418336288722127,0.20795375896405252,0.3486041642813913,0.16134751605396708,"{""type"":""Point"",""coordinates"":[-47.26274781714669,-3.960716246904339]}"
000000000000000003a5,1,0.25783982508401576,0.6541041029335668,0.6068968963750984,0.6634243043230617,0.5493940570075018,0.7403414647516949,0.5816670922887135,0.0,0.2465398141184033,0.0,0.20323283193507413,0.10685065872591859,0.0,0.20259746216123065,0.0,0.12326990705920166,0.0,0.10161641596753707,0.053425329362959295,0.0,0.10129873108061532,0.25783982508401576,0.4075642888151635,0.6068968963750984,0.4601914723879875,0.4425433982815832,0.7403414647516949,0.37906963012748285,"{""type"":""Point"",""coordinates"":[-49.93819953101211,-6.3805990429925625]}"
0000000000000000031c,1,0.19575060003784403,0.47054613992671007,0.5295033463966716,0.5896404835995451,0.5799924034329181,0.8012571425404127,0.5359137809047132,0.0,0.0,-0.380577306554164,0.2089809282041009,0.15866733078677708,0.1416076611644005,0.21154123867557767,0.0,0.0,-0.0761154613108328,0.05224523205102523,0.03966683269669427,0.03540191529110012,0.04230824773511553,0.19575060003784403,0.47054613992671007,0.9100806529508356,0.3806595553954442,0.42132507264614105,0.6596494813760122,0.32437254222913553,"{""type"":""Point"",""coordinates"":[-48.42085662454553,-2.508681334466545]}"
000000000000000003ac,1,0.2507844899670606,0.6671544345278602,0.6035530036200092,0.6647811384127644,0.5590772372789596,0.8433954033530147,0.5809255244520702,0.0,0.28075614993540066,0.0,0.22797825999624,0.1285067452832549,0.16463715629362474,0.21262918779178752,0.0,0.14037807496770033,0.0,0.11398912999812,0.06425337264162745,0.08231857814681237,0.10631459389589376,0.2507844899670606,0.3863982845924595,0.6035530036200092,0.43680287841652443,0.43057049199570474,0.6787582470593899,0.3682963366602827,"{""type"":""Point"",""coordinates"":[-49.9381995310121,-6.380509860971494]}"
000000000000000003f7,1,0.2297312211026618,0.370405291690717,0.8374628344895937,0.3913176209465601,0.3853543654883716,0.6477820911672499,0.3252294263546656,0.0,0.11816104696913005,-0.3523455649984889,0.38582000180240755,0.19358507144738046,0.3014110557238977,0.21437038699805117,0.0,0.05908052348456502,-0.3523455649984889,0.19291000090120378,0.09679253572369023,0.15070552786194885,0.04287407739961023,0.2297312211026618,0.25224424472158696,1.1898083994880826,0.005497619144152539,0.19176929404099113,0.34637103544335224,0.11085903935661445,"{""type"":""Point"",""coordinates"":[-47.26283699916775,-3.9605378828622015]}"
000000000000000003f6,1,0.2082482236752824,0.38040808814658966,1.281079303290726,0.3840491416562228,0.35565829078582756,0.5658883639619271,0.3229027507347613,0.0,0.14323247180881413,0.0,0.3911385789565017,0.1691335303733838,0.23024673141827623,0.21862285232429443,0.0,0.07161623590440706,0.0,0.19556928947825086,0.0845667651866919,0.11512336570913811,0.043724570464858885,0.2082482236752824,0.23717561633777554,1.281079303290726,-0.007089437300278941,0.18652476041244376,0.33564163254365087,0.10427989841046689,"{""type"":""Point"",""coordinates"":[-47.26292618118882,-3.9605378828622015]}"
000000000000000003ed,1,0.21130010935430368,0.4274479586034069,0.9052098956577692,0.3673542125784587,0.37520037993809213,0.5585761026866922,0.39377102909755096,0.0,0.23836743162275636,-0.22291799247816146,0.15458928570939956,0.2092211882772111,0.12482583834009264,0.22292598911484074,0.0,0.047673486324551276,-0.055729498119540366,0.07729464285469978,0.04184423765544222,0.03120645958502316,0.044585197822968145,0.21130010935430368,0.18908052698065053,1.1281278881359307,0.21276492686905912,0.16597919166088104,0.4337502643465996,0.17084503998271022,"{""type"":""Point"",""coordinates"":[-47.26256945310455,-3.958473319074456]}"
000000000000000003ec,1,0.23283702236954162,0.4144932382176539,0.8158512750880875,0.40121659797164855,0.3628959059715271,0.5998942909621199,0.3817575412549552,0.0,0.09006544599906147,-0.23248915147276228,0.259825894935909,0.048984637298116196,0.1510796892541647,0.225691160445887,0.0,0.04503272299953073,-0.23248915147276228,0.1299129474679545,0.048984637298116196,0.07553984462708235,0.0451382320891774,0.23283702236954162,0.3244277922185924,1.0483404265608498,0.14139070303573956,0.3139112686734109,0.4488146017079552,0.1560663808090682,"{""type"":""Point"",""coordinates"":[-47.26265863512561,-3.958473319074456]}"
000000000000000003d9,1,0.19539794656550882,0.4974054237161424,0.8628656100559755,0.38240739703178406,0.3703533709049225,0.6634335608552381,0.44298463620859563,0.0,0.32700038014819877,-0.17981749142919656,0.1181890674692031,0.03788349124417445,0.42664828313097203,0.22632730555286742,0.0,0.08175009503704969,-0.17981749142919656,0.1181890674692031,0.03788349124417445,0.0853296566261944,0.11316365277643371,0.19539794656550882,0.17040504356794364,1.042683101485172,0.26421832956258096,0.33246987966074804,0.23678527772426605,0.2166573306557282,"{""type"":""Point"",""coordinates"":[-47.26238662996136,-3.958919229179802]}"
000000000000000003fa,1,0.19092898098512293,0.3833076275338417,1.3010950604152072,0.36316697653531843,0.35296002007702665,0.5716571933031082,0.3243737691275129,0.0,0.1450763658160839,0.0,0.35224848129748193,0.14944725365631523,0.21095676779747002,0.2264004014230785,0.0,0.07253818290804195,0.0,0.17612424064874097,0.07472362682815761,0.10547838389873501,0.0452800802846157,0.19092898098512293,0.23823126171775777,1.3010950604152072,0.010918495237836518,0.20351276642071142,0.36070042550563813,0.09797336770443445,"{""type"":""Point"",""coordinates"":[-47.263015363209895,-3.9604487008411327]}"
00000000000000000554,1,0.23764423669849583,0.36842466681824454,0.8470911407738766,0.3223642738636858,0.43200333194673435,0.7088409222548196,0.36145331214678794,0.0,0.24370029496002388,-0.28594200621663424,0.18932269825482081,0.22789019093246962,0.3818334448568478,0.22725121324404393,0.0,0.08123343165334129,-0.14297100310831712,0.06310756608494027,0.07596339697748987,0.1272778149522826,0.07575040441468131,0.23764423669849583,0.12472437185822068,1.1330331469905108,0.133041575608865,0.20411314101426473,0.32700747739797187,0.134202098902744,"{""type"":""Point"",""coordinates"":[-51.06881798041646,-6.552805066575588]}"
000000000000000003dc,1,0.20680019070704872,0.45581726050397436,0.9139491250960514,0.40228999813582733,0.37520031841369395,0.6366635919093602,0.40874655412558125,0.0,0.27145375352981627,-0.18243106983217983,0.21158797503627746,0.22473751218887095,0.3604985833644383,0.22775378714461444,0.0,0.05429075070596325,-0.04560776745804496,0.10579398751813873,0.04494750243777419,0.07209971667288766,0.04555075742892289,0.20680019070704872,0.1843635069741581,1.0963801949282312,0.19070202309954987,0.150462806224823,0.2761650085449219,0.1809927669809668,"{""type"":""Point"",""coordinates"":[-47.26256945310455,-3.9588300471587323]}"
0000000000000000059f,1,0.283883322964939,0.6228453720147006,0.4786002080318843,0.6385410815555923,0.5350354434446443,0.8783220704296679,0.567551013664876,0.0,0.27533761280069824,-0.5413108961199562,0.4065724402744644,0.049906899173651986,0.33383071977888057,0.2335435268270198,0.0,0.05506752256013965,-0.10826217922399124,0.08131448805489287,0.012476724793412997,0.06676614395577611,0.04670870536540396,0.283883322964939,0.34750775921400234,1.0199111041518405,0.23196864128112793,0.4851285442709923,0.5444913506507874,0.33400748683785625,"{""type"":""Point"",""coordinates"":[-50.563427926119964,-6.018216818581124]}"
000000000000000003e3,1,0.19797750477116044,0.4385112585019645,0.8203062046736502,0.4169262647628784,0.40862125158309937,0.6767370700836182,0.4033993930487609,0.0,0.08913245966175509,-0.24868273937836394,0.21825714957122128,0.10117812860417008,0.15899007422129174,0.23385670306279893,0.0,0.08913245966175509,-0.24868273937836394,0.21825714957122128,0.10117812860417008,0.15899007422129174,0.05846417576569973,0.19797750477116044,0.3493787988402094,1.0689889440520142,0.19866911519165714,0.3074431229789293,0.5177469958623264,0.16954268998596195,"{""type"":""Point"",""coordinates"":[-47.26238662996136,-3.958740865137663]}"
000000000000000003de,1,0.20670248960440527,0.46858156520318905,0.8448516619750814,0.35845255937243997,0.3977832496166229,0.6560846567153931,0.39916112105576645,0.0,0.30344007245855426,-0.19642967191633698,0.20748097217473394,0.07728966973790546,0.11364938658083101,0.23441389881842511,0.0,0.07586001811463856,-0.19642967191633698,0.10374048608736697,0.07728966973790546,0.11364938658083101,0.05860347470460628,0.20670248960440527,0.1651414927446348,1.0412813338914184,0.15097158719770604,0.32049357987871746,0.542435270134562,0.16474722223734134,"{""type"":""Point"",""coordinates"":[-47.26238662996136,-3.9588300471587314]}"
000000000000000003ee,1,0.2120299205949645,0.45575463578749703,0.8251693969235333,0.3917299630568651,0.3972730040550232,0.5813333753163693,0.40609624732962435,0.0,0.06922831563664894,-0.17043260469822674,0.21402497430218898,0.06643758083164147,0.16514004651855207,0.24162326144702162,0.0,0.06922831563664894,-0.17043260469822674,0.10701248715109449,0.06643758083164147,0.04128501162963802,0.04832465228940432,0.2120299205949645,0.3865263201508481,0.99560200162176,0.1777049887546761,0.3308354232233817,0.41619332879781723,0.16447298588260273,"{""type"":""Point"",""coordinates"":[-47.262480271083476,-3.958473319074456]}"
000000000000000003e5,1,0.21268339261719413,0.4788892062903654,0.8634379204542739,0.4132908119498656,0.3949319882898714,0.6573239400297963,0.43702839199552024,0.0,0.286742348094154,-0.25343675756062445,0.21293159350095137,0.24858625369361897,0.35022865079944965,0.24749967006107965,0.0,0.0573484696188308,-0.06335918939015611,0.10646579675047568,0.049717250738723795,0.07004573015988994,0.04949993401221593,0.21268339261719413,0.1921468581962114,1.1168746780148984,0.20035921844891424,0.14634573459625244,0.3070952892303467,0.1895287219344406,"{""type"":""Point"",""coordinates"":[-47.26256945310455,-3.958651683116595]}"
000000000000000003e0,1,0.21815607798029327,0.47118362992086776,0.8676499227806354,0.4090965862105127,0.41145707359483213,0.6441520676061443,0.4249330709420535,0.0,0.29108193417849726,-0.2992277493222275,0.23940955104222056,0.2822518019931552,0.1361415535479379,0.250111006885114,0.0,0.05821638683569945,-0.07480693733055688,0.11970477552111028,0.056450360398631036,0.06807077677396894,0.050022201377022804,0.21815607798029327,0.1801016957423705,1.1668776721028629,0.16968703516829214,0.12920527160167694,0.5080105140582064,0.1748220640569395,"{""type"":""Point"",""coordinates"":[-47.26265863512561,-3.958740865137663]}"
000000000000000003e8,1,0.20855937451501272,0.428774797120258,0.8748417120594907,0.39657387081835216,0.38087406754493713,0.5990598806475865,0.4080450641720541,0.0,0.1567237893511238,-0.31717915438248756,0.22488569879851028,0.042542126644837586,0.1999862475926943,0.25021373918610534,0.0,0.03918094733778095,-0.07929478859562189,0.11244284939925514,0.042542126644837586,0.04999656189817357,0.05004274783722107,0.20855937451501272,0.2720510077691342,1.1920208664419782,0.17168817201984188,0.33833194090009955,0.39907363305489224,0.15783132498594873,"{""type"":""Point"",""coordinates"":[-47.26265863512561,-3.9585625010955243]}"
000000000000000003e1,1,0.20897321747425882,0.4699802656504672,0.9108297884842802,0.4316783845424652,0.38006258495867634,0.6343750522160011,0.4237591153819085,0.0,0.2935644379496967,-0.1738095207416177,0.1893306479442804,0.23220775016367817,0.35451789355511243,0.2506889903521262,0.0,0.058712887589939346,-0.04345238018540443,0.1893306479442804,0.04644155003273563,0.07090357871102249,0.050137798070425246,0.20897321747425882,0.17641582770077047,1.084639309225898,0.24234773659818482,0.14785483479499817,0.27985715866088867,0.1730701250297823,"{""type"":""Point"",""coordinates"":[-47.262569453104554,-3.958740865137663]}"
000000000000000003ea,1,0.21492467654670241,0.46225040323349237,0.9393867003392924,0.41907912492752075,0.3765789810188007,0.645210624457518,0.4222882356820326,0.0,0.2907161896203341,-0.1602389808606568,0.1717053096521595,0.22623375985695837,0.37820389938465726,0.2565697135981132,0.0,0.058143237924066817,-0.0400597452151642,0.1717053096521595,0.04524675197139168,0.07564077987693145,0.05131394271962264,0.21492467654670241,0.1715342136131583,1.0996256811999492,0.24737381527536126,0.15034522116184235,0.2670067250728607,0.1657185220839194,"{""type"":""Point"",""coordinates"":[-47.262480271083476,-3.9585625010955243]}"
0000000000000000036c,1,0.24818636906624114,0.4742459687067833,0.5811832672701627,0.5155849011933635,0.48721056147783315,0.8271919013928521,0.5617519420899278,0.0,0.0,-0.26939781673628826,0.26420554649581374,0.12711637999828568,0.25993390194842125,0.26015359196900867,0.0,0.0,-0.26939781673628826,0.13210277324790687,0.06355818999914284,0.12996695097421063,0.08671786398966956,0.24818636906624114,0.4742459687067833,0.8505810840064509,0.2513793546975498,0.36009418147954747,0.5672579994444309,0.3015983501209192,"{""type"":""Point"",""coordinates"":[-46.6765053425491,-1.0732610325538885]}"
0000000000000000038d,1,0.25082441499238295,0.46774266848702906,0.7193879680389532,0.4244722462106614,0.5205988696558393,0.8079487515347344,0.4338443822196785,0.0,0.3207091745338134,-0.3268651304968848,0.17332442784837976,0.3102192705913414,0.4590729174869401,0.2667354116747607,0.0,0.10690305817793781,-0.1634325652484424,0.08666221392418988,0.10340642353044714,0.15302430582898005,0.08891180389158691,0.25082441499238295,0.14703349395321566,1.046253098535838,0.2511478183622816,0.21037959906449794,0.3488758340477943,0.1671089705449178,"{""type"":""Point"",""coordinates"":[-51.06900080355965,-6.552983430617726]}"
000000000000000003e4,1,0.21533907201843508,0.4491572364357609,0.8605573030543886,0.41763170276018224,0.4067212145805295,0.6630469053899897,0.43728490457947805,0.0,0.14455414988398524,-0.29963268183793035,0.23825882160259737,0.26917042844294864,0.38470632731076604,0.2732122716352498,0.0,0.03613853747099631,-0.07490817045948259,0.11912941080129869,0.05383408568858973,0.07694126546215321,0.054642454327049964,0.21533907201843508,0.30460308655177565,1.160189984892319,0.17937288115758487,0.13755078613758087,0.27834057807922363,0.16407263294422825,"{""type"":""Point"",""coordinates"":[-47.26265863512561,-3.958651683116594]}"
0000000000000000007a,0,0.2420052368588173,0.32406317368479576,1.119849571801946,0.19537022709846497,0.5111831385214567,0.49476030468940735,0.3022691082802548,0.0,-0.3705527926695703,0.5756756525240454,-0.38701162389940025,0.0,-0.32793395980662243,-0.31070605997330913,0.0,-0.3705527926695703,0.5756756525240454,-0.38701162389940025,0.0,-0.32793395980662243,-0.31070605997330913,0.2420052368588173,0.6946159663543661,0.5441739192779007,0.5823818509978652,0.5111831385214567,0.8226942644960298,0.6129751682535639,"{""type"":""Point"",""coordinates"":[-46.722139782730075,-1.3829099279072774]}"
00000000000000000136,0,0.2354492563284933,0.20401045598233059,1.276810453481802,0.1636754274368286,0.5306031294842714,0.39521968364715576,0.21353049862463241,0.0,-0.3438840711426019,0.7957602428945968,-0.47026897495608755,0.0,-0.36385326634305903,-0.2853669246938003,0.0,-0.3438840711426019,0.7957602428945968,-0.47026897495608755,0.0,-0.36385326634305903,-0.2853669246938003,0.2354492563284933,0.5478945271249325,0.4810502105872053,0.6339444023929162,0.5306031294842714,0.7590729499902148,0.49889742331843273,"{""type"":""Point"",""coordinates"":[-47.7272657511873,-4.03213320937633]}"
0000000000000000014b,0,0.23636930784609736,0.263815507639583,1.1134633157120477,0.13528591394424438,0.4823379387620739,0.37760618329048157,0.24562375360070904,0.0,-0.2635282139794201,0.5757388909395321,-0.4618373786760711,0.0,-0.3908640949206764,-0.23448173283094137,0.0,-0.2635282139794201,0.5757388909395321,-0.4618373786760711,0.0,-0.3908640949206764,-0.23448173283094137,0.23636930784609736,0.5273437216190031,0.5377244247725156,0.5971232926203155,0.4823379387620739,0.768470278211158,0.4801054864316504,"{""type"":""Point"",""coordinates"":[-47.726726199959835,-4.031865663313122]}"
0000000000000000013f,0,0.24087213025231688,0.41515819706978846,1.2024182424200136,0.12324266135692596,0.43968408449765295,0.3184443414211273,0.20413957673857733,0.0,0.0,0.5122554572475195,-0.34722395517650034,0.0,-0.41237154656584973,-0.208601128282043,0.0,0.0,0.5122554572475195,-0.34722395517650034,0.0,-0.41237154656584973,-0.208601128282043,0.24087213025231688,0.41515819706978846,0.6901627851724941,0.4704666165334263,0.43968408449765295,0.730815887986977,0.4127407050206203,"{""type"":""Point"",""coordinates"":[-47.727265751187296,-4.031954845334191]}"
00000000000000000058,0,0.23306563487536844,0.5736279852121667,0.7355769230769231,0.4373522400856018,0.5067077191823587,0.6916207075119019,0.3547368421052632,0.0,0.0,0.19482580251916726,-0.1944961982411555,0.0,-0.12702696509493916,-0.18843578246716836,0.0,0.0,0.19482580251916726,-0.1944961982411555,0.0,-0.12702696509493916,-0.18843578246716836,0.23306563487536844,0.5736279852121667,0.5407511205577559,0.6318484383267573,0.5067077191823587,0.818647672606841,0.5431726245724315,"{""type"":""Point"",""coordinates"":[-46.35176684923085,-1.757955999310503]}"
0000000000000000014c,0,0.23055249760690244,0.3413850879642558,1.0661392405063292,0.16793487966060638,0.4542310134269117,0.4611246883869171,0.3112211221122112,0.0,-0.21252805327928992,0.36470034032683063,-0.28087303175671147,0.0,-0.315505327978453,-0.18097459594900456,0.0,-0.21252805327928992,0.36470034032683063,-0.28087303175671147,0.0,-0.315505327978453,-0.18097459594900456,0.23055249760690244,0.5539131412435457,0.7014389001794986,0.44880791141731785,0.4542310134269117,0.7766300163653701,0.49219571806121576,"{""type"":""Point"",""coordinates"":[-47.726909023103026,-4.031772022191]}"
00000000000000000134,0,0.23388851788199208,0.508207604797217,1.033620071531613,0.24203363060951233,0.5136064479554687,0.5697116851806641,0.29829885057471267,0.0,0.0,0.5367059831160272,-0.34866340394202766,0.0,-0.20428878089563296,-0.17902120349691314,0.0,0.0,0.5367059831160272,-0.34866340394202766,0.0,-0.20428878089563296,-0.17902120349691314,0.23388851788199208,0.508207604797217,0.4969140884155858,0.59069703455154,0.5136064479554687,0.774000466076297,0.4773200540716258,"{""type"":""Point"",""coordinates"":[-47.72735493320837,-4.032222391397396]}"
000000000000000000ab,0,0.23072656661499633,0.489937126999539,0.8472427824571072,0.35005468130111694,0.5554756399014688,0.7187027335166931,0.4195986320417904,0.0,-0.1939236088393323,0.3321195476836094,-0.27718806216261405,0.0,-0.13398202982037355,-0.17071660952858547,0.0,-0.1939236088393323,0.3321195476836094,-0.27718806216261405,0.0,-0.13398202982037355,-0.17071660952858547,0.23072656661499633,0.6838607358388713,0.5151232347734978,0.627242743463731,0.5554756399014688,0.8526847633370667,0.5903152415703758,"{""type"":""Point"",""coordinates"":[-46.73813011910772,-1.1134152375401682]}"
0000000000000000017b,0,0.25491818783711295,0.1788493745098887,1.284732425225444,0.1127678023598272,0.3002081224828836,0.23926470038210662,0.17156283141732592,0.0,-0.14959164929537366,0.32229338797218177,-0.04304710497678499,0.0,-0.12043981893739203,-0.14520719212690625,0.0,-0.029918329859074732,0.08057334699304544,-0.021523552488392494,0.0,-0.04014660631246401,-0.02904143842538125,0.25491818783711295,0.32844102380526236,0.9624390372532622,0.15581490733661219,0.3002081224828836,0.35970451931949865,0.31677002354423217,"{""type"":""Point"",""coordinates"":[-47.26355491443736,-3.9625132646288783]}"
000000000000000002a6,0,0.2235040413279142,0.3472864175315551,0.9899109587147084,0.2682795822620392,0.42344492430490555,0.5079508423805237,0.3092455876481284,0.0,-0.15368643658214476,0.4237720096801917,-0.3345280604456091,0.0,-0.25484173095312046,-0.1422247009129911,0.0,-0.15368643658214476,0.4237720096801917,-0.3345280604456091,0.0,-0.25484173095312046,-0.1422247009129911,0.2235040413279142,0.5009728541136999,0.5661389490345167,0.6028076427076483,0.42344492430490555,0.7627925733336441,0.4514702885611195,"{""type"":""Point"",""coordinates"":[-47.983646225356225,-2.211517922062804]}"
000000000000000005b7,1,0.2524709764997638,0.44020001639478645,0.8554311385879851,0.3792893886566162,0.5120240553973533,0.6638546586036682,0.37973273942093544,0.0,-0.13730953651083277,0.3540099292297483,-0.2671779564448765,0.0,-0.15713855488280914,-0.13933268198540416,0.0,-0.13730953651083277,0.3540099292297483,-0.2671779564448765,0.0,-0.15713855488280914,-0.13933268198540416,0.2524709764997638,0.5775095529056192,0.5014212093582369,0.6464673451014927,0.5120240553973533,0.8209932134864774,0.5190654214063396,"{""type"":""Point"",""coordinates"":[-47.98355704333516,-2.2122358373324085]}"
00000000000000000249,0,0.2523470142049326,0.328201342125769,0.9675897356790625,0.3080623149871826,0.4478901645613934,0.4204495847225189,0.2999883150670322,0.0,-0.14805598040331835,0.37734582449915843,-0.13203842565492263,0.0,-0.2126839344710254,-0.13594645586110904,0.0,-0.07402799020165918,0.18867291224957922,-0.13203842565492263,0.0,-0.2126839344710254,-0.06797322793055452,0.2523470142049326,0.47625732252908737,0.590243911179904,0.44010074064210525,0.4478901645613934,0.6331335191935443,0.43593477092814126,"{""type"":""Point"",""coordinates"":[-47.70525562838749,-3.9804789827732114]}"
00000000000000000127,0,0.2551302556030552,0.21722864627361085,1.3035152765934561,0.07297381252225241,0.27977155182610075,0.3684582900207467,0.22048133961502966,0.0,-0.15638435541945692,0.4871859594819852,-0.10543607837134752,0.0,-0.07593227219748544,-0.131564120023737,0.0,-0.03909608885486423,0.16239531982732838,-0.05271803918567376,0.0,-0.03796613609874272,-0.03289103000593425,0.2551302556030552,0.37361300169306777,0.8163293171114709,0.17840989089359993,0.27977155182610075,0.44439056221823214,0.35204545963876666,"{""type"":""Point"",""coordinates"":[-49.934065944335565,-6.382752788801378]}"
000000000000000000fe,0,0.23983233700116466,0.2931406028706058,1.3218981160250913,0.11273586995709586,0.4522610366426581,0.4310244496232724,0.26398137549918577,0.0,-0.12733489312278928,0.8086256868068329,-0.24689457232190257,0.0,-0.1823430213436084,-0.11665277795603601,0.0,-0.06366744656139464,0.26954189560227765,-0.12344728616095128,0.0,-0.0911715106718042,-0.05832638897801801,0.23983233700116466,0.42047549599339507,0.5132724292182584,0.35963044227899843,0.4522610366426581,0.6133674709668808,0.3806341534552218,"{""type"":""Point"",""coordinates"":[-47.66555179260761,-4.019018993178144]}"
00000000000000000167,0,0.2635805377328454,0.24789914800427695,1.475602410415924,0.09242858377943877,0.2619414148568851,0.41425374425452943,0.23619445664394106,0.0,-0.14337410231501432,0.7482521426690432,-0.18757674687444822,0.0,-0.21740444989991203,-0.11589515157736247,0.0,-0.03584352557875358,0.14965042853380864,-0.046894186718612056,0.0,-0.05435111247497801,-0.028973787894340616,0.2635805377328454,0.3912732503192913,0.7273502677468808,0.280005330653887,0.2619414148568851,0.6316581941544415,0.35208960822130353,"{""type"":""Point"",""coordinates"":[-47.263916101622684,-3.9626024466499463]}"
000000000000000001e7,0,0.2532961128595816,0.22673636862558572,1.4105325251106495,0.07080340385437012,0.29329105513402626,0.28838751270841395,0.21153608961424564,0.0,-0.12388550014169791,0.6476932377271643,-0.15508832364990827,0.0,-0.17030133522539925,-0.11580912680075933,0.0,-0.0412951667138993,0.16192330943179106,-0.15508832364990827,0.0,-0.05676711174179975,-0.038603042266919775,0.2532961128595816,0.35062186876728363,0.7628392873834853,0.22589172750427838,0.29329105513402626,0.4586888479338132,0.32734521641500497,"{""type"":""Point"",""coordinates"":[-47.26427282970697,-3.9617061673382037]}"
00000000000000000109,0,0.26004001098089785,0.25427973046803864,1.3852293220254372,0.09454539283359237,0.32859428954014486,0.6252544924854744,0.26755795460641735,0.0,-0.07413379831307287,0.6604532582698455,-0.261566988982318,0.0,0.0,-0.10882781613305381,0.0,-0.07413379831307287,0.16511331456746137,-0.08718899632743933,0.0,0.0,-0.03627593871101794,0.26004001098089785,0.3284135287811115,0.7247760637555918,0.3561123818159104,0.32859428954014486,0.6252544924854744,0.37638577073947116,"{""type"":""Point"",""coordinates"":[-47.26328736837415,-3.961973713401412]}"
00000000000000000152,0,0.22170338348489357,0.3859938063005071,0.9467927999597446,0.30619359016418457,0.4635354789357443,0.717434751556415,0.3592391772182916,0.0,-0.11070250762477452,0.33721004435276547,-0.19495800224607684,0.0,0.0,-0.09808844146651086,0.0,-0.11070250762477452,0.1124033481175885,-0.19495800224607684,0.0,0.0,-0.09808844146651086,0.22170338348489357,0.49669631392528163,0.6095827556069792,0.5011515924102614,0.4635354789357443,0.717434751556415,0.4573276186848025,"{""type"":""Point"",""coordinates"":[-47.71657728596219,-3.971765899314778]}"
000000000000000001ef,0,0.25314420013583927,0.37064279150423307,1.3993708129252926,0.04730434715747833,0.2981933241671196,0.3784587697542595,0.2446813309048068,0.0,0.0,0.3456158846613868,-0.18200984799654193,0.0,-0.22202494618782154,-0.09787550986323437,0.0,0.0,0.3456158846613868,-0.18200984799654193,0.0,-0.07400831539594051,-0.09787550986323437,0.25314420013583927,0.37064279150423307,1.0537549282639058,0.22931419515402027,0.2981933241671196,0.600483715942081,0.34255684076804116,"{""type"":""Point"",""coordinates"":[-47.26427282970696,-3.9616169853171366]}"
000000000000000002b9,0,0.26257858493826336,0.24419111193182705,1.41491255300535,0.10914031115349884,0.2916347873580331,0.4851482630923784,0.24156127399492822,0.0,-0.10059434853630253,0.3329533734860022,-0.03246002214093477,0.0,0.0,-0.0934172274884128,0.0,-0.020118869707260505,0.1109844578286674,-0.016230011070467384,0.0,0.0,-0.018683445497682562,0.26257858493826336,0.3447854604681296,1.0819591795193477,0.1416003332944336,0.2916347873580331,0.4851482630923784,0.334978501483341,"{""type"":""Point"",""coordinates"":[-52.04034908153704,-6.335954523245462]}"
00000000000000000290,0,0.2667077058418334,0.14668835815732037,1.3342326431618399,-0.055965527223639455,0.2302316201839387,0.35734496316228076,0.14977380209113944,0.0,-0.10155292503316807,0.0,-0.24503193728833672,0.0,0.0,-0.09273164990317875,0.0,-0.020310585006633613,0.0,-0.04900638745766735,0.0,0.0,-0.01854632998063575,0.2667077058418334,0.24824128319048844,1.3342326431618399,0.18906641006469727,0.2302316201839387,0.35734496316228076,0.2425054519943182,"{""type"":""Point"",""coordinates"":[-50.56271001085036,-6.021360484823802]}"
000000000000000005b4,1,0.2475864871712179,0.4770523668284097,0.7954819277108434,0.4188336133956909,0.502951047976099,0.7597101979674462,0.4240690857753267,0.0,-0.10648290465910337,0.2644166968367606,-0.19426512173339283,0.0,0.0,-0.08324752678970088,0.0,-0.021296580931820675,0.2644166968367606,-0.19426512173339283,0.0,0.0,-0.016649505357940176,0.2475864871712179,0.583535271487513,0.5310652308740827,0.6130987351290837,0.502951047976099,0.7597101979674462,0.5073166125650276,"{""type"":""Point"",""coordinates"":[-47.983374220191955,-2.2122358373324085]}"
000000000000000002a7,0,0.21500064788425716,0.5403067901680524,0.9408311063928445,0.2920704185962677,0.4489097324961141,0.610868513584137,0.4353685811458854,0.0,0.0,0.4154584334632503,-0.32959303949543317,0.0,-0.18245328583223097,-0.08067173873021083,0.0,0.0,0.4154584334632503,-0.32959303949543317,0.0,-0.18245328583223097,-0.016134347746042166,0.21500064788425716,0.5403067901680524,0.5253726729295942,0.6216634580917009,0.4489097324961141,0.7933217994163679,0.5160403198760962,"{""type"":""Point"",""coordinates"":[-47.98355704333516,-2.211607104083873]}"
00000000000000000178,0,0.26390533549132594,0.2518020140017191,1.4726569112913372,0.03445009950984512,0.26799910068511956,0.46079197671586813,0.2394682319846297,0.0,-0.08394198881243431,0.44401464803301316,-0.2846208065250781,0.0,-0.06055461020102959,-0.08007695526808173,0.0,-0.041970994406217155,0.14800488267767106,-0.07115520163126952,0.0,-0.030277305100514795,-0.040038477634040864,0.26390533549132594,0.3357440028141534,1.028642263258324,0.3190709060349232,0.26799910068511956,0.5213465869168977,0.3195451872527114,"{""type"":""Point"",""coordinates"":[-47.263916101622684,-3.9625132646288783]}"
000000000000000002b1,0,0.2267830882106278,0.24519540108917107,1.0324745918756337,0.22006051550477979,0.41399482865141607,0.5711068024956638,0.2397413594971676,0.0,-0.07460755193920957,0.0,-0.03090564598470691,0.0,0.0,-0.07916118950794013,0.0,-0.014921510387841914,0.0,-0.006181129196941382,0.0,0.0,-0.015832237901588025,0.2267830882106278,0.31980295302838063,1.0324745918756337,0.2509661614894867,0.41399482865141607,0.5711068024956638,0.3189025490051077,"{""type"":""Point"",""coordinates"":[-51.06055526616443,-6.542027419329411]}"
0000000000000000009c,0,0.25185885203278713,0.3010805041559926,1.218905472636816,0.0324122694638973,0.3780523761971702,0.350261390209198,0.262752413817866,0.0,-0.05811334532177276,0.5063538534577895,-0.09431226822990793,0.0,-0.3724745649378738,-0.07313242810125203,0.0,-0.02905667266088638,0.5063538534577895,-0.047156134114953965,0.0,-0.3724745649378738,-0.03656621405062602,0.25185885203278713,0.35919384947776534,0.7125516191790265,0.12672453769380523,0.3780523761971702,0.7227359551470718,0.33588484191911805,"{""type"":""Point"",""coordinates"":[-46.6765053425491,-1.0736222197392176]}"
0000000000000000021a,0,0.24830488664009168,0.3514072441575287,1.1580528462213981,0.1068690042796232,0.30757132302433693,0.4043476550448694,0.29613907607744183,0.0,-0.07885693691903534,0.08116030561658816,-0.08205807081581934,0.0,-0.07769155558501767,-0.06520870251288408,0.0,-0.015771387383807067,0.016232061123317633,-0.01641161416316387,0.0,-0.015538311117003534,-0.013041740502576815,0.24830488664009168,0.43026418107656406,1.07689254060481,0.18892707509544254,0.30757132302433693,0.4820392106298871,0.3613477785903259,"{""type"":""Point"",""coordinates"":[-46.70103039834305,-1.3769837826072475]}"
0000000000000000010b,0,0.25391366882428845,0.21437017400338498,1.148123048877219,0.1869643676880043,0.3352510091280229,0.4878653148380062,0.2526692218002218,0.0,-0.12203126426031885,0.17414996148676976,-0.11605670565336532,0.0,-0.09410519802896766,-0.06424705274745757,0.0,-0.12203126426031885,0.05804998716225659,-0.023211341130673063,0.0,-0.023526299507241916,-0.021415684249152522,0.25391366882428845,0.33640143826370383,0.9739730873904492,0.30302107334136963,0.3352510091280229,0.5819705128669739,0.31691627454767934,"{""type"":""Point"",""coordinates"":[-49.93577378003903,-6.380599042992562]}"
00000000000000000160,0,0.24340803439691966,0.264695486984294,1.4401598463511127,0.09187489813592101,0.30566984074479797,0.5245757417841095,0.26469530181793177,0.0,-0.08239394817870738,0.4776944509126625,-0.05445363455984922,0.0,0.0,-0.06359951464935548,0.0,-0.04119697408935369,0.15923148363755416,-0.02722681727992461,0.0,0.0,-0.03179975732467774,0.24340803439691966,0.3470894351630014,0.9624653954384502,0.14632853269577023,0.30566984074479797,0.5245757417841095,0.32829481646728725,"{""type"":""Point"",""coordinates"":[-47.264544834871224,-3.9626024466499463]}"
000000000000000002dc,1,0.22740403842384938,0.4565765376895586,0.6365548537415568,0.5609134435653687,0.5434438964843649,0.7453924417495728,0.4015085416975349,0.0,-0.043052199831475346,0.0712915292723506,-0.039260655069793926,0.0,-0.03242038791079427,-0.06200059703788985,0.0,-0.021526099915737673,0.01782288231808765,-0.039260655069793926,0.0,-0.03242038791079427,-0.06200059703788985,0.22740403842384938,0.4996287375210339,0.5652633244692062,0.6001740986351626,0.5434438964843649,0.777812829660367,0.46350913873542476,"{""type"":""Point"",""coordinates"":[-46.34089556086255,-1.768648923636666]}"
00000000000000000157,0,0.22856232173544055,0.33359432545837736,1.0131142494695295,0.2928656860305122,0.46708647592041813,0.586329996585846,0.3200067502911844,0.0,-0.0714049359005065,0.44827994140994576,-0.12213279762732465,0.0,-0.17475975476850503,-0.058641730821063276,0.0,-0.03570246795025325,0.14942664713664858,-0.061066398813662326,0.0,-0.17475975476850503,-0.029320865410531638,0.22856232173544055,0.40499926135888387,0.5648343080595838,0.41499848365783687,0.46708647592041813,0.761089751354351,0.3786484811122477,"{""type"":""Point"",""coordinates"":[-47.71657728596219,-3.9716767172937093]}"
0000000000000000011c,0,0.23788926593307216,0.18091820310812343,1.15187176134728,0.02400464572091706,0.22554293771584827,0.26552482578813646,0.18374650774850076,0.0,-0.06397033529096077,0.0,-0.03959264629751628,0.0,-0.09285919235488166,-0.05713609322683039,0.0,-0.015992583822740193,0.0,-0.00989816157437907,0.0,-0.023214798088720415,-0.014284023306707597,0.23788926593307216,0.2448885383990842,1.15187176134728,0.06359729201843334,0.22554293771584827,0.3583840181430181,0.24088260097533115,"{""type"":""Point"",""coordinates"":[-49.93433794949983,-6.382935611944568]}"
000000000000000002af,0,0.254326544026589,0.24205216547745778,1.0802597632534894,0.16376081004751128,0.3319717011386639,0.5466072440147399,0.25602114232825407,0.0,-0.0779010491304003,0.0,0.03560110002768438,0.0,0.0,-0.05671722058747847,0.0,-0.0259670163768001,0.0,0.01186703334256146,0.0,0.0,-0.018905740195826155,0.254326544026589,0.3199532146078581,1.0802597632534894,0.1281597100198269,0.3319717011386639,0.5466072440147399,0.31273836291573254,"{""type"":""Point"",""coordinates"":[-51.91135174716191,-6.4513872722160155]}"
000000000000000000bc,0,0.2722929975716776,0.25677677148284217,1.4483291512421945,0.08025977711047871,0.2823250117016632,0.37258545581831937,0.22258957064665114,0.0,-0.04446039299946897,0.33759638040369655,-0.05100110986694778,0.0,-0.06611687989294368,-0.05576791567598355,0.0,-0.008892078599893794,0.11253212680123219,-0.02550055493347389,0.0,-0.03305843994647184,-0.05576791567598355,0.2722929975716776,0.30123716448231114,1.110732770838498,0.1312608869774265,0.2823250117016632,0.43870233571126305,0.2783574863226347,"{""type"":""Point"",""coordinates"":[-52.040705809621315,-6.335593336060133]}"
00000000000000000099,0,0.2560096039010693,0.32297795527137996,1.2023581563966061,0.08284816145896912,0.35959344584066893,0.3719282200935376,0.2801149962296029,0.0,-0.03521824267701967,0.44921270947349023,-0.3694761236480987,0.0,-0.15749430877626197,-0.05491107022681718,0.0,-0.017609121338509837,0.44921270947349023,-0.3694761236480987,0.0,-0.07874715438813099,-0.02745553511340859,0.2560096039010693,0.35819619794839963,0.7531454469231159,0.4523242851070678,0.35959344584066893,0.5294225288697996,0.3350260664564201,"{""type"":""Point"",""coordinates"":[-46.67659898367122,-1.0738005837813556]}"
000000000000000001fb,0,0.27527974225811863,0.39311076793720073,0.738532396282655,0.4536964604770315,0.38346612763570925,0.6403976074752501,0.3505069564670526,0.0,-0.053606183616832725,0.07107074261216795,-0.03452554250606177,0.0,0.0,-0.05389176117317862,0.0,-0.010721236723366546,0.023690247537389315,-0.006905108501212354,0.0,0.0,-0.010778352234635724,0.27527974225811863,0.44671695155403346,0.667461653670487,0.48822200298309326,0.38346612763570925,0.6403976074752501,0.4043987176402312,"{""type"":""Point"",""coordinates"":[-51.06280265309537,-6.541487868101942]}"
000000000000000005b1,1,0.2349208531045945,0.5341139968952858,0.7301313061506566,0.45960965752601624,0.4917222414458545,0.7309296727180481,0.4682434411865386,0.0,-0.04081452764201943,0.18363541547703544,-0.16971988349710454,0.0,-0.09205668445203496,-0.052098427159506855,0.0,-0.008162905528403885,0.18363541547703544,-0.16971988349710454,0.0,-0.09205668445203496,-0.01041968543190137,0.2349208531045945,0.5749285245373053,0.5464958906736211,0.6293295410231208,0.4917222414458545,0.8229863571700831,0.5203418683460455,"{""type"":""Point"",""coordinates"":[-47.983913771419424,-2.211517922062804]}"
000000000000000000ae,0,0.236646308066645,0.2711275400097196,1.2137523745252505,0.15010614690500795,0.3436024487830641,0.45607084035873413,0.2715832905584096,0.0,-0.07368093727665098,0.22258671474167313,-0.06520283238182673,0.0,-0.06509834413432591,-0.05181729607905222,0.0,-0.03684046863832549,0.07419557158055771,-0.03260141619091336,0.0,-0.06509834413432591,-0.02590864803952611,0.236646308066645,0.3448084772863706,0.9911656597835774,0.21530897928683468,0.3436024487830641,0.52116918449306,0.3234005866374618,"{""type"":""Point"",""coordinates"":[-51.90425285828482,-6.446085401063469]}"
000000000000000000bd,0,0.2576995378408974,0.23855613805990206,1.4243417110103949,0.10333216258300204,0.3131315801501339,0.4194379651546478,0.22196444122164782,0.0,-0.08582450565508648,0.36160398679842465,-0.047719085733675226,0.0,-0.04588687181472778,-0.05038849270203466,0.0,-0.017164901131017297,0.12053466226614155,-0.023859542866837613,0.0,-0.02294343590736389,-0.02519424635101733,0.2576995378408974,0.32438064371498854,1.0627377242119702,0.15105124831667727,0.3131315801501339,0.4653248369693756,0.2723529339236825,"{""type"":""Point"",""coordinates"":[-52.040438263558116,-6.3357717001022715]}"
00000000000000000168,0,0.26464618445732946,0.23238887292630694,1.555035726465901,0.04617275621612581,0.22561581960510138,0.5049777030944824,0.2374534488896778,0.0,-0.0629682520311749,0.6236849867416203,-0.040236302950782524,0.0,0.1428267414118113,-0.04666664009399757,0.0,-0.03148412601558745,0.15592124668540508,-0.020118151475391262,0.0,0.1428267414118113,-0.023333320046998784,0.26464618445732946,0.29535712495748184,0.9313507397242806,0.08640905916690833,0.22561581960510138,0.36215096168267114,0.28412008898367536,"{""type"":""Point"",""coordinates"":[-47.263737737580556,-3.962602446649946]}"
00000000000000000255,0,0.2636841164440591,0.292774281720432,0.8697180255766664,0.38960419911506283,0.35794228315353394,0.6039762596289316,0.26420772953229865,0.0,-0.04259928841730065,0.16660604661044776,-0.03692674334380508,0.0,0.0,-0.04492355038288848,0.0,-0.014199762805766883,0.04165151165261194,-0.012308914447935027,0.0,0.0,-0.04492355038288848,0.2636841164440591,0.33537357013773267,0.7031119789662187,0.4265309424588679,0.35794228315353394,0.6039762596289316,0.30913127991518713,"{""type"":""Point"",""coordinates"":[-46.340177645592945,-1.7727825103132107]}"
00000000000000000257,0,0.27308500003757386,0.292774281720432,0.8697180255766664,0.38960419911506283,0.35794228315353394,0.6039762596289316,0.26420772953229865,0.0,-0.04259928841730065,0.16660604661044776,-0.03692674334380508,0.0,0.0,-0.04492355038288848,0.0,-0.014199762805766883,0.04165151165261194,-0.012308914447935027,0.0,0.0,-0.04492355038288848,0.27308500003757386,0.33537357013773267,0.7031119789662187,0.4265309424588679,0.35794228315353394,0.6039762596289316,0.30913127991518713,"{""type"":""Point"",""coordinates"":[-46.340177645592945,-1.7728716923342795]}"
00000000000000000381,1,0.2355868137944625,0.5698387120021906,0.617020719196469,0.6074433658694481,0.5913811337284324,0.8215774667987652,0.5005678059715994,0.0,0.0,0.05367881165788402,0.047422561464235735,0.0,0.0,-0.04352750891284296,0.0,0.0,0.013419702914471004,0.009484512292847146,0.0,0.0,-0.01088187722821074,0.2355868137944625,0.5698387120021906,0.5633419075385849,0.5600208044052124,0.5913811337284324,0.8215774667987652,0.5440953148844424,"{""type"":""Point"",""coordinates"":[-50.568725338171454,-5.816634237257996]}"
00000000000000000064,0,0.2260163654514105,0.5011774536615011,0.8580053652469601,0.31984738610406366,0.41664194904824137,0.7232228774459106,0.4358208955223881,0.0,-0.046125154785448874,0.07129133398752807,-0.04091025036766982,0.0,0.0,-0.033704309412428524,0.0,-0.046125154785448874,0.07129133398752807,-0.010227562591917455,0.0,0.0,-0.033704309412428524,0.2260163654514105,0.54730260844695,0.7867140312594321,0.3607576364717335,0.41664194904824137,0.7232228774459106,0.46952520493481664,"{""type"":""Point"",""coordinates"":[-46.676866529734426,-1.066434148841063]}"
00000000000000000254,0,0.24987796265922607,0.4374167690110815,0.6994302830501102,0.4983147382736206,0.43725478649139404,0.6070694923400879,0.3786860380379543,0.0,0.0,0.058116599105290434,-0.042673986968630895,0.0,-0.04888484134859605,-0.03331729082737034,0.0,0.0,0.029058299552645217,-0.042673986968630895,0.0,-0.04888484134859605,-0.011105763609123446,0.24987796265922607,0.4374167690110815,0.6413136839448198,0.5409887252422515,0.43725478649139404,0.6559543336886839,0.41200332886532465,"{""type"":""Point"",""coordinates"":[-46.340088463571874,-1.7726888691910883]}"
000000000000000004d8,1,0.23274690072448964,0.46301518626643434,0.6569958283714612,0.5432548706442645,0.538373226883271,0.79799884557724,0.4161316873345117,0.0,0.0,0.06885337675532033,-0.03603613012805518,0.0,0.0,-0.03230314932065448,0.0,0.0,0.022951125585106775,-0.009009032532013794,0.0,0.0,-0.006460629864130896,0.23274690072448964,0.46301518626643434,0.5881424516161409,0.5792910007723197,0.538373226883271,0.79799884557724,0.4484348366551662,"{""type"":""Point"",""coordinates"":[-50.047973680745834,-9.18343389665177]}"
00000000000000000001,1,0.14787976025481703,0.680111280865207,0.4850888000373924,0.6899355872600942,0.6220369751950504,0.8412653742028618,0.5638227905517073,0.0,0.06270007765555108,0.0,0.030276074486773608,0.0,0.0,0.0,0.0,0.020900025885183693,0.0,0.015138037243386804,0.0,0.0,0.0,0.14787976025481703,0.6174112032096559,0.4850888000373924,0.6596595127733206,0.6220369751950504,0.8412653742028618,0.5638227905517073,"{""type"":""Point"",""coordinates"":[-48.426426041761296,-2.4817305276995176]}"
0000000000000000001c,1,0.2070388679290602,0.5392115165716401,0.6035484100162821,0.5918891994765001,0.5078993271551199,0.8069959878921509,0.4830209019110289,0.0,0.0,-0.08181597233468685,0.06052849805986704,0.0,0.03381806040451496,0.0,0.0,0.0,-0.020453993083671712,0.03026424902993352,0.0,0.03381806040451496,0.0,0.2070388679290602,0.5392115165716401,0.685364382350969,0.531360701416633,0.5078993271551199,0.7731779274876359,0.4830209019110289,"{""type"":""Point"",""coordinates"":[-48.42795105432157,-2.4849633759632654]}"
0000000000000000001d,1,0.21657622217426667,0.525950100916862,0.5991704921926921,0.607485830783844,0.5145130755942978,0.8324790854817492,0.4765534752748845,0.0,0.0,-0.06688758019077878,0.06402511285339141,0.0,0.13239451841174188,0.0,0.0,0.0,-0.016721895047694696,0.06402511285339141,0.0,0.026478903682348377,0.0,0.21657622217426667,0.525950100916862,0.6660580723834709,0.5434607179304526,0.5145130755942978,0.7000845670700073,0.4765534752748845,"{""type"":""Point"",""coordinates"":[-48.427861872300504,-2.4849633759632654]}"
0000000000000000001e,1,0.21364099877450984,0.5438622632913067,0.6074999967044094,0.6002243211820372,0.5125070763465632,0.7667645822457668,0.48688039798036975,0.0,0.0,-0.033169459653232924,0.1655767014577635,0.0,0.0,0.0,0.0,0.0,-0.008292364913308231,0.0331153402915527,0.0,0.0,0.0,0.21364099877450984,0.5438622632913067,0.6406694563576423,0.4346476197242737,0.5125070763465632,0.7667645822457668,0.48688039798036975,"{""type"":""Point"",""coordinates"":[-48.42795105432156,-2.484874193942197]}"
0000000000000000001f,1,0.22224180322740628,0.5122068115387157,0.5517911244492786,0.636125952333152,0.5362215047576925,0.769445285171326,0.4711684246652439,0.0,0.0,-0.05308206633764612,0.1641949716507789,0.0,0.0,0.0,0.0,0.0,-0.01327051658441153,0.03283899433015578,0.0,0.0,0.0,0.22224180322740628,0.5122068115387157,0.6048731907869247,0.47193098068237305,0.5362215047576925,0.769445285171326,0.4711684246652439,"{""type"":""Point"",""coordinates"":[-48.427861872300504,-2.484874193942197]}"
00000000000000000036,1,0.2129236463555701,0.6506920406425984,0.6759546925697243,0.4840216636657715,0.5214624516079024,0.7916456460952759,0.47193227940577814,0.0,0.2424293371344317,0.0,0.19026840030101638,0.0,0.1706724886310862,0.0,0.0,0.2424293371344317,0.0,0.19026840030101638,0.0,0.1706724886310862,0.0,0.2129236463555701,0.40826270350816674,0.6759546925697243,0.2937532633647551,0.5214624516079024,0.6209731574641897,0.47193227940577814,"{""type"":""Point"",""coordinates"":[-48.42822305948582,-2.4826268070112594]}"
0000000000000000003b,0,0.26302949451045793,0.42246393279403266,1.32866694627393,0.07602682709693909,0.4459406596676529,0.6631010055860498,0.3856386974088853,0.0,0.0,0.7407054216265772,-0.4780259128660971,0.0,0.0,0.0,0.0,0.0,0.7407054216265772,-0.4780259128660971,0.0,0.0,0.0,0.26302949451045793,0.42246393279403266,0.5879615246473529,0.5540527399630362,0.4459406596676529,0.6631010055860498,0.3856386974088853,"{""type"":""Point"",""coordinates"":[-48.42363910360289,-2.4840670966515233]}"
00000000000000000040,0,0.25145471869877345,0.4272601282475823,0.9159632631581084,0.10476608574390411,0.4706431689465834,0.688361875660781,0.3932681010104203,0.0,0.0,0.0,-0.493067916351127,0.0,0.0,0.0,0.0,0.0,0.0,-0.493067916351127,0.0,0.0,0.0,0.25145471869877345,0.4272601282475823,0.9159632631581084,0.5978340020950311,0.4706431689465834,0.688361875660781,0.3932681010104203,"{""type"":""Point"",""coordinates"":[-48.423639103602895,-2.483888732609385]}"
00000000000000000065,0,0.2516352312186368,0.45075752631735605,1.3089765529313562,0.0767519623041153,0.4035812439656846,0.6748325400296803,0.3954609431165231,0.0,0.0,0.7705552189824545,-0.5301532969614986,0.0,0.0,0.0,0.0,0.0,0.7705552189824545,-0.5301532969614986,0.0,0.0,0.0,0.2516352312186368,0.45075752631735605,0.5384213339489017,0.6069052592656139,0.4035812439656846,0.6748325400296803,0.3954609431165231,"{""type"":""Point"",""coordinates"":[-46.77559102705772,-1.1371331960434472]}"
0000000000000000007b,0,0.22224334438282847,0.5465887068104524,0.9957354427636972,0.23363178968429565,0.4615650316126329,0.5482627749443054,0.4682909504782943,0.0,0.0,0.4862031414224697,-0.40198150472266125,0.0,-0.2741647855260597,0.0,0.0,0.0,0.4862031414224697,-0.40198150472266125,0.0,-0.2741647855260597,0.0,0.22224334438282847,0.5465887068104524,0.5095323013412275,0.6356132944069569,0.4615650316126329,0.8224275604703651,0.4682909504782943,"{""type"":""Point"",""coordinates"":[-47.983374220191955,-2.211428740041735]}"
0000000000000000007c,0,0.23525204138715367,0.3601972416981277,0.9620241116751269,0.31301701068878174,0.43403557794434683,0.5324894785881042,0.4395000073142129,0.0,-0.2192092222126848,0.4017966285664538,-0.2906920541107826,0.0,-0.26159151145860704,0.0,0.0,-0.2192092222126848,0.4017966285664538,-0.2906920541107826,0.0,-0.26159151145860704,0.0,0.23525204138715367,0.5794064639108125,0.5602274831086731,0.6037090647995643,0.43403557794434683,0.7940809900467113,0.4395000073142129,"{""type"":""Point"",""coordinates"":[-47.983646225356225,-2.2112459168985437]}"
0000000000000000007f,0,0.22212671814398444,0.49643945288650226,0.9514048304886162,0.2606896758079529,0.45084959969528826,0.5561002492904663,0.441408263394894,0.0,0.0,0.4227316711594157,-0.36891756326826497,0.0,-0.21415147372781185,0.0,0.0,0.0,0.4227316711594157,-0.36891756326826497,0.0,-0.21415147372781185,0.0,0.22212671814398444,0.49643945288650226,0.5286731593292006,0.6296072390762179,0.45084959969528826,0.7702517230182782,0.441408263394894,"{""type"":""Point"",""coordinates"":[-47.98337422019196,-2.211607104083873]}"
0000000000000000008c,0,0.23482451361175377,0.37166274068874544,1.2808642397267462,0.09131968021392822,0.4047967226954667,0.36201512813568115,0.3427523129833193,0.0,0.0,0.5453806408293728,-0.3540788150135605,0.0,-0.3397549490892977,0.0,0.0,0.0,0.5453806408293728,-0.3540788150135605,0.0,-0.3397549490892977,0.0,0.23482451361175377,0.37166274068874544,0.7354835988973735,0.4453984952274887,0.4047967226954667,0.7017700772249789,0.3427523129833193,"{""type"":""Point"",""coordinates"":[-46.77541266301557,-1.137311560085585]}"
00000000000000000098,0,0.23612067544989324,0.36061707107233787,0.9735202116886503,0.30181645784177685,0.3475580231706839,0.4949210998740986,0.33166826576975905,0.0,0.0,0.0,0.042145631532415684,0.0,0.0,0.0,0.0,0.0,0.0,0.008429126306483136,0.0,0.0,0.0,0.23612067544989324,0.36061707107233787,0.9735202116886503,0.25967082630936117,0.3475580231706839,0.4949210998740986,0.33166826576975905,"{""type"":""Point"",""coordinates"":[-48.24792822659185,-2.5561127923720486]}"
000000000000000000ac,0,0.23970085256738838,0.36800375749815345,1.1197896600963757,0.19910783858560072,0.3652082676423494,0.5675455401023249,0.34365659339123894,0.0,0.0,0.13285154612954808,-0.07981001047827257,0.0,0.0,0.0,0.0,0.0,0.04428384870984936,-0.015962002095654515,0.0,0.0,0.0,0.23970085256738838,0.36800375749815345,0.9869381139668276,0.2789178490638733,0.3652082676423494,0.5675455401023249,0.34365659339123894,"{""type"":""Point"",""coordinates"":[-51.90416367626375,-6.446085401063469]}"
000000000000000000af,0,0.25144322185841916,0.37590155734614455,0.9615698484758386,0.2370625256022309,0.3644516482338305,0.5601695346477602,0.36118810481919184,0.0,0.0,0.0,-0.07903005284708892,0.0,-0.05436460498541851,0.0,0.0,0.0,0.0,-0.026343350949029638,0.0,-0.010872920997083702,0.0,0.25144322185841916,0.37590155734614455,0.9615698484758386,0.3160925784493198,0.3644516482338305,0.6145341396331787,0.36118810481919184,"{""type"":""Point"",""coordinates"":[-51.90425285828482,-6.4459962190423985]}"
000000000000000000b0,0,0.22437506430229257,0.3504311264294449,1.1223268433002371,0.16752613705164238,0.36281980425599597,0.5552953209335187,0.3145098358417464,0.0,0.0,0.11605296137538601,-0.07966117936605172,0.0,0.0,0.0,0.0,0.0,0.023210592275077203,-0.015932235873210344,0.0,0.0,0.0,0.22437506430229257,0.3504311264294449,1.0062738819248511,0.2471873164176941,0.36281980425599597,0.5552953209335187,0.3145098358417464,"{""type"":""Point"",""coordinates"":[-51.90407449424268,-6.446085401063469]}"
000000000000000000b9,0,0.24797786279561976,0.3282912595275475,1.159623949533304,0.1754723272671242,0.38378284246634087,0.596560346394765,0.34616005263289,0.0,-0.04756514369492654,0.26060240522627454,-0.15544222971300886,0.0,0.0,0.0,0.0,-0.009513028738985307,0.05212048104525491,-0.031088445942601774,0.0,0.0,0.0,0.24797786279561976,0.37585640322247404,0.8990215443070295,0.33091455698013306,0.38378284246634087,0.596560346394765,0.34616005263289,"{""type"":""Point"",""coordinates"":[-51.83175679335789,-6.620271265514225]}"
000000000000000000c4,0,0.2653154209782493,0.29206883081656165,1.216912352936267,0.1903946940415776,0.3492958165301104,0.6185241937637329,0.29033100484599184,0.0,0.0,0.20369021997501102,-0.10124952154222366,0.0,0.05754028554796242,0.0,0.0,0.0,0.04073804399500221,-0.020249904308444734,0.0,0.05754028554796242,0.0,0.2653154209782493,0.29206883081656165,1.013222132961256,0.29164421558380127,0.3492958165301104,0.5609839082157705,0.29033100484599184,"{""type"":""Point"",""coordinates"":[-51.08552623206372,-6.497289258460188]}"
000000000000000000c5,0,0.28690777845415355,0.32560285452064747,1.0633091410317639,0.25599440932273865,0.36412019666686013,0.5098087516818524,0.3218483479846123,0.0,0.0,0.20064736163355779,-0.031170045665662283,0.0,-0.09618351105338074,0.0,0.0,0.0,0.06688245387785259,-0.031170045665662283,0.0,-0.03206117035112691,0.0,0.28690777845415355,0.32560285452064747,0.8626617793982061,0.28716445498840093,0.36412019666686013,0.6059922627352331,0.3218483479846123,"{""type"":""Point"",""coordinates"":[-51.08516950397945,-6.495581422756718]}"
000000000000000000cb,0,0.23158532606447932,0.4311637070736041,1.0958997520667906,0.11440370231866837,0.3805818298103863,0.4589487910270691,0.4001702002233812,0.0,0.0,0.4216269831124938,-0.25524129423943487,0.0,-0.13701410809564452,0.0,0.0,0.0,0.1405423277041646,-0.25524129423943487,0.0,-0.13701410809564452,0.0,0.23158532606447932,0.4311637070736041,0.6742727689542968,0.36964499655810323,0.3805818298103863,0.5959628991227136,0.4001702002233812,"{""type"":""Point"",""coordinates"":[-46.771729445545446,-1.1519552479451014]}"
000000000000000000ce,0,0.22942421182611444,0.25197494268976395,1.014955007676537,0.26330533623695374,0.24442762558440215,0.37603394051121,0.2338204784951837,0.0,0.0,0.0,0.05682133269963735,0.0,0.0,0.0,0.0,0.0,0.0,0.05682133269963735,0.0,0.0,0.0,0.22942421182611444,0.25197494268976395,1.014955007676537,0.20648400353731639,0.24442762558440215,0.37603394051121,0.2338204784951837,"{""type"":""Point"",""coordinates"":[-50.54043234198734,-5.8333469480063105]}"
000000000000000000d2,0,0.23474809225064067,0.22906744075323054,1.0695625010517813,0.16632764041423798,0.22125318537440072,0.375752097623664,0.23774254249553275,0.0,0.0,-0.21687014121453374,0.05531594971323053,0.0,0.0,0.0,0.0,0.0,-0.21687014121453374,0.05531594971323053,0.0,0.0,0.0,0.23474809225064067,0.22906744075323054,1.286432642266315,0.11101169070100744,0.22125318537440072,0.375752097623664,0.23774254249553275,"{""type"":""Point"",""coordinates"":[-50.53944242155348,-5.8333469480063105]}"
000000000000000000d7,0,0.20055109853421033,0.4452479904647174,1.2058453802684954,0.07927808165550232,0.4467094538658518,0.649200337684218,0.3961696077627141,0.0,0.0,0.6152584309513048,-0.31099606335865676,0.0,0.0,0.0,0.0,0.0,0.3076292154756524,-0.31099606335865676,0.0,0.0,0.0,0.20055109853421033,0.4452479904647174,0.5905869493171906,0.3902741450141591,0.4467094538658518,0.649200337684218,0.3961696077627141,"{""type"":""Point"",""coordinates"":[-50.56827942806611,-5.817624157691861]}"
0000000000000000010f,0,0.2671138494353099,0.37628944124303393,1.0177387815912708,0.2481057047843933,0.349635577097491,0.5446382254763198,0.33784093993503533,0.0,0.055861743779264006,0.23469996062451826,-0.08206376100404383,0.0,-0.04865459187676413,0.0,0.0,0.055861743779264006,0.04693999212490365,-0.08206376100404383,0.0,-0.012163647969191033,0.0,0.2671138494353099,0.3204276974637699,0.7830388209667526,0.33016946578843714,0.349635577097491,0.5932928173530839,0.33784093993503533,"{""type"":""Point"",""coordinates"":[-49.942333117688655,-6.380148673786163]}"
00000000000000000114,0,0.24591281779966853,0.24027889458933507,0.9695496443716719,0.13329568776982953,0.3173286516984518,0.3548472941191473,0.25706512986054336,0.0,-0.031607113033169626,0.0,-0.07030045611114077,0.0,-0.03645304578933195,0.0,0.0,-0.007901778258292406,0.0,-0.017575114027785194,0.0,-0.009113261447332988,0.0,0.24591281779966853,0.2718860076225047,0.9695496443716719,0.2035961438809703,0.3173286516984518,0.39130033990847923,0.25706512986054336,"{""type"":""Point"",""coordinates"":[-49.93433794949982,-6.3831139759867055]}"
00000000000000000118,0,0.25279253337581725,0.2662370372763909,0.9424001656897237,0.13170798379087062,0.3301796978111438,0.38165706454843673,0.26680703697919017,0.0,0.0,0.0,-0.08886944661743157,0.0,0.0,0.0,0.0,0.0,0.0,-0.022217361654357892,0.0,0.0,0.0,0.25279253337581725,0.2662370372763909,0.9424001656897237,0.2205774304083022,0.3301796978111438,0.38165706454843673,0.26680703697919017,"{""type"":""Point"",""coordinates"":[-49.93433794949983,-6.383024793965637]}"
0000000000000000015a,0,0.26024276975613747,0.43134364683501847,1.0838440546263377,0.21665584231588286,0.40997648121538005,0.35979759755283924,0.3891224111846397,0.0,0.0,0.5136317987738306,-0.18938344319669753,0.0,-0.2818561159044306,0.0,0.0,0.0,0.17121059959127685,-0.09469172159834877,0.0,-0.1409280579522153,0.0,0.26024276975613747,0.43134364683501847,0.5702122558525071,0.4060392855125804,0.40997648121538005,0.6416537134572698,0.3891224111846397,"{""type"":""Point"",""coordinates"":[-47.71711683718966,-3.971409171230503]}"
000000000000000001fc,0,0.28231593766534924,0.48993979640151647,0.7708911959933351,0.4325310493590373,0.4229075753363138,0.7024242022388,0.4347154357170593,0.0,0.0,0.22857777112547806,-0.07673991088789733,0.0,0.0,0.0,0.0,0.0,0.07619259037515935,-0.03836995544394867,0.0,0.0,0.0,0.28231593766534924,0.48993979640151647,0.542313424867857,0.5092709602469346,0.4229075753363138,0.7024242022388,0.4347154357170593,"{""type"":""Point"",""coordinates"":[-51.06172355064042,-6.541215862937682]}"
000000000000000001ff,0,0.18896423804612025,0.2345608369864461,1.414041286239227,0.07125102210703044,0.24678221589425892,0.42975000121048507,0.23378376587576064,0.0,0.0,0.053220497570572345,-0.04078142687136038,0.0,0.0,0.0,0.0,0.0,0.026610248785286172,-0.010195356717840096,0.0,0.0,0.0,0.18896423804612025,0.2345608369864461,1.3608207886686547,0.11203244897839082,0.24678221589425892,0.42975000121048507,0.23378376587576064,"{""type"":""Point"",""coordinates"":[-50.05111734698851,-9.180557776472297]}"
00000000000000000200,0,0.2387181859090998,0.2931622829649692,1.2144172813542016,0.15194020742516337,0.2938063709419683,0.5108109619644807,0.27743170521497773,0.0,0.03738236180124849,0.0,-0.05013649588484945,0.0,0.0,0.0,0.0,0.03738236180124849,0.0,-0.01002729917696989,0.0,0.0,0.0,0.2387181859090998,0.2557799211637207,1.2144172813542016,0.20207670331001282,0.2938063709419683,0.5108109619644807,0.27743170521497773,"{""type"":""Point"",""coordinates"":[-50.04959233442823,-9.1801074072659]}"
00000000000000000209,0,0.1721654206614489,0.15936300466851483,1.161075738333372,0.18673446774482727,0.07009775415062905,0.4231179257233938,0.12453272692723308,0.0,0.03786178773556413,0.0,0.10460465555848625,0.0,0.0,0.0,0.0,0.009465446933891033,0.0,0.10460465555848625,0.0,0.0,0.0,0.1721654206614489,0.1215012169329507,1.161075738333372,0.08212981218634102,0.07009775415062905,0.4231179257233938,0.12453272692723308,"{""type"":""Point"",""coordinates"":[-46.721872236666854,-1.3563203083255793]}"
00000000000000000213,0,0.23010776060406957,0.3672939172118119,0.8408160645645708,0.2644029441418706,0.3777646691997543,0.5239378213882446,0.3356321496965628,0.0,0.0,0.0,-0.03449026762366536,0.0,0.0,0.0,0.0,0.0,0.0,-0.01724513381183268,0.0,0.0,0.0,0.23010776060406957,0.3672939172118119,0.8408160645645708,0.29889321176553596,0.3777646691997543,0.5239378213882446,0.3356321496965628,"{""type"":""Point"",""coordinates"":[-46.67704489377657,-1.0665233308621318]}"
0000000000000000021f,0,0.22523730740604025,0.27747443900507596,1.06412658082709,0.2295837104320526,0.3028825270735497,0.4094618772707943,0.24532271795561364,0.0,0.0,0.0,0.04683377181685597,0.0,0.04631174519214876,0.0,0.0,0.0,0.0,0.04683377181685597,0.0,0.02315587259607438,0.0,0.22523730740604025,0.27747443900507596,1.06412658082709,0.18274993861519664,0.3028825270735497,0.36315013207864555,0.24532271795561364,"{""type"":""Point"",""coordinates"":[-48.24729949334332,-2.55539041800139]}"
00000000000000000221,0,0.24316958099080097,0.33006053767670285,0.9995742757821864,0.2800703559751553,0.3275233656430195,0.45172014127588866,0.3033141223307183,0.0,0.0,0.0,0.09274068778972969,0.0,0.0,0.0,0.0,0.0,0.0,0.02318517194743242,0.0,0.0,0.0,0.24316958099080097,0.33006053767670285,0.9995742757821864,0.1873296681854256,0.3275233656430195,0.45172014127588866,0.3033141223307183,"{""type"":""Point"",""coordinates"":[-48.24729949334332,-2.555840787207788]}"
00000000000000000235,0,0.13879416017032492,0.02976057108050602,1.8931436574985259,-0.1572604924440384,0.0042519549572583755,0.096133753657341,0.03493319538324449,0.0,0.0,0.0,0.06744425581475899,0.0,0.038219604749236136,0.0,0.0,0.0,0.0,0.06744425581475899,0.0,0.038219604749236136,0.0,0.13879416017032492,0.02976057108050602,1.8931436574985259,-0.22470474825879738,0.0042519549572583755,0.05791414890810487,0.03493319538324449,"{""type"":""Point"",""coordinates"":[-50.56702196156904,-6.0265731739552795]}"
00000000000000000238,0,0.18001424416980333,0.04071996392569254,1.8847426478270561,-0.1943505295091114,-0.008355509289587025,0.07979082759406259,0.050210626997852545,0.0,0.0,0.16360712674019862,-0.04752220590643502,0.0,0.0,0.0,0.0,0.0,0.03272142534803972,-0.009504441181287005,0.0,0.0,0.0,0.18001424416980333,0.04071996392569254,1.7211355210868575,-0.1468283236026764,-0.008355509289587025,0.07979082759406259,0.050210626997852545,"{""type"":""Point"",""coordinates"":[-50.56693277954797,-6.027291089224885]}"
00000000000000000239,0,0.17671286357033475,0.062194232526680715,1.8255344630644565,-0.18010358642056223,0.011219248175621033,0.11451829099797062,0.0775106566558756,0.0,0.0,0.035456217751927976,-0.0319374365659022,0.0,0.0,0.0,0.0,0.0,0.017728108875963988,-0.00638748731318044,0.0,0.0,0.0,0.17671286357033475,0.062194232526680715,1.7900782453125286,-0.14816614985466003,0.011219248175621033,0.11451829099797062,0.0775106566558756,"{""type"":""Point"",""coordinates"":[-50.56683913842585,-6.027380271245954]}"
0000000000000000023d,0,0.25956685122170037,0.2151006394905744,1.0487946265341268,0.18320299685001373,0.12870971674411172,0.4102679695605647,0.21522743380965256,0.0,0.0,0.0,0.05702630070157763,0.0,0.0,0.0,0.0,0.0,0.0,0.05702630070157763,0.0,0.0,0.0,0.25956685122170037,0.2151006394905744,1.0487946265341268,0.1261766961484361,0.12870971674411172,0.4102679695605647,0.21522743380965256,"{""type"":""Point"",""coordinates"":[-51.070075446913535,-6.552448338491313]}"
00000000000000000250,0,0.24442122133782182,0.5521511272374224,0.6658027287711421,0.4447134989571204,0.449609793138613,0.648060322421405,0.4990422183075031,0.0,0.0,0.13217187157670673,-0.08902283729479099,0.0,-0.07959391224904944,0.0,0.0,0.0,0.033042967894176684,-0.029674279098263662,0.0,-0.026531304083016478,0.0,0.24442122133782182,0.5521511272374224,0.5336308571944354,0.5337363362519114,0.449609793138613,0.7276542346704544,0.4990422183075031,"{""type"":""Point"",""coordinates"":[-48.06925650648134,-2.1698342454151924]}"
0000000000000000025a,0,0.2660528288927365,0.4358487020030291,0.9591967043051064,0.33166864486925485,0.3631197988986969,0.6178107857704163,0.3947614100012852,0.0,0.0,0.188428999418235,-0.10221289186331861,0.0,0.0420642485278655,0.0,0.0,0.0,0.062809666472745,-0.020442578372663722,0.0,0.0420642485278655,0.0,0.2660528288927365,0.4358487020030291,0.7707677048868714,0.43388153673257346,0.3631197988986969,0.5757465372425508,0.3947614100012852,"{""type"":""Point"",""coordinates"":[-46.70094121632198,-1.376444231379781]}"
0000000000000000025b,0,0.24551811781146182,0.26174298375184635,1.1003485736398102,0.20319877129710914,0.27998266384396986,0.3747572898864746,0.2558971944671012,0.0,0.037478427866534825,0.17527927484338035,-0.050056104919662364,0.0,0.0590493098722894,0.0,0.0,0.037478427866534825,0.05842642494779345,-0.025028052459831182,0.0,0.0590493098722894,0.0,0.24551811781146182,0.22426455588531152,0.9250692987964299,0.2532548762167715,0.27998266384396986,0.3157079800141852,0.2558971944671012,"{""type"":""Point"",""coordinates"":[-46.70067367025878,-1.376800959464056]}"
0000000000000000025c,0,0.25663454414143577,0.3586671149857079,1.057585133919217,0.24395654972628775,0.29368437262175023,0.4612197132075076,0.3137056455861998,0.0,-0.04172981344928928,0.06720909778279482,0.055291668429079815,0.0,0.07375166310030917,0.0,0.0,-0.008345962689857855,0.013441819556558965,0.011058333685815963,0.0,0.014750332620061835,0.0,0.25663454414143577,0.4003969284349972,0.9903760361364222,0.18866488129720793,0.29368437262175023,0.3874680501071984,0.3137056455861998,"{""type"":""Point"",""coordinates"":[-46.70094121632198,-1.3768946005861786]}"
00000000000000000268,0,0.24547615643674597,0.27228070497841933,0.8890980184734554,0.2860451689242286,0.33867286544008113,0.4139969731198493,0.26354438889915105,0.0,0.0,0.08987570622121999,-0.043268556308849404,0.0,0.0,0.0,0.0,0.0,0.022468926555304997,-0.008653711261769882,0.0,0.0,0.0,0.24547615643674597,0.27228070497841933,0.7992223122522354,0.329313725233078,0.33867286544008113,0.4139969731198493,0.26354438889915105,"{""type"":""Point"",""coordinates"":[-48.27433948213142,-2.5301519060388857]}"
0000000000000000026e,0,0.26575249652827454,0.29882201188521834,0.8782509906937592,0.3567607161152767,0.30351439859082013,0.3848854389303997,0.28007466907149536,0.0,0.0,0.0,0.08265590789431054,0.0,0.0,0.0,0.0,0.0,0.0,0.027551969298103513,0.0,0.0,0.0,0.26575249652827454,0.29882201188521834,0.8782509906937592,0.27410480822096617,0.30351439859082013,0.3848854389303997,0.28007466907149536,"{""type"":""Point"",""coordinates"":[-47.37656637153589,-2.296316646796184]}"
00000000000000000273,0,0.2718703803327919,0.3016231424286921,0.927189778525914,0.30977245235773315,0.2855132222175598,0.44356751037062203,0.2792189966006527,0.0,0.0,0.0,0.03501888180109253,0.0,0.045675154451737754,0.0,0.0,0.0,0.0,0.007003776360218506,0.0,0.009135030890347551,0.0,0.2718703803327919,0.3016231424286921,0.927189778525914,0.2747535705566406,0.2855132222175598,0.3978923559188843,0.2792189966006527,"{""type"":""Point"",""coordinates"":[-47.376472730413774,-2.2964102879183073]}"
00000000000000000278,0,0.2508993130537058,0.39666926158179583,1.030662828162269,0.21928644291723204,0.3293589289567693,0.5731695005369828,0.36550367128821193,0.0,0.0,0.15189905529781345,-0.12666284926569032,0.0,-0.03268667965405725,0.0,0.0,0.0,0.030379811059562688,-0.025332569853138066,0.0,-0.00653733593081145,0.0,0.2508993130537058,0.39666926158179583,0.8787637728644555,0.34594929218292236,0.3293589289567693,0.60585618019104,0.36550367128821193,"{""type"":""Point"",""coordinates"":[-47.982027571673825,-2.2110675528564054]}"
0000000000000000027b,0,0.28380427737857183,0.41440991275994776,0.8897301983405356,0.35502930422969037,0.3472926877408259,0.6042915411261647,0.38861920367272784,0.0,0.0,0.1368140837854046,-0.044420725320294396,0.0,-0.04016034549567782,0.0,0.0,0.0,0.045604694595134866,-0.022210362660147198,0.0,-0.010040086373919455,0.0,0.28380427737857183,0.41440991275994776,0.752916114555131,0.39945002954998476,0.3472926877408259,0.6444518866218425,0.38861920367272784,"{""type"":""Point"",""coordinates"":[-50.897958605351576,-9.085155309433825]}"
00000000000000000282,0,0.2288284364889126,0.25225159682493364,1.1575813252574036,0.18618132174015045,0.28582086775028437,0.4426194131374359,0.23816022570373338,0.0,0.0,0.0,0.11573786630702322,0.0,0.0861060531089432,0.0,0.0,0.0,0.0,0.11573786630702322,0.0,0.0861060531089432,0.0,0.2288284364889126,0.25225159682493364,1.1575813252574036,0.07044345543312723,0.28582086775028437,0.3565133600284927,0.23816022570373338,"{""type"":""Point"",""coordinates"":[-51.88026735371834,-6.442402183593322]}"
00000000000000000289,0,0.23035754247241916,0.33722151879184226,1.009392046928873,0.2171788215637207,0.3700752854347229,0.4062429666519165,0.3449326587378548,0.0,-0.047600395566683384,0.26463163393010236,-0.07892074600696253,0.0,-0.031883745630088056,0.0,0.0,-0.009520079113336678,0.13231581696505118,-0.07892074600696253,0.0,-0.031883745630088056,0.0,0.23035754247241916,0.38482191435852564,0.7447604129987707,0.29609956757068323,0.3700752854347229,0.43812671228200456,0.3449326587378548,"{""type"":""Point"",""coordinates"":[-46.7718186275665,-1.1513265146965654]}"
0000000000000000028b,0,0.23368677181868394,0.45876576666404706,1.128273948286414,0.14579911530017853,0.3745181106846392,0.40801671147346497,0.4012455669205989,0.0,0.0,0.3439467434750434,-0.17430064012753216,0.0,-0.1816144576183556,0.0,0.0,0.0,0.1719733717375217,-0.17430064012753216,0.0,-0.1816144576183556,0.0,0.23368677181868394,0.45876576666404706,0.7843272048113705,0.3200997554277107,0.3745181106846392,0.5896311690918206,0.4012455669205989,"{""type"":""Point"",""coordinates"":[-46.771907809587574,-1.1519552479451014]}"
00000000000000000291,0,0.21997256752167507,0.2867938907788901,1.1173915246482977,0.19995943183530557,0.29522255063056946,0.4558139949576634,0.250218440951973,0.0,0.0,0.07870014314291884,-0.04530615632902396,0.0,-0.03245712225272479,0.0,0.0,0.0,0.015740028628583768,-0.009061231265804793,0.0,-0.006491424450544958,0.0,0.21997256752167507,0.2867938907788901,1.0386913815053789,0.24526558816432953,0.29522255063056946,0.4882711172103882,0.250218440951973,"{""type"":""Point"",""coordinates"":[-50.56199209558076,-6.019474285078195]}"
00000000000000000293,0,0.2330647551355153,0.2655717817213478,1.133795278877532,0.17887442551199098,0.28275197744369507,0.4935712516307831,0.2656575560730482,0.0,0.0,-0.08497781794434545,0.046538405042325454,0.0,0.0,0.0,0.0,0.0,-0.01699556358886909,0.009307681008465091,0.0,0.0,0.0,0.2330647551355153,0.2655717817213478,1.2187730968218775,0.13233602046966553,0.28275197744369507,0.4935712516307831,0.2656575560730482,"{""type"":""Point"",""coordinates"":[-50.562977556913566,-6.018578005766452]}"
00000000000000000295,0,0.23890848680160834,0.32131818239408494,0.8595795633774375,0.35632497291095483,0.4087916674793955,0.5626014178870832,0.339321706720516,0.0,-0.08556319388117017,0.06089042480065843,-0.0499976255463816,0.0,-0.03739860595477473,0.0,0.0,-0.017112638776234035,0.012178084960131685,-0.00999952510927632,0.0,-0.007479721190954946,0.0,0.23890848680160834,0.4068813762752551,0.798689138576779,0.4063225984573364,0.4087916674793955,0.6000000238418579,0.339321706720516,"{""type"":""Point"",""coordinates"":[-50.56648241034157,-6.019567926200318]}"
0000000000000000029e,0,0.26164173152028686,0.2802077746316767,1.1587242857134044,0.2001141066101629,0.36746217457362784,0.575973041871857,0.26864230569065656,0.0,0.030008886565916715,0.0,-0.0644088631125849,0.0,0.0,0.0,0.0,0.006001777313183343,0.0,-0.012881772622516979,0.0,0.0,0.0,0.26164173152028686,0.25019888806575996,1.1587242857134044,0.2645229697227478,0.36746217457362784,0.575973041871857,0.26864230569065656,"{""type"":""Point"",""coordinates"":[-51.08508032195838,-6.498546724957261]}"
000000000000000002aa,0,0.28229247157040477,0.39658172658222196,0.8575272503541195,0.3216429829167422,0.3543233513832092,0.6259123086929321,0.3653409887788291,0.0,0.0,0.0,-0.12145806555280125,0.0,0.09754156360493027,0.0,0.0,0.0,0.0,-0.024291613110560252,0.0,0.09754156360493027,0.0,0.28229247157040477,0.39658172658222196,0.8575272503541195,0.44310104846954346,0.3543233513832092,0.5283707450880019,0.3653409887788291,"{""type"":""Point"",""coordinates"":[-47.977804802976216,-2.2111567348774748]}"
000000000000000002bb,0,0.26534337319548723,0.33191357671032207,1.056038138080789,0.2885079767192764,0.3646092758782191,0.5891683521595907,0.36174778428090054,0.0,-0.04460888849500422,0.11768119685804246,-0.046476420268783014,0.0,-0.06131864906315043,0.0,0.0,-0.02230444424750211,0.03922706561934749,-0.009295284053756602,0.0,-0.012263729812630086,0.0,0.26534337319548723,0.3765224652053263,0.9383569412227466,0.33498439698805943,0.3646092758782191,0.6504870012227412,0.36174778428090054,"{""type"":""Point"",""coordinates"":[-52.03998789435171,-6.334964602811597]}"
000000000000000002bd,0,0.22355370157254678,-0.030814780102666285,1.5666171327842806,0.19556044042110443,-0.16395668534618318,-0.17040112727957404,-0.034479937526847096,0.0,0.0,0.43540128578974513,0.09170265179289368,0.0,0.0,0.0,0.0,0.0,0.08708025715794902,0.09170265179289368,0.0,0.0,0.0,0.22355370157254678,-0.030814780102666285,1.1312158469945355,0.10385778862821075,-0.16395668534618318,-0.17040112727957404,-0.034479937526847096,"{""type"":""Point"",""coordinates"":[-50.374959560995016,-9.582465472621484]}"
000000000000000002bf,0,0.2409956344935441,0.12046241697893474,1.177475252003762,0.05060070165254724,0.18060789183570375,0.17199530402658583,0.10035070507847009,0.0,0.0,-0.07006286499245307,0.052424437308763984,0.0,0.0,0.0,0.0,0.0,-0.02335428833081769,0.013106109327190996,0.0,0.0,0.0,0.2409956344935441,0.12046241697893474,1.247538116996215,-0.0018237356562167406,0.18060789183570375,0.17199530402658583,0.10035070507847009,"{""type"":""Point"",""coordinates"":[-50.568725338171454,-5.773875917256502]}"
000000000000000002c0,0,0.23783656042206885,0.17481142499570193,1.001349665763716,0.23575792161348175,0.2743282751715125,0.2353688578913366,0.1932560269675721,0.0,0.0,-0.07161720859871146,0.1447794078875665,0.0,-0.06642664627180506,0.0,0.0,0.0,-0.023872402866237152,0.03619485197189162,0.0,-0.02214221542393502,0.0,0.23783656042206885,0.17481142499570193,1.0729668743624274,0.09097851372591527,0.2743282751715125,0.30179550416314166,0.1932560269675721,"{""type"":""Point"",""coordinates"":[-50.568908161314646,-5.77405428129864]}"
000000000000000002d3,1,0.25176351688041104,0.5573648700816908,0.5748997128964087,0.5828076819073843,0.5251188020290793,0.7582145742070864,0.47492912969193835,0.0,0.0,-0.10774434512105235,0.12731764774854226,0.0,0.0,0.0,0.0,0.0,-0.021548869024210472,0.02546352954970845,0.0,0.0,0.0,0.25176351688041104,0.5573648700816908,0.6826440580174611,0.45549003415884204,0.5251188020290793,0.7582145742070864,0.47492912969193835,"{""type"":""Point"",""coordinates"":[-48.025954176151316,-2.1745965653402717]}"
000000000000000002d6,1,0.24815307791018285,0.5039575649401675,0.6916552541283439,0.5026274366517735,0.45867541432380676,0.6885112524032593,0.42422256208085213,0.0,0.0,0.0,0.07355580108907567,0.0,0.0,0.0,0.0,0.0,0.0,0.014711160217815133,0.0,0.0,0.0,0.24815307791018285,0.5039575649401675,0.6916552541283439,0.4290716355626978,0.45867541432380676,0.6885112524032593,0.42422256208085213,"{""type"":""Point"",""coordinates"":[-48.02568663008811,-2.1744182012981343]}"
000000000000000002d8,1,0.2416019071927477,0.5493585017027938,0.6352402570902885,0.5329652138144454,0.48518546529180356,0.768215939724769,0.4875743961476871,0.0,0.0,-0.12206089235307893,0.11100280704059295,0.0,0.0,0.0,0.0,0.0,-0.024412178470615786,0.02220056140811859,0.0,0.0,0.0,0.2416019071927477,0.5493585017027938,0.7573011494433675,0.42196240677385244,0.48518546529180356,0.768215939724769,0.4875743961476871,"{""type"":""Point"",""coordinates"":[-48.02586499413025,-2.1746857473613415]}"
000000000000000002e0,1,0.20386111621511024,0.6096994813223182,0.5695942192556278,0.5733353495597839,0.5734664287529918,0.8138638430103444,0.5135374475544575,0.0,-0.031165329148283294,0.04922781831563128,-0.07402692041988312,0.0,0.0,0.0,0.0,-0.031165329148283294,0.04922781831563128,-0.07402692041988312,0.0,0.0,0.0,0.20386111621511024,0.6408648104706015,0.5203664009399965,0.6473622699796671,0.5734664287529918,0.8138638430103444,0.5135374475544575,"{""type"":""Point"",""coordinates"":[-46.34125674804788,-1.763975785732655]}"
000000000000000002f0,1,0.27062405799414785,0.6026015482285656,0.6071547753678626,0.5464683771133423,0.5075383128625625,0.8079950194825026,0.5199266338237581,0.0,0.0,0.0,0.03889840309121351,0.0,0.0,0.0,0.0,0.0,0.0,0.03889840309121351,0.0,0.0,0.0,0.27062405799414785,0.6026015482285656,0.6071547753678626,0.5075699740221288,0.5075383128625625,0.8079950194825026,0.5199266338237581,"{""type"":""Point"",""coordinates"":[-46.67614861446483,-1.073889765802424]}"
000000000000000002fb,1,0.24379036422433434,0.553930857466245,0.6888044230312989,0.6067785620000843,0.5409938983320265,0.8628800344467163,0.49927718313340996,0.0,0.0,0.0,0.17994070011787622,0.0,0.06999220371246351,0.0,0.0,0.0,0.0,0.08997035005893811,0.0,0.034996101856231754,0.0,0.24379036422433434,0.553930857466245,0.6888044230312989,0.42683786188220807,0.5409938983320265,0.7928878307342528,0.49927718313340996,"{""type"":""Point"",""coordinates"":[-48.248200231756115,-2.554315774647509]}"
00000000000000000301,1,0.21126867680805406,0.443827713322816,0.6973986119021013,0.5179241119675121,0.5615116811664266,0.7857133998052318,0.45226151726261,0.0,-0.10313656765073342,0.10589055919346291,-0.04319456032392566,0.0,0.0,0.0,0.0,-0.020627313530146685,0.02117811183869258,-0.010798640080981414,0.0,0.0,0.0,0.21126867680805406,0.5469642809735494,0.5915080527086384,0.5611186722914377,0.5615116811664266,0.7857133998052318,0.45226151726261,"{""type"":""Point"",""coordinates"":[-51.93973838446814,-6.5377154686107275]}"
00000000000000000311,1,0.20473021934500393,0.6094275673013283,0.5825354151155224,0.5535650253295898,0.5211000442504883,0.7064467673840759,0.48364918344465213,0.0,0.07422915186712631,0.0,0.06362028976030937,0.0,0.0,0.0,0.0,0.014845830373425262,0.0,0.06362028976030937,0.0,0.0,0.0,0.20473021934500393,0.535198415434202,0.5825354151155224,0.4899447355692805,0.5211000442504883,0.7064467673840759,0.48364918344465213,"{""type"":""Point"",""coordinates"":[-46.77451192460279,-1.1363260987527737]}"
00000000000000000313,1,0.24752983483099092,0.5696691088245026,0.6090208419586128,0.5359693019107239,0.4738497479595049,0.7740213871002197,0.505795971668909,0.0,0.0,0.0,-0.032930329589520246,0.0,0.0,0.0,0.0,0.0,0.0,-0.006586065917904049,0.0,0.0,0.0,0.24752983483099092,0.5696691088245026,0.6090208419586128,0.5688996315002441,0.4738497479595049,0.7740213871002197,0.505795971668909,"{""type"":""Point"",""coordinates"":[-46.72232260587326,-1.3570382235951843]}"
00000000000000000340,1,0.23168298335338383,0.5706689480269591,0.5861575371109458,0.6231949490519466,0.5806078829866401,0.8056324459460379,0.5145318469845582,0.0,0.0,0.0,0.07092580927139647,0.0,0.0,0.0,0.0,0.0,0.0,0.035462904635698234,0.0,0.0,0.0,0.23168298335338383,0.5706689480269591,0.5861575371109458,0.5522691397805501,0.5806078829866401,0.8056324459460379,0.5145318469845582,"{""type"":""Point"",""coordinates"":[-51.90299539178775,-6.46010035567445]}"
0000000000000000034d,1,0.22573208256782878,0.6241033078088302,0.4723005336961947,0.6773970606232699,0.569120369497826,0.8735658526420593,0.5451269733487949,0.0,0.0,-0.051780002167513384,0.057138983348574146,0.0,0.038001136540688485,0.0,0.0,0.0,-0.012945000541878346,0.014284745837143537,0.0,0.038001136540688485,0.0,0.22573208256782878,0.6241033078088302,0.5240805358637081,0.6202580772746957,0.569120369497826,0.8355647161013708,0.5451269733487949,"{""type"":""Point"",""coordinates"":[-48.2729036515922,-2.5238601144524746]}"
00000000000000000359,1,0.24492277657747116,0.4269754439231888,0.7695607392851956,0.4233572353874911,0.3720887405144042,0.6097587371861115,0.41179819295527315,0.0,0.0,0.051125280906284654,-0.04200766931860439,0.0,0.0,0.0,0.0,0.0,0.010225056181256931,-0.008401533863720879,0.0,0.0,0.0,0.24492277657747116,0.4269754439231888,0.718435458378911,0.4653649047060955,0.3720887405144042,0.6097587371861115,0.41179819295527315,"{""type"":""Point"",""coordinates"":[-51.94063466377988,-6.537532645467537]}"
00000000000000000370,1,0.25495068016390315,0.4799083978966828,0.6601337156058934,0.5448545813560486,0.40184814961727633,0.786943793296814,0.4295076791803584,0.0,0.0,-0.03685300656865609,0.039782392542310197,0.0,0.09525110405273474,0.0,0.0,0.0,-0.009213251642164022,0.039782392542310197,0.0,0.09525110405273474,0.0,0.25495068016390315,0.4799083978966828,0.6969867221745495,0.5050721888137384,0.40184814961727633,0.6916926892440792,0.4295076791803584,"{""type"":""Point"",""coordinates"":[-46.35158848518871,-1.7589459197443675]}"
00000000000000000374,1,0.2512296945213489,0.4720273525303891,0.7233328774429726,0.5343008041381836,0.39837557978461013,0.6909560076981007,0.4138484960173359,0.0,0.0,0.0,0.11295101575829408,0.0,0.0,0.0,0.0,0.0,0.0,0.11295101575829408,0.0,0.0,0.0,0.2512296945213489,0.4720273525303891,0.7233328774429726,0.4213497883798895,0.39837557978461013,0.6909560076981007,0.4138484960173359,"{""type"":""Point"",""coordinates"":[-46.35194521327299,-1.758856737723299]}"
0000000000000000037b,1,0.21951672611202253,0.6604180995581339,0.44865882496642806,0.7016117573146233,0.6026076133983999,0.8549548874509878,0.571004141018834,0.0,0.0,-0.03442370464804434,0.04677812197214026,0.0,0.0,0.0,0.0,0.0,-0.01721185232402217,0.015592707324046754,0.0,0.0,0.0,0.21951672611202253,0.6604180995581339,0.4830825296144724,0.6548336353424831,0.6026076133983999,0.8549548874509878,0.571004141018834,"{""type"":""Point"",""coordinates"":[-46.3357765128532,-1.7760153585769591]}"
00000000000000000385,1,0.24568947427885854,0.5089749083207847,0.5827611989665855,0.5765813125543457,0.5056555271148682,0.7651853561401367,0.4689420149709208,0.0,0.0,-0.06586759342128834,0.03626717461870732,0.0,0.0,0.0,0.0,0.0,-0.013173518684257668,0.007253434923741464,0.0,0.0,0.0,0.24568947427885854,0.5089749083207847,0.6486287923878739,0.5403141379356384,0.5056555271148682,0.7651853561401367,0.4689420149709208,"{""type"":""Point"",""coordinates"":[-50.5640566593685,-6.019295921036056]}"
0000000000000000038a,1,0.2658615302100079,0.3324806377299545,0.8821816980110186,0.37605032324790955,0.3258146475284739,0.4809574121593387,0.3054538006430731,0.0,0.0,-0.07209362515580953,0.04032127606250102,0.0,0.0,0.0,0.0,0.0,-0.01802340628895238,0.04032127606250102,0.0,0.0,0.0,0.2658615302100079,0.3324806377299545,0.9542753231668282,0.3357290471854085,0.3258146475284739,0.4809574121593387,0.3054538006430731,"{""type"":""Point"",""coordinates"":[-47.376655553556965,-2.29694538004472]}"
0000000000000000039a,1,0.24102547261952584,0.6919358852636259,0.5009802785881081,0.6353926658630371,0.5910347819328308,0.8529772207472396,0.6087743025976521,0.0,0.0,0.0,0.045250623417415814,0.0,0.0,0.0,0.0,0.0,0.0,0.045250623417415814,0.0,0.0,0.0,0.24102547261952584,0.6919358852636259,0.5009802785881081,0.5901420424456213,0.5910347819328308,0.8529772207472396,0.6087743025976521,"{""type"":""Point"",""coordinates"":[-49.93793198494889,-6.3807774070347]}"
000000000000000003a1,1,0.24656383696724987,0.6768410613502451,0.5248136627889877,0.6069015698457242,0.5787354989443665,0.839695462992934,0.5537188400760459,0.0,0.0,0.0,0.04019090899074884,0.0,0.0,0.0,0.0,0.0,0.0,0.01004772724768721,0.0,0.0,0.0,0.24656383696724987,0.6768410613502451,0.5248136627889877,0.5667106608549753,0.5787354989443665,0.839695462992934,0.5537188400760459,"{""type"":""Point"",""coordinates"":[-49.93793198494889,-6.380688225013631]}"
000000000000000003aa,1,0.25073476725271,0.7197274383236207,0.5690738724305276,0.6139954328536987,0.5543475716684634,0.7975778287639962,0.5714409006659019,0.0,0.07601483294626488,0.0,0.04862750503234936,0.0,0.0,0.0,0.0,0.07601483294626488,0.0,0.04862750503234936,0.0,0.0,0.0,0.25073476725271,0.6437126053773559,0.5690738724305276,0.5653679278213494,0.5543475716684634,0.7975778287639962,0.5714409006659019,"{""type"":""Point"",""coordinates"":[-49.937749161805705,-6.380599042992563]}"
000000000000000003ad,1,0.2554239620034515,0.6855434498044989,0.5534974721854388,0.662848660177562,0.5263268047299638,0.7978078657344643,0.4979968492989847,0.0,0.19822608487714033,0.0,0.1426119138394203,0.0,0.0,0.0,0.0,0.09911304243857016,0.0,0.07130595691971015,0.0,0.0,0.0,0.2554239620034515,0.48731736492735855,0.5534974721854388,0.5202367463381418,0.5263268047299638,0.7978078657344643,0.4979968492989847,"{""type"":""Point"",""coordinates"":[-49.93811034899103,-6.380509860971493]}"
000000000000000003af,1,0.27175478515556606,0.6372196200279149,0.5296536506630345,0.6297101378440857,0.574357067019131,0.8456442286687548,0.5516929397576018,0.0,0.0,0.0,0.05266499478369191,0.0,0.03695579178181574,0.0,0.0,0.0,0.0,0.05266499478369191,0.0,0.01847789589090787,0.0,0.27175478515556606,0.6372196200279149,0.5296536506630345,0.5770451430603938,0.574357067019131,0.808688436886939,0.5516929397576018,"{""type"":""Point"",""coordinates"":[-49.93793198494889,-6.380509860971493]}"
000000000000000003d0,1,0.25659328554935623,0.4865522143174358,0.6325274113189255,0.5818728384559917,0.5216247797012329,0.7886424448006766,0.4514732525331545,0.0,0.0,0.0,0.031990156880359444,0.0,0.0,0.0,0.0,0.0,0.0,0.015995078440179722,0.0,0.0,0.0,0.25659328554935623,0.4865522143174358,0.6325274113189255,0.5498826815756322,0.5216247797012329,0.7886424448006766,0.4514732525331545,"{""type"":""Point"",""coordinates"":[-47.71603773473472,-3.9728450017697123]}"
000000000000000003e9,1,0.21456596706056516,0.4757803025359518,0.8666812894740358,0.39641758892681506,0.27731465732612254,0.6510787688544909,0.30004731443555227,0.0,0.28949045655007954,-0.2746494683635864,0.19839495979227462,0.0,0.3450983845046679,0.0,0.0,0.05789809131001591,-0.0686623670908966,0.09919747989613731,0.0,0.06901967690093358,0.0,0.21456596706056516,0.18628984598587225,1.1413307578376222,0.19802262913454044,0.27731465732612254,0.305980384349823,0.30004731443555227,"{""type"":""Point"",""coordinates"":[-47.262569453104554,-3.9585625010955243]}"
0000000000000000041a,1,0.2529587487525936,0.40111102889631983,0.806497018413035,0.4461003895896192,0.3956795799669644,0.7110040151299198,0.35611189531502835,0.0,0.03252527156603502,0.0,0.06364802959719679,0.0,0.04542287345836171,0.0,0.0,0.008131317891508755,0.0,0.015912007399299197,0.0,0.015140957819453904,0.0,0.2529587487525936,0.3685857573302848,0.806497018413035,0.3824523599924224,0.3956795799669644,0.6655811416715581,0.35611189531502835,"{""type"":""Point"",""coordinates"":[-50.04950315240716,-9.184508540005654]}"
0000000000000000041c,1,0.24911456381156336,0.40541152446130824,0.7426363692685899,0.47651426658964036,0.43438612867103243,0.7291337251663208,0.3881561575902574,0.0,0.0,0.0,0.05130700900997176,0.0,0.0,0.0,0.0,0.0,0.0,0.01282675225249294,0.0,0.0,0.0,0.24911456381156336,0.40541152446130824,0.7426363692685899,0.4252072575796686,0.43438612867103243,0.7291337251663208,0.3881561575902574,"{""type"":""Point"",""coordinates"":[-50.04950315240716,-9.184419357984584]}"
0000000000000000041d,1,0.24857827515145828,0.4216397909591677,0.732326570144377,0.4811098286635462,0.4382686056556123,0.7372012379149603,0.3790488705771895,0.0,0.03081758648542926,0.0,0.04899860199867634,0.0,0.037983845440643926,0.0,0.0,0.007704396621357315,0.0,0.012249650499669085,0.0,0.012661281813547975,0.0,0.24857827515145828,0.39082220447373844,0.732326570144377,0.43211122666486984,0.4382686056556123,0.6992173924743164,0.3790488705771895,"{""type"":""Point"",""coordinates"":[-50.04940951128504,-9.184419357984584]}"
0000000000000000041e,1,0.25329260635018913,0.38586334603226324,0.7639050447545508,0.4808795318382327,0.4341664096729616,0.7216527439390569,0.3696086483647111,0.0,0.0,0.03290023994712732,0.0451133573553516,0.0,0.06460261361499142,0.0,0.0,0.0,0.006580047989425464,0.0150377857851172,0.0,0.016150653403747856,0.0,0.25329260635018913,0.38586334603226324,0.7310048048074235,0.4357661744828811,0.4341664096729616,0.6570501303240655,0.3696086483647111,"{""type"":""Point"",""coordinates"":[-50.04932032926397,-9.184419357984584]}"
00000000000000000420,1,0.24653458907100115,0.39608190675413896,0.7518407850996845,0.4694588718146722,0.41316453218460086,0.7051669474477383,0.3725573822306369,0.0,0.0,0.0,0.051212675350937986,0.0,0.0,0.0,0.0,0.0,0.0,0.012803168837734497,0.0,0.0,0.0,0.24653458907100115,0.39608190675413896,0.7518407850996845,0.41824619646373423,0.41316453218460086,0.7051669474477383,0.3725573822306369,"{""type"":""Point"",""coordinates"":[-50.04950315240716,-9.184330175963511]}"
00000000000000000421,1,0.21341470212717908,0.40089660973153146,0.7885415402652118,0.45305665528941447,0.40543381823940816,0.7047992543021196,0.3600347539857991,0.0,0.032378894273313585,0.0,0.059620818074383464,0.0,0.0,0.0,0.0,0.008094723568328396,0.0,0.014905204518595866,0.0,0.0,0.0,0.21341470212717908,0.3685177154582179,0.7885415402652118,0.393435837215031,0.40543381823940816,0.7047992543021196,0.3600347539857991,"{""type"":""Point"",""coordinates"":[-50.04940951128504,-9.184330175963513]}"
0000000000000000042a,1,0.23633780921603945,0.44792117077767424,0.6895814583206648,0.5236784069170697,0.45729977706524383,0.746372108248245,0.40552726152996155,0.0,0.04108441859803247,0.0,0.04216023450995665,0.0,0.0,0.0,0.0,0.010271104649508117,0.0,0.010540058627489163,0.0,0.0,0.0,0.23633780921603945,0.40683675217964177,0.6895814583206648,0.48151817240711303,0.45729977706524383,0.746372108248245,0.40552726152996155,"{""type"":""Point"",""coordinates"":[-50.04923114724291,-9.184240993942446]}"
00000000000000000432,1,0.22642331919814437,0.4549066388001932,0.6839548599583096,0.5186055876625687,0.47301172926692603,0.7568963319628353,0.41533925482084577,0.0,0.04690804626552797,0.0,0.05015106400613928,0.0,0.0,0.0,0.0,0.011727011566381992,0.0,0.01253776600153482,0.0,0.0,0.0,0.22642331919814437,0.40799859253466525,0.6839548599583096,0.4684545236564294,0.47301172926692603,0.7568963319628353,0.41533925482084577,"{""type"":""Point"",""coordinates"":[-50.04940951128504,-9.184151811921376]}"
00000000000000000433,1,0.22782762140155938,0.4301915678766384,0.6563211218346,0.5483121213547274,0.49522756896041187,0.7616193485094231,0.4013400978988502,0.0,0.0,0.0,0.05587954411184165,0.0,0.0,0.0,0.0,0.0,0.0,0.013969886027960413,0.0,0.0,0.0,0.22782762140155938,0.4301915678766384,0.6563211218346,0.49243257724288575,0.49522756896041187,0.7616193485094231,0.4013400978988502,"{""type"":""Point"",""coordinates"":[-50.04932032926397,-9.184151811921378]}"
00000000000000000434,1,0.23215496312926695,0.4255635451248971,0.6672136033447984,0.5317008134447946,0.47529539465904236,0.7553141240025106,0.4009736621115319,0.0,0.0,0.0,0.039330773567062716,0.0,0.0,0.0,0.0,0.0,0.0,0.009832693391765679,0.0,0.0,0.0,0.23215496312926695,0.4255635451248971,0.6672136033447984,0.49237003987773187,0.47529539465904236,0.7553141240025106,0.4009736621115319,"{""type"":""Point"",""coordinates"":[-50.04923114724291,-9.184151811921378]}"
00000000000000000435,1,0.22431132552194227,0.42074215273482335,0.6968236661636015,0.553368903453677,0.4586305138474708,0.7262148857116699,0.3990309084844779,0.0,0.0,0.0,0.08553073793656035,0.0,0.0,0.0,0.0,0.0,0.0,0.02851024597885345,0.0,0.0,0.0,0.22431132552194227,0.42074215273482335,0.6968236661636015,0.4678381655171166,0.4586305138474708,0.7262148857116699,0.3990309084844779,"{""type"":""Point"",""coordinates"":[-50.049141965221835,-9.184151811921376]}"
00000000000000000436,1,0.21495236802439735,0.4770837493536658,0.6522243701283549,0.5723385031682657,0.4833579262058683,0.7652390300412233,0.4171087141715391,0.0,0.04738719875177688,0.0,0.06231393620181391,0.0,0.0,0.0,0.0,0.01184679968794422,0.0,0.020771312067271303,0.0,0.0,0.0,0.21495236802439735,0.42969655060188894,0.6522243701283549,0.5100245669664518,0.4833579262058683,0.7652390300412233,0.4171087141715391,"{""type"":""Point"",""coordinates"":[-50.049052783200764,-9.184151811921378]}"
00000000000000000438,1,0.2280377225992651,0.4365552249584673,0.6971272396847024,0.5418383275470363,0.45385761451463197,0.7849177034895648,0.4137769334686672,0.0,0.0,0.0,0.07650907634829657,0.0,0.04833289199134638,0.0,0.0,0.0,0.0,0.019127269087074142,0.0,0.012083222997836596,0.0,0.2280377225992651,0.4365552249584673,0.6971272396847024,0.46532925119873975,0.45385761451463197,0.7365848114982184,0.4137769334686672,"{""type"":""Point"",""coordinates"":[-50.048874419158636,-9.184151811921378]}"
00000000000000000440,1,0.22290386570287263,0.4756230108070736,0.639471792307481,0.5540233115421195,0.4891794369731746,0.7419551173392236,0.41345892351122043,0.0,0.041230762534251675,0.0,0.05359446811216484,0.0,0.0,0.0,0.0,0.010307690633562919,0.0,0.01339861702804121,0.0,0.0,0.0,0.22290386570287263,0.4343922482728219,0.639471792307481,0.5004288434299546,0.4891794369731746,0.7419551173392236,0.41345892351122043,"{""type"":""Point"",""coordinates"":[-50.04940951128504,-9.184062629900307]}"
00000000000000000442,1,0.2421908566952386,0.43111195945553377,0.6755246442498094,0.5292886930429348,0.46230602264404297,0.7665099584779311,0.4181605270749621,0.0,0.0,0.0,0.03655031312921592,0.0,0.0,0.0,0.0,0.0,0.0,0.00913757828230398,0.0,0.0,0.0,0.2421908566952386,0.43111195945553377,0.6755246442498094,0.4927383799137189,0.46230602264404297,0.7665099584779311,0.4181605270749621,"{""type"":""Point"",""coordinates"":[-50.0492311472429,-9.184062629900307]}"
00000000000000000444,1,0.24491201022558645,0.44761503032287486,0.647360162805325,0.5643478030725549,0.48983991726933934,0.7752843065631707,0.4219838618488262,0.0,0.0,0.0,0.035934040960328595,0.0,0.0,0.0,0.0,0.0,0.0,0.008983510240082149,0.0,0.0,0.0,0.24491201022558645,0.44761503032287486,0.647360162805325,0.5284137621122263,0.48983991726933934,0.7752843065631707,0.4219838618488262,"{""type"":""Point"",""coordinates"":[-50.049052783200764,-9.184062629900309]}"
0000000000000000044f,1,0.2204227831326312,0.4377525953888552,0.6707973829941106,0.5455709790677288,0.4653854186984385,0.7731615877904823,0.3903792790071528,0.0,0.03451709357240085,0.0,0.0731110660192762,0.0,0.04486421599926094,0.0,0.0,0.008629273393100212,0.0,0.01827776650481905,0.0,0.014954738666420312,0.0,0.2204227831326312,0.40323550181645434,0.6707973829941106,0.4724599130484526,0.4653854186984385,0.7282973717912213,0.3903792790071528,"{""type"":""Point"",""coordinates"":[-50.04959233442823,-9.183973447879238]}"
00000000000000000453,1,0.23622208295212907,0.42019666415921003,0.6866876634678748,0.528121489908135,0.4712722507722176,0.7617430514533019,0.3970162100071504,0.0,0.0,0.0,0.04510068460505473,0.0,0.0,0.0,0.0,0.0,0.0,0.011275171151263683,0.0,0.0,0.0,0.23622208295212907,0.42019666415921003,0.6866876634678748,0.4830208053030803,0.4712722507722176,0.7617430514533019,0.3970162100071504,"{""type"":""Point"",""coordinates"":[-50.0492311472429,-9.183973447879238]}"
00000000000000000454,1,0.22172353545648607,0.4414362118852254,0.6263075641062177,0.5760385675540698,0.5032726101901382,0.7793108119131954,0.41965471100254936,0.0,0.0,0.0,0.03901836565726169,0.0,0.0,0.0,0.0,0.0,0.0,0.009754591414315422,0.0,0.0,0.0,0.22172353545648607,0.4414362118852254,0.6263075641062177,0.5370202018968081,0.5032726101901382,0.7793108119131954,0.41965471100254936,"{""type"":""Point"",""coordinates"":[-50.049141965221835,-9.183973447879238]}"
00000000000000000455,1,0.24242345149494415,0.44761503032287486,0.647360162805325,0.5643478030725549,0.48983991726933934,0.7752843065631707,0.4219838618488262,0.0,0.0,0.0,0.035934040960328595,0.0,0.0,0.0,0.0,0.0,0.0,0.008983510240082149,0.0,0.0,0.0,0.24242345149494415,0.44761503032287486,0.647360162805325,0.5284137621122263,0.48983991726933934,0.7752843065631707,0.4219838618488262,"{""type"":""Point"",""coordinates"":[-50.049052783200764,-9.18397344787924]}"
00000000000000000466,1,0.2237596263349901,0.42019666415921003,0.6866876634678748,0.528121489908135,0.4712722507722176,0.7617430514533019,0.3970162100071504,0.0,0.0,0.0,0.04510068460505473,0.0,0.0,0.0,0.0,0.0,0.0,0.011275171151263683,0.0,0.0,0.0,0.2237596263349901,0.42019666415921003,0.6866876634678748,0.4830208053030803,0.4712722507722176,0.7617430514533019,0.3970162100071504,"{""type"":""Point"",""coordinates"":[-50.0492311472429,-9.183879806757115]}"
00000000000000000467,1,0.22450406179605112,0.4414362118852254,0.6263075641062177,0.5760385675540698,0.5032726101901382,0.7793108119131954,0.41965471100254936,0.0,0.0,0.0,0.03901836565726169,0.0,0.0,0.0,0.0,0.0,0.0,0.009754591414315422,0.0,0.0,0.0,0.22450406179605112,0.4414362118852254,0.6263075641062177,0.5370202018968081,0.5032726101901382,0.7793108119131954,0.41965471100254936,"{""type"":""Point"",""coordinates"":[-50.049141965221835,-9.183879806757115]}"
00000000000000000468,1,0.23541294440429986,0.43423855816391815,0.6681815887770254,0.5532983087856875,0.4776818821065455,0.7855195118621856,0.41308165131250096,0.0,0.0,0.0,0.04870449040703251,0.0,0.0,0.0,0.0,0.0,0.0,0.012176122601758127,0.0,0.0,0.0,0.23541294440429986,0.43423855816391815,0.6681815887770254,0.504593818378655,0.4776818821065455,0.7855195118621856,0.41308165131250096,"{""type"":""Point"",""coordinates"":[-50.049052783200764,-9.183879806757115]}"
0000000000000000046d,1,0.23500219083036578,0.38968509216162434,0.7038544872622291,0.5054414296782445,0.48692187769858913,0.7852584643360405,0.3913183571841701,0.0,-0.031472016119383106,0.0,0.03104599670180047,0.0,0.0,0.0,0.0,-0.006294403223876621,0.0,0.007761499175450118,0.0,0.0,0.0,0.23500219083036578,0.42115710828100744,0.7038544872622291,0.474395432976444,0.48692187769858913,0.7852584643360405,0.3913183571841701,"{""type"":""Point"",""coordinates"":[-50.04860241399437,-9.183879806757115]}"
00000000000000000472,1,0.23293261455752573,0.4262141642702647,0.6886202326114343,0.5230127742621968,0.47095862695575036,0.7400635420403151,0.4008488560326392,0.0,0.0,0.0,0.051313477925680195,0.0,0.0,0.0,0.0,0.0,0.0,0.012828369481420049,0.0,0.0,0.0,0.23293261455752573,0.4262141642702647,0.6886202326114343,0.47169929633651664,0.47095862695575036,0.7400635420403151,0.4008488560326392,"{""type"":""Point"",""coordinates"":[-50.04815204478797,-9.183879806757115]}"
0000000000000000047c,1,0.2205408884795146,0.3760058386515382,0.6809046095790262,0.529139623454489,0.48548658490732066,0.7671521175541163,0.36127170277953713,0.0,0.0,0.0,0.037876452649742764,0.0,0.0,0.0,0.0,0.0,0.0,0.009469113162435691,0.0,0.0,0.0,0.2205408884795146,0.3760058386515382,0.6809046095790262,0.4912631708047462,0.48548658490732066,0.7671521175541163,0.36127170277953713,"{""type"":""Point"",""coordinates"":[-50.049141965221835,-9.183790624736048]}"
00000000000000000487,1,0.23611530993680221,0.37049225061089813,0.731365593110221,0.5078116048136918,0.4636373203275649,0.7931772931480794,0.3580689345764427,0.0,0.0,0.0,0.05271583570770749,0.0,0.06820532938343793,0.0,0.0,0.0,0.0,0.013178958926926873,0.0,0.02273510979447931,0.0,0.23611530993680221,0.37049225061089813,0.731365593110221,0.4550957691059843,0.4636373203275649,0.7249719637646415,0.3580689345764427,"{""type"":""Point"",""coordinates"":[-50.04815204478797,-9.183790624736048]}"
00000000000000000491,1,0.2142052839393364,0.37529836985503245,0.6803703555996587,0.542310866448419,0.4817206561565399,0.7464876174926758,0.3618010949226702,0.0,0.0,0.0,0.05834108393327525,0.0,0.0,0.0,0.0,0.0,0.0,0.014585270983318813,0.0,0.0,0.0,0.2142052839393364,0.37529836985503245,0.6803703555996587,0.4839697825151437,0.4817206561565399,0.7464876174926758,0.3618010949226702,"{""type"":""Point"",""coordinates"":[-50.049141965221835,-9.183701442714977]}"
00000000000000000492,1,0.22821487447883199,0.43453470150578,0.6379405773825261,0.5610316550755077,0.5133614434177448,0.7921279103636609,0.4142754114878806,0.0,0.0,0.0,0.03882326127035329,0.0,0.0,0.0,0.0,0.0,0.0,0.009705815317588323,0.0,0.0,0.0,0.22821487447883199,0.43453470150578,0.6379405773825261,0.5222083938051544,0.5133614434177448,0.7921279103636609,0.4142754114878806,"{""type"":""Point"",""coordinates"":[-50.04905278320077,-9.183701442714977]}"
000000000000000004c9,1,0.21601870136709425,0.45459663796155536,0.6302853412592285,0.5752153875162346,0.5273514057606997,0.7788127574996647,0.43269068308043923,0.0,0.0,0.0,0.06461714343375591,0.0,0.0,0.0,0.0,0.0,0.0,0.016154285858438977,0.0,0.0,0.0,0.21601870136709425,0.45459663796155536,0.6302853412592285,0.5105982440824787,0.5273514057606997,0.7788127574996647,0.43269068308043923,"{""type"":""Point"",""coordinates"":[-50.04788449872476,-9.18352307867284]}"
000000000000000004cb,1,0.22280176095655085,0.4152440350766141,0.6809443550188513,0.5609793307579215,0.4685219225496257,0.8149160055908569,0.40607182152849447,0.0,0.0,0.0,0.09221083031860938,0.0,0.056056950566260366,0.0,0.0,0.0,0.0,0.023052707579652346,0.0,0.018685650188753455,0.0,0.22280176095655085,0.4152440350766141,0.6809443550188513,0.4687685004393121,0.4685219225496257,0.7588590550245965,0.40607182152849447,"{""type"":""Point"",""coordinates"":[-50.04770613468263,-9.18352307867284]}"
000000000000000004cc,1,0.2323641591085592,0.4283627171743386,0.6269147764200235,0.5630131248458505,0.522010920218627,0.7700269222259521,0.40544738767726246,0.0,0.0,0.0,0.03291572584568225,0.0,0.0,0.0,0.0,0.0,0.0,0.008228931461420563,0.0,0.0,0.0,0.2323641591085592,0.4283627171743386,0.6269147764200235,0.5300973990001683,0.522010920218627,0.7700269222259521,0.40544738767726246,"{""type"":""Point"",""coordinates"":[-50.049052783200764,-9.18343389665177]}"
000000000000000004d5,1,0.22994861662864144,0.48745169269127864,0.5964197677876334,0.5972365642091343,0.5272001624107361,0.8131926549068252,0.45456326025510485,0.0,0.0,0.0,0.05033061946438844,0.0,0.0,0.0,0.0,0.0,0.0,0.01258265486609711,0.0,0.0,0.0,0.22994861662864144,0.48745169269127864,0.5964197677876334,0.5469059447447459,0.5272001624107361,0.8131926549068252,0.45456326025510485,"{""type"":""Point"",""coordinates"":[-50.0482456859101,-9.18343389665177]}"
000000000000000004d6,1,0.23522982812344906,0.4503762939212953,0.6079242587283442,0.5785616843757868,0.5041539072990417,0.7845493928892505,0.4205683355886334,0.0,0.0,0.0,0.05232250778454939,0.0,0.0,0.0,0.0,0.0,0.0,0.013080626946137347,0.0,0.0,0.0,0.23522982812344906,0.4503762939212953,0.6079242587283442,0.5262391765912374,0.5041539072990417,0.7845493928892505,0.4205683355886334,"{""type"":""Point"",""coordinates"":[-50.04815204478797,-9.18343389665177]}"
000000000000000004d7,1,0.2405773428259761,0.43532371374667245,0.6627010879777929,0.5597767630221386,0.4984462261199951,0.7556380845190481,0.39469431093585616,0.0,0.0,0.0,0.0580578003543013,0.0,0.0,0.0,0.0,0.0,0.0,0.02902890017715065,0.0,0.0,0.0,0.2405773428259761,0.43532371374667245,0.6627010879777929,0.5017189626678373,0.4984462261199951,0.7556380845190481,0.39469431093585616,"{""type"":""Point"",""coordinates"":[-50.0480628627669,-9.18343389665177]}"
000000000000000004d9,1,0.218800249029813,0.5190181194078017,0.5593677461885983,0.6403418204460498,0.5595381120884179,0.8293425761549517,0.4724583558547491,0.0,0.0,0.0,0.03955612044117951,0.0,0.0325539432852312,0.0,0.0,0.0,0.0,0.019778060220589755,0.0,0.00651078865704624,0.0,0.218800249029813,0.5190181194078017,0.5593677461885983,0.6007857000048703,0.5595381120884179,0.7967886328697205,0.4724583558547491,"{""type"":""Point"",""coordinates"":[-50.04788449872476,-9.18343389665177]}"
000000000000000004e0,1,0.2350535181482535,0.5238404669479596,0.5377818638209914,0.6490144852963275,0.5501679217483885,0.8222418576252554,0.4756226805427468,0.0,0.0,0.0,0.035027854575240935,0.0,0.0,0.0,0.0,0.0,0.0,0.017513927287620468,0.0,0.0,0.0,0.2350535181482535,0.5238404669479596,0.5377818638209914,0.6139866307210866,0.5501679217483885,0.8222418576252554,0.4756226805427468,"{""type"":""Point"",""coordinates"":[-50.04833486793115,-9.183340255529648]}"
000000000000000004f1,1,0.22828472494091046,0.5148284344494034,0.5804130897272018,0.6184753384355675,0.5489755821562562,0.814044912517554,0.48086627540784116,0.0,0.0,0.0,0.03844619164703511,0.0,0.0,0.0,0.0,0.0,0.0,0.019223095823517555,0.0,0.0,0.0,0.22828472494091046,0.5148284344494034,0.5804130897272018,0.5800291467885323,0.5489755821562562,0.814044912517554,0.48086627540784116,"{""type"":""Point"",""coordinates"":[-50.047706134682635,-9.183251073508579]}"
000000000000000004f2,1,0.22936299716517997,0.497897509954243,0.6251159026359344,0.5922890219793941,0.5180762438556534,0.8334594260513143,0.442951753085762,0.0,0.03602161232034978,0.0,0.040444290456175036,0.0,0.06967386296989841,0.0,0.0,0.009005403080087446,0.0,0.020222145228087518,0.0,0.017418465742474604,0.0,0.22936299716517997,0.4618758976338932,0.6251159026359344,0.5518447315232191,0.5180762438556534,0.7637855630814159,0.442951753085762,"{""type"":""Point"",""coordinates"":[-50.047616952661556,-9.18325107350858]}"
000000000000000004f3,1,0.23619703050068613,0.49470601930872765,0.556060600712288,0.6375391882167317,0.5337681391089253,0.8040726152103161,0.45688597588890933,0.0,0.0,0.0,0.04392778963211641,0.0,0.0,0.0,0.0,0.0,0.0,0.021963894816058205,0.0,0.0,0.0,0.23619703050068613,0.49470601930872765,0.556060600712288,0.5936113985846153,0.5337681391089253,0.8040726152103161,0.45688597588890933,"{""type"":""Point"",""coordinates"":[-50.04842404995223,-9.18316189148751]}"
000000000000000004f4,1,0.22826836249214422,0.5313589309712743,0.5403677521316055,0.6497981795882655,0.5531348165892976,0.8132109009321239,0.47752731899679407,0.0,0.0,0.0,0.039897351989431895,0.0,0.0,0.0,0.0,0.0,0.0,0.019948675994715948,0.0,0.0,0.0,0.22826836249214422,0.5313589309712743,0.5403677521316055,0.6099008275988336,0.5531348165892976,0.8132109009321239,0.47752731899679407,"{""type"":""Point"",""coordinates"":[-50.04833486793115,-9.18316189148751]}"
000000000000000004f6,1,0.23139415073132985,0.49836578430279677,0.5508856861301286,0.637802121796105,0.5475222224051168,0.8078034119717287,0.4716543377036886,0.0,0.0,0.0,0.042665082879230654,0.0,0.0,0.0,0.0,0.0,0.0,0.021332541439615327,0.0,0.0,0.0,0.23139415073132985,0.49836578430279677,0.5508856861301286,0.5951370389168743,0.5475222224051168,0.8078034119717287,0.4716543377036886,"{""type"":""Point"",""coordinates"":[-50.04815204478797,-9.18316189148751]}"
000000000000000004fe,1,0.2372889104881219,0.43994604589657316,0.6457356332053822,0.5953179180941228,0.5001643850468646,0.7611438420675144,0.41113816608854314,0.0,0.0,0.0,0.039283383084084966,0.0,0.0,0.0,0.0,0.0,0.0,0.019641691542042483,0.0,0.0,0.0,0.2372889104881219,0.43994604589657316,0.6457356332053822,0.5560345350100379,0.5001643850468646,0.7611438420675144,0.41113816608854314,"{""type"":""Point"",""coordinates"":[-50.0482456859101,-9.183072709466444]}"
000000000000000004ff,1,0.2279513640496536,0.5151753412830364,0.546132999493086,0.6528317737701228,0.5564933274875875,0.8221207820273101,0.48256899736049597,0.0,0.0,0.0,0.05927777774494325,0.0,0.0,0.0,0.0,0.0,0.0,0.029638888872471625,0.0,0.0,0.0,0.2279513640496536,0.5151753412830364,0.546132999493086,0.5935539960251796,0.5564933274875875,0.8221207820273101,0.48256899736049597,"{""type"":""Point"",""coordinates"":[-50.04815204478797,-9.183072709466444]}"
00000000000000000501,1,0.22931091202791384,0.5298582223146353,0.5672877606047126,0.6245804296562646,0.5316737635268924,0.8160817232856766,0.4615924510008729,0.0,0.03390296589611641,0.0,0.03612891830776588,0.0,0.0,0.0,0.0,0.016951482948058205,0.0,0.01806445915388294,0.0,0.0,0.0,0.22931091202791384,0.4959552564185189,0.5672877606047126,0.5884515113484987,0.5316737635268924,0.8160817232856766,0.4615924510008729,"{""type"":""Point"",""coordinates"":[-50.047973680745834,-9.183072709466442]}"
0000000000000000050a,1,0.22302802878068342,0.5065201774153207,0.5648632548994839,0.6090952986703135,0.5456263080949183,0.8183044197710101,0.4703946331550739,0.0,0.0,0.0,0.03071085951982122,0.0,0.0,0.0,0.0,0.0,0.0,0.007677714879955305,0.0,0.0,0.0,0.22302802878068342,0.5065201774153207,0.5648632548994839,0.5783844391504923,0.5456263080949183,0.8183044197710101,0.4703946331550739,"{""type"":""Point"",""coordinates"":[-50.048062862766905,-9.182983527445373]}"
0000000000000000050c,1,0.24300523698388804,0.4884590682164464,0.623631843230043,0.607628512412558,0.5145351688067118,0.7927004394120185,0.42548136772517464,0.0,0.03135580449939013,0.0,0.09893350619226704,0.0,0.03603575599056563,0.0,0.0,0.007838951124847532,0.0,0.04946675309613352,0.0,0.009008938997641408,0.0,0.24300523698388804,0.4571032637170563,0.623631843230043,0.508695006220291,0.5145351688067118,0.7566646834214529,0.42548136772517464,"{""type"":""Point"",""coordinates"":[-50.04788449872476,-9.182983527445373]}"
00000000000000000518,1,0.2229722357177583,0.5060706749707415,0.5989472011009391,0.6296867821753916,0.5403139073090574,0.7950042987911564,0.4624689392673671,0.0,0.0,0.0,0.05108075984769922,0.0,0.0,0.0,0.0,0.0,0.0,0.02554037992384961,0.0,0.0,0.0,0.2229722357177583,0.5060706749707415,0.5989472011009391,0.5786060223276924,0.5403139073090574,0.7950042987911564,0.4624689392673671,"{""type"":""Point"",""coordinates"":[-50.047616952661556,-9.182894345424303]}"
0000000000000000051a,1,0.22732621018379004,0.4688730308438089,0.604207039901872,0.6080411230127062,0.5310099676345296,0.8007629610930518,0.4319170284805206,0.0,0.0,0.0,0.03694078600409367,0.0,0.0,0.0,0.0,0.0,0.0,0.018470393002046837,0.0,0.0,0.0,0.22732621018379004,0.4688730308438089,0.604207039901872,0.5711003370086125,0.5310099676345296,0.8007629610930518,0.4319170284805206,"{""type"":""Point"",""coordinates"":[-50.0482456859101,-9.182805163403234]}"
00000000000000000522,1,0.22654465113467928,0.4528878810954077,0.6673953278242691,0.5619984786144107,0.4995881442299458,0.8226744903965952,0.423230242649641,0.0,0.0,0.0,0.04622255978234968,0.0,0.05467687170811952,0.0,0.0,0.0,0.0,0.01155563994558742,0.0,0.018225623902706507,0.0,0.22654465113467928,0.4528878810954077,0.6673953278242691,0.515775918832061,0.4995881442299458,0.7679976186884757,0.423230242649641,"{""type"":""Point"",""coordinates"":[-50.047523311539436,-9.182805163403234]}"
0000000000000000052a,1,0.23392886325666162,0.4754865879139719,0.6030200993338374,0.5924855070231906,0.5136481292659121,0.8025671601264844,0.4504469587486444,0.0,0.0,0.0,0.05540207318990831,0.0,0.0,0.0,0.0,0.0,0.0,0.027701036594954154,0.0,0.0,0.0,0.23392886325666162,0.4754865879139719,0.6030200993338374,0.5370834338332823,0.5136481292659121,0.8025671601264844,0.4504469587486444,"{""type"":""Point"",""coordinates"":[-50.04761695266155,-9.182711522281112]}"
0000000000000000052b,1,0.22576152877215364,0.4425498182540177,0.6561222862501049,0.5542810001025928,0.5151643003548785,0.7725189702605691,0.4169395131947986,0.0,0.0,0.0,0.04082763618769636,0.0,0.0,0.0,0.0,0.0,0.0,0.01020690904692409,0.0,0.0,0.0,0.22576152877215364,0.4425498182540177,0.6561222862501049,0.5134533639148965,0.5151643003548785,0.7725189702605691,0.4169395131947986,"{""type"":""Point"",""coordinates"":[-50.04752331153944,-9.182711522281112]}"
00000000000000000541,1,0.20718177204578786,0.7207591625781118,0.4924851902847274,0.6703516673173715,0.5422000545939661,0.860571427725664,0.5984263762719779,0.0,0.035112850389370176,-0.03460341731020927,0.049206299694996014,0.0,0.043509288214555575,0.0,0.0,0.035112850389370176,-0.006920683462041855,0.009841259938999203,0.0,0.008701857642911115,0.0,0.20718177204578786,0.6856463121887416,0.5270886075949367,0.6211453676223755,0.5422000545939661,0.8170621395111084,0.5984263762719779,"{""type"":""Point"",""coordinates"":[-46.70228786484012,-1.3778800619189902]}"
00000000000000000545,1,0.2516018584135031,0.5718777210850847,0.5517306629428734,0.5844406137264012,0.5095656514167786,0.7844194173812866,0.49050173877017195,0.0,0.058155357908560745,-0.10203100646953733,0.06048783157231796,0.0,0.0,0.0,0.0,0.011631071581712149,-0.020406201293907467,0.012097566314463593,0.0,0.0,0.0,0.2516018584135031,0.513722363176524,0.6537616694124108,0.5239527821540833,0.5095656514167786,0.7844194173812866,0.49050173877017195,"{""type"":""Point"",""coordinates"":[-47.7168448320254,-3.9732953709761105]}"
00000000000000000546,1,0.2515614686189052,0.5119749854495185,0.6546072860291285,0.5698176666425732,0.48847925662994385,0.7887321826163343,0.45280279792768513,0.0,0.0,0.0,0.06658873787992192,0.0,0.0,0.0,0.0,0.0,0.0,0.022196245959973975,0.0,0.0,0.0,0.2515614686189052,0.5119749854495185,0.6546072860291285,0.5032289287626512,0.48847925662994385,0.7887321826163343,0.45280279792768513,"{""type"":""Point"",""coordinates"":[-47.716037734734726,-3.972934183790781]}"
0000000000000000054d,1,0.2262343448458435,0.6606645507890768,0.45925059197221696,0.6885089061673723,0.6062479242504697,0.8548444557422666,0.5672232217728859,0.0,0.0,-0.05216209580438347,0.07081852177940229,0.0,0.0,0.0,0.0,0.0,-0.010432419160876694,0.014163704355880458,0.0,0.0,0.0,0.2262343448458435,0.6606645507890768,0.5114126877766004,0.61769038438797,0.6062479242504697,0.8548444557422666,0.5672232217728859,"{""type"":""Point"",""coordinates"":[-50.56306673893464,-6.025766076664606]}"
00000000000000000557,1,0.24739412609200592,0.4502227384796573,0.6392411650432352,0.5765833455244816,0.5030947790147943,0.8352704598720938,0.40182887950771634,0.0,0.07808862861536231,-0.05982028135056594,0.11374723787314717,0.0,0.03716262571104845,0.0,0.0,0.015617725723072462,-0.014955070337641485,0.05687361893657358,0.0,0.018581312855524224,0.0,0.24739412609200592,0.372134109864295,0.6990614463938012,0.4628361076513345,0.5030947790147943,0.7981078341610454,0.40182887950771634,"{""type"":""Point"",""coordinates"":[-51.06971871882927,-6.5529834306177275]}"
00000000000000000558,1,0.26658560920382146,0.38377326555895924,0.7285466951101486,0.5382128001154428,0.4726961714473152,0.8113466716128582,0.38240225472516676,0.0,0.0,0.0,0.14099469238577195,0.0,0.03987658996462484,0.0,0.0,0.0,0.0,0.07049734619288597,0.0,0.01993829498231242,0.0,0.26658560920382146,0.38377326555895924,0.7285466951101486,0.39721810772967087,0.4726961714473152,0.7714700816482334,0.38240225472516676,"{""type"":""Point"",""coordinates"":[-51.06954035478713,-6.553166253760918]}"
00000000000000000560,1,0.25221936094353464,0.5153679074084476,0.8654287610043389,0.4706686735153198,0.38125298500728594,0.67408064869974,0.39594737665588753,0.0,0.12716350118316538,0.0,0.16363078159667638,0.0,0.0,0.0,0.0,0.12716350118316538,0.0,0.16363078159667638,0.0,0.0,0.0,0.25221936094353464,0.38820440622528224,0.8654287610043389,0.30703789191864345,0.38125298500728594,0.67408064869974,0.39594737665588753,"{""type"":""Point"",""coordinates"":[-47.705705997593896,-3.982904733746286]}"
0000000000000000058a,1,0.23248212186258538,0.509981013111355,0.6267870783660349,0.5068319010154995,0.5590353579748244,0.8211470246315002,0.47433161418960496,0.0,0.0,0.0,-0.08429799800946391,0.0,0.0,0.0,0.0,0.0,0.0,-0.01685959960189278,0.0,0.0,0.0,0.23248212186258538,0.509981013111355,0.6267870783660349,0.5911298990249634,0.5590353579748244,0.8211470246315002,0.47433161418960496,"{""type"":""Point"",""coordinates"":[-51.92850590891451,-6.505462790691154]}"
0000000000000000058c,1,0.25729953220022195,0.5312179666983495,0.6933316116825207,0.4475402179415977,0.4873477480594605,0.7298613415529842,0.47921765265674365,0.0,0.0,0.0,-0.07613033026922844,0.0,-0.06882659332250407,0.0,0.0,0.0,0.0,-0.015226066053845688,0.0,-0.013765318664500814,0.0,0.25729953220022195,0.5312179666983495,0.6933316116825207,0.5236705482108261,0.4873477480594605,0.7986879348754883,0.47921765265674365,"{""type"":""Point"",""coordinates"":[-51.92859509093558,-6.50492769856474]}"
0000000000000000058d,1,0.27019912007690805,0.5090931264553475,0.713205894893577,0.4372911224064469,0.471119520891783,0.7195193001907352,0.46407201945729754,0.0,0.0,0.0,-0.09419777949707314,0.0,-0.05223995370619172,0.0,0.0,0.0,0.0,-0.018839555899414627,0.0,-0.010447990741238344,0.0,0.27019912007690805,0.5090931264553475,0.713205894893577,0.53148890190352,0.471119520891783,0.7717592538969269,0.46407201945729754,"{""type"":""Point"",""coordinates"":[-51.92859509093557,-6.50465569340048]}"
0000000000000000058e,1,0.22335581768672205,0.5726272442212995,0.5598075971346111,0.5673904236643266,0.6028617841454752,0.8289447362522087,0.5223046785505792,0.0,0.0,0.0,-0.043594146939179734,0.0,0.0,0.0,0.0,0.0,0.0,-0.008718829387835947,0.0,0.0,0.0,0.22335581768672205,0.5726272442212995,0.5598075971346111,0.6109845706035063,0.6028617841454752,0.8289447362522087,0.5223046785505792,"{""type"":""Point"",""coordinates"":[-51.9286887320577,-6.505556431813275]}"
00000000000000000590,1,0.20564328607665783,0.614782742526137,0.5807913373670627,0.5994383491280282,0.49292582273483276,0.8047159075479301,0.5311750598728792,0.0,0.0,0.0,0.03478155505683067,0.0,0.0326100349168571,0.0,0.0,0.0,0.0,0.006956311011366134,0.0,0.00652200698337142,0.0,0.20564328607665783,0.614782742526137,0.5807913373670627,0.5646567940711975,0.49292582273483276,0.772105872631073,0.5311750598728792,"{""type"":""Point"",""coordinates"":[-46.77208617362972,-1.1512373326754965]}"
000000000000000005a4,1,0.23361535276748266,0.5809676438334831,0.5734818922718845,0.5884409175215665,0.562226489974708,0.8296006477147767,0.5149391973935463,0.0,0.0,-0.03989666032864658,0.04035352924451263,0.0,0.0,0.0,0.0,0.0,-0.013298886776215527,0.010088382311128158,0.0,0.0,0.0,0.23361535276748266,0.5809676438334831,0.6133785526005311,0.5480873882770538,0.562226489974708,0.8296006477147767,0.5149391973935463,"{""type"":""Point"",""coordinates"":[-50.53890287032601,-5.834154045296985]}"
000000000000000005a6,1,0.22592891914628432,0.5121524806951313,0.6001889203562715,0.5780507149786516,0.5364195108413696,0.810009744706331,0.4767354596622889,0.0,0.0,-0.08110359665053113,0.04947928811021285,0.0,0.0,0.0,0.0,0.0,-0.016220719330106225,0.00989585762204257,0.0,0.0,0.0,0.22592891914628432,0.5121524806951313,0.6812925170068026,0.5285714268684387,0.5364195108413696,0.810009744706331,0.4767354596622889,"{""type"":""Point"",""coordinates"":[-50.53836331909854,-5.83343613002738]}"
000000000000000005a9,1,0.23041034240295147,0.3609611601532975,0.565121645238837,0.6158957481384277,0.5418408569632256,0.7851177081297214,0.35691123912216705,0.0,0.0,-0.04561663748606748,0.03557669603298497,0.0,0.0,0.0,0.0,0.0,-0.02280831874303374,0.03557669603298497,0.0,0.0,0.0,0.23041034240295147,0.3609611601532975,0.6107382827249045,0.5803190521054428,0.5418408569632256,0.7851177081297214,0.35691123912216705,"{""type"":""Point"",""coordinates"":[-51.084991139937316,-6.501779573221008]}"
000000000000000005ab,1,0.2293388228219237,0.435196200878656,0.5441837200118081,0.6405457104879463,0.5572037829796197,0.814052438712454,0.41712946791622485,0.0,0.0,0.0,0.03801622726788756,0.0,0.0,0.0,0.0,0.0,0.0,0.01900811363394378,0.0,0.0,0.0,0.2293388228219237,0.435196200878656,0.5441837200118081,0.6025294832200587,0.5572037829796197,0.814052438712454,0.41712946791622485,"{""type"":""Point"",""coordinates"":[-51.08597660127013,-6.498096355750862]}"
000000000000000005ad,1,0.20581070281519245,0.4565120613562365,0.5142366685717996,0.6640100990586706,0.5558601263035331,0.8260086034239779,0.4332163371889915,0.0,0.0,0.0,0.03527171305014365,0.0,0.0,0.0,0.0,0.0,0.0,0.017635856525071825,0.0,0.0,0.0,0.20581070281519245,0.4565120613562365,0.5142366685717996,0.6287383860085269,0.5558601263035331,0.8260086034239779,0.4332163371889915,"{""type"":""Point"",""coordinates"":[-51.0860657832912,-6.5000761966185925]}"
000000000000000005af,1,0.21068464513594184,0.3864294204286691,0.5806307100618978,0.613949716091156,0.5343374547425619,0.7745081690871289,0.36712919290243934,0.0,0.0,0.0,0.030245359081832124,0.0,0.0,0.0,0.0,0.0,0.0,0.030245359081832124,0.0,0.0,0.0,0.21068464513594184,0.3864294204286691,0.5806307100618978,0.5837043570093239,0.5343374547425619,0.7745081690871289,0.36712919290243934,"{""type"":""Point"",""coordinates"":[-51.08516950397945,-6.494323956259646]}"
000000000000000005b0,1,0.2604255473109086,0.5799735926238111,0.7652671755725191,0.42166513204574585,0.5012240592392824,0.6701400279998779,0.5034481936865125,0.0,0.0,0.27912058234807563,-0.2415510664525845,0.0,-0.15526705482254266,0.0,0.0,0.0,0.27912058234807563,-0.2415510664525845,0.0,-0.15526705482254266,0.0,0.2604255473109086,0.5799735926238111,0.4861465932244435,0.6632161984983304,0.5012240592392824,0.8254070828224206,0.5034481936865125,"{""type"":""Point"",""coordinates"":[-47.98382458939837,-2.2112459168985437]}"
000000000000000005ba,1,0.24059673674442997,0.4349042521694099,0.7286389955114448,0.5262902814120409,0.39222023785114285,0.6967102384456916,0.4093584550127471,0.0,0.0,0.0,0.20855351963357194,0.0,0.11244225735013569,0.0,0.0,0.0,0.0,0.10427675981678597,0.0,0.056221128675067844,0.0,0.24059673674442997,0.4349042521694099,0.7286389955114448,0.317736761778469,0.39222023785114285,0.5842679810955559,0.4093584550127471,"{""type"":""Point"",""coordinates"":[-51.91125810603979,-6.452016005464552]}"
000000000000000005bd,1,0.22029030340192995,0.44577901688112503,0.7587724899930629,0.5146883837339381,0.41355538690549976,0.7587956502789299,0.39759911100261686,0.0,0.0,0.0,0.19584000823324899,0.0,0.1677237240994216,0.0,0.0,0.0,0.0,0.09792000411662449,0.0,0.0838618620497108,0.0,0.22029030340192995,0.44577901688112503,0.7587724899930629,0.3188483755006891,0.41355538690549976,0.5910719261795083,0.39759911100261686,"{""type"":""Point"",""coordinates"":[-51.911079741997646,-6.45210518748562]}"
000000000000000005c2,1,0.22526735842899578,0.4499921842775281,0.5891376753078597,0.6105363965034485,0.5311242341995239,0.7833604753163005,0.4174006687710982,0.0,0.0,0.0,0.03702647809831727,0.0,0.0,0.0,0.0,0.0,0.0,0.03702647809831727,0.0,0.0,0.0,0.22526735842899578,0.4499921842775281,0.5891376753078597,0.5735099184051312,0.5311242341995239,0.7833604753163005,0.4174006687710982,"{""type"":""Point"",""coordinates"":[-51.061451545476174,-6.542384147413686]}"
000000000000000005c4,1,0.21363689017605658,0.476083884696494,0.5433339466622102,0.6238125713709893,0.5613103325068891,0.7906139376036362,0.4431989990679264,0.0,0.0,0.0,0.03111921083750835,0.0,0.0,0.0,0.0,0.0,0.0,0.00622384216750167,0.0,0.0,0.0,0.21363689017605658,0.476083884696494,0.5433339466622102,0.592693360533481,0.5613103325068891,0.7906139376036362,0.4431989990679264,"{""type"":""Point"",""coordinates"":[-51.06235228388897,-6.542205783371548]}"
000000000000000005d3,1,0.218344668759604,0.5201144465575067,0.6144289016683092,0.5755807743162858,0.5089033824633817,0.773151335792563,0.4752454677105507,0.0,0.0,0.0,0.039295546252445135,0.0,0.0,0.0,0.0,0.0,0.0,0.019647773126222567,0.0,0.0,0.0,0.218344668759604,0.5201144465575067,0.6144289016683092,0.5362852280638407,0.5089033824633817,0.773151335792563,0.4752454677105507,"{""type"":""Point"",""coordinates"":[-52.03989871233065,-6.335682518081202]}"
000000000000000005da,1,0.2184667206493623,0.48768202784721615,0.6218245287392155,0.5757534232651342,0.5543377529732048,0.7648575234051996,0.429444243203484,0.0,0.0,-0.05267199512517595,0.13151329633202125,0.0,0.0,0.0,0.0,0.0,-0.017557331708391983,0.03287832408300531,0.0,0.0,0.0,0.2184667206493623,0.48768202784721615,0.6744965238643914,0.444240126933113,0.5543377529732048,0.7648575234051996,0.429444243203484,"{""type"":""Point"",""coordinates"":[-50.56836861008719,-5.773697553214364]}"
000000000000000005e2,1,0.19953455278628085,0.523400243846593,0.47240636282920967,0.706151438467552,0.5810359915097555,0.8332908749580383,0.48912610461859113,0.0,0.0,0.0,0.033506469207106315,0.0,0.0,0.0,0.0,0.0,0.0,0.016753234603553158,0.0,0.0,0.0,0.19953455278628085,0.523400243846593,0.47240636282920967,0.6726449692604457,0.5810359915097555,0.8332908749580383,0.48912610461859113,"{""type"":""Point"",""coordinates"":[-51.06774333706259,-6.5231609627722795]}"
000000000000000005ef,1,0.22391552871317758,0.5655486564287091,0.5359756356069516,0.6229575438932939,0.5214110016822815,0.8022327423095703,0.5006164705811226,0.0,0.0,-0.047458613785314796,0.05511112646623095,0.0,0.0,0.0,0.0,0.0,-0.009491722757062959,0.011022225293246191,0.0,0.0,0.0,0.22391552871317758,0.5655486564287091,0.5834342493922664,0.567846417427063,0.5214110016822815,0.8022327423095703,0.5006164705811226,"{""type"":""Point"",""coordinates"":[-47.71486945025871,-3.9849692975340307]}"
000000000000000005f4,1,0.2274823003337169,0.6671399045367288,0.5700136773580821,0.587564332485199,0.5778842952651421,0.8274632104006082,0.5799232922775082,0.0,0.0,0.05213161534313615,-0.04530129909515368,0.0,0.0,0.0,0.0,0.0,0.05213161534313615,-0.02265064954757684,0.0,0.0,0.0,0.2274823003337169,0.6671399045367288,0.5178820620149459,0.6328656315803527,0.5778842952651421,0.8274632104006082,0.5799232922775082,"{""type"":""Point"",""coordinates"":[-46.738312942250914,-1.1131476914769618]}"
000000000000000005f8,1,0.23258102578938927,0.5590875450781778,0.5428912636214447,0.6358150718856943,0.5981778076716832,0.8752467949021223,0.5455240404131133,0.0,-0.09037152504532808,0.0,0.04464863521348361,0.0,0.06056209037338223,0.0,0.0,-0.04518576252266404,0.0,0.008929727042696723,0.0,0.015140522593345557,0.0,0.23258102578938927,0.6494590701235059,0.5428912636214447,0.5911664366722107,0.5981778076716832,0.8146847045287401,0.5455240404131133,"{""type"":""Point"",""coordinates"":[-46.72250096991539,-1.3566814955109088]}"
00000000000000000601,1,0.2202393644862286,0.6235221690896785,0.5289994062795151,0.6589359287460895,0.5095318897931762,0.8263290562314703,0.5473461265992202,0.0,0.0,0.0,0.030793263133466864,0.0,0.0,0.0,0.0,0.0,0.0,0.007698315783366716,0.0,0.0,0.0,0.2202393644862286,0.6235221690896785,0.5289994062795151,0.6281426656126227,0.5095318897931762,0.8263290562314703,0.5473461265992202,"{""type"":""Point"",""coordinates"":[-46.34026682761402,-1.7721493179636212]}"
00000000000000000469,1,0.23751649593390564,0.44831660205790846,0.6404996138356939,0.5724031143859418,0.4885954600746558,0.7843363440879284,0.4458984810931594,0.0,0.0,0.0,0.05742907264844266,0.0,0.0,0.03019171669556653,0.0,0.0,0.0,0.014357268162110665,0.0,0.0,0.015095858347783264,0.23751649593390564,0.44831660205790846,0.6404996138356939,0.5149740417374992,0.4885954600746558,0.7843363440879284,0.41570676439759285,"{""type"":""Point"",""coordinates"":[-50.0489636011797,-9.183879806757115]}"
000000000000000005a7,1,0.25900703563920224,0.5947403910991235,0.5704747774480713,0.6369525707088866,0.5926382945440232,0.8319423533616276,0.5195799460015034,0.0,0.04569092898576754,0.0,0.03500325460610232,0.0,0.0,0.030222989409595724,0.0,0.04569092898576754,0.0,0.01750162730305116,0.0,0.0,0.015111494704797862,0.25900703563920224,0.5490494621133559,0.5704747774480713,0.6019493161027842,0.5926382945440232,0.8319423533616276,0.48935695659190764,"{""type"":""Point"",""coordinates"":[-50.53818495505641,-5.8328073967788425]}"
0000000000000000050b,1,0.22972695810909396,0.5133190289885793,0.5930004926407794,0.6142535325404884,0.5242913483194631,0.7994980818302031,0.47603875608963875,0.0,0.0426914277311089,0.0,0.030611822913218845,0.0,0.0,0.030632604904775484,0.0,0.02134571386555445,0.0,0.015305911456609422,0.0,0.0,0.015316302452387742,0.22972695810909396,0.4706276012574704,0.5930004926407794,0.5836417096272696,0.5242913483194631,0.7994980818302031,0.44540615118486326,"{""type"":""Point"",""coordinates"":[-50.047973680745834,-9.182983527445373]}"
00000000000000000441,1,0.2375335604635504,0.40518277474569037,0.6630878323991716,0.5387815035545143,0.4746231088376926,0.7408890339295888,0.4167550401417383,0.0,0.0,0.0,0.048383226683663516,0.0,0.0,0.030839939921036952,0.0,0.0,0.0,0.012095806670915879,0.0,0.0,0.007709984980259238,0.2375335604635504,0.40518277474569037,0.6630878323991716,0.49039827687085075,0.4746231088376926,0.7408890339295888,0.38591510022070136,"{""type"":""Point"",""coordinates"":[-50.04932032926397,-9.184062629900309]}"
00000000000000000000,1,0.15891194568210723,0.621423574230895,0.4898426323319027,0.6868912799185584,0.6362559199333191,0.8399907500442302,0.5749749842912498,0.0,0.0,0.0,0.03337732986781128,0.0,0.0,0.031322872566578064,0.0,0.0,0.0,0.011125776622603759,0.0,0.0,0.031322872566578064,0.15891194568210723,0.621423574230895,0.4898426323319027,0.6535139500507471,0.6362559199333191,0.8399907500442302,0.5436521117246718,"{""type"":""Point"",""coordinates"":[-48.42651522378236,-2.4817305276995176]}"
000000000000000000cf,0,0.19715029417296137,0.23861802914499025,1.1600542016745774,0.15039746463298798,0.19305308767515622,0.35667470572019944,0.246105363089612,0.0,0.0,0.0,0.06593418582552812,0.0,0.0,0.03142016648781487,0.0,0.0,0.0,0.06593418582552812,0.0,0.0,0.03142016648781487,0.19715029417296137,0.23861802914499025,1.1600542016745774,0.08446327880745985,0.19305308767515622,0.35667470572019944,0.21468519660179713,"{""type"":""Point"",""coordinates"":[-50.54007115480202,-5.832985760820981]}"
0000000000000000047b,1,0.2279060567549496,0.444464396545836,0.677864955337877,0.5327012488933579,0.48028327540895915,0.7643609992161546,0.42621565349915624,0.0,0.03660162534633887,0.0,0.06070292381134679,0.0,0.043004957015536416,0.032633383416437456,0.0,0.009150406336584718,0.0,0.015175730952836697,0.0,0.021502478507768208,0.008158345854109364,0.2279060567549496,0.40786277119949715,0.677864955337877,0.4719983250820111,0.48028327540895915,0.7213560422006182,0.3935822700827188,"{""type"":""Point"",""coordinates"":[-50.04923114724291,-9.183790624736048]}"
00000000000000000507,1,0.2305919801378776,0.4314933501921737,0.6433958079868521,0.5983777426206458,0.4978659731342852,0.8171017925802285,0.43634555359443183,0.0,0.0,0.0,0.05858193786346244,0.0,0.04656546335430933,0.03274666286599409,0.0,0.0,0.0,0.02929096893173122,0.0,0.01552182111810311,0.010915554288664697,0.2305919801378776,0.4314933501921737,0.6433958079868521,0.5397958047571834,0.4978659731342852,0.7705363292259192,0.40359889072843774,"{""type"":""Point"",""coordinates"":[-50.04833486793116,-9.182983527445373]}"
0000000000000000054f,1,0.2268821893212996,0.6972747473500684,0.41024892081482156,0.7120391892346186,0.6215059147050682,0.8710976839065552,0.599937014486668,0.0,0.041708391127916467,-0.03443712263946791,0.045403044445586405,0.0,0.0,0.032904095278254,0.0,0.041708391127916467,-0.011479040879822636,0.00908060888911728,0.0,0.0,0.032904095278254,0.2268821893212996,0.655566356222152,0.44468604345428947,0.6666361447890322,0.6215059147050682,0.8710976839065552,0.567032919208414,"{""type"":""Point"",""coordinates"":[-50.56064098796156,-6.0261228047488835]}"
00000000000000000429,1,0.22575669909179846,0.43552106133649837,0.7110803127311456,0.5207351339358586,0.45706439890822986,0.7561975367434097,0.4102599818736532,0.0,0.038674101481716294,0.0,0.051595717849920064,0.0,0.0,0.034444128438824995,0.0,0.009668525370429074,0.0,0.012898929462480016,0.0,0.0,0.008611032109706249,0.22575669909179846,0.3968469598547821,0.7110803127311456,0.4691394160859385,0.45706439890822986,0.7561975367434097,0.3758158534348282,"{""type"":""Point"",""coordinates"":[-50.04932032926397,-9.184240993942444]}"
0000000000000000046a,1,0.23871026994374483,0.4446932558257806,0.689151205518524,0.5531149457194448,0.45974186062812805,0.7518039345741272,0.4093836708983202,0.0,0.058998827196906856,0.0,0.07756221703610405,0.0,0.0,0.03466306060461971,0.0,0.019666275732302285,0.0,0.019390554259026013,0.0,0.0,0.008665765151154928,0.23871026994374483,0.38569442862887376,0.689151205518524,0.4755527286833407,0.45974186062812805,0.7518039345741272,0.37472061029370046,"{""type"":""Point"",""coordinates"":[-50.048874419158636,-9.183879806757115]}"
00000000000000000551,1,0.22998202400944284,0.642248499235756,0.45356124918723734,0.6977414377484704,0.5817138762922556,0.8775025794280649,0.5466711897991032,0.0,0.08149805757627682,-0.06727984200081832,0.04774694521764766,0.0,0.0,0.0350454930503975,0.0,0.04074902878813841,-0.013455968400163665,0.009549389043529533,0.0,0.0,0.01752274652519875,0.22998202400944284,0.5607504416594792,0.5208410911880557,0.6499944925308228,0.5817138762922556,0.8775025794280649,0.5116256967487057,"{""type"":""Point"",""coordinates"":[-50.56064098796156,-6.0280981865155585]}"
00000000000000000530,1,0.25059410944469274,0.45004677692981454,0.6759606820902758,0.5412732683727216,0.4874374675151728,0.7683056403158858,0.42288836351899933,0.0,0.03758373429295486,0.0,0.04165637219312657,0.0,0.04680594972909602,0.03577672243100971,0.0,0.009395933573238716,0.0,0.010414093048281642,0.0,0.011701487432274005,0.008944180607752428,0.25059410944469274,0.4124630426368597,0.6759606820902758,0.49961689617959504,0.4874374675151728,0.7214996905867898,0.3871116410879896,"{""type"":""Point"",""coordinates"":[-50.047523311539436,-9.182622340260044]}"
00000000000000000431,1,0.21868024473471398,0.3839651743851419,0.793676304503019,0.47402959215318596,0.40761852938198057,0.7423669525469868,0.3833084853130778,0.0,0.0,0.0,0.07051723254256875,0.0,0.0,0.03661959343954063,0.0,0.0,0.0,0.017629308135642188,0.0,0.0,0.009154898359885158,0.21868024473471398,0.3839651743851419,0.793676304503019,0.4035123596106172,0.40761852938198057,0.7423669525469868,0.3466888918735372,"{""type"":""Point"",""coordinates"":[-50.04950315240716,-9.184151811921378]}"
00000000000000000575,1,0.24417205797210775,0.6994463065749283,0.4934187799246828,0.675121362211636,0.572291073469189,0.8314792893722469,0.595455710715797,0.0,0.07537931014930466,0.0,0.04123827866280905,0.0,0.0,0.0384828939641888,0.0,0.015075862029860932,0.0,0.013746092887603015,0.0,0.0,0.012827631321396268,0.24417205797210775,0.6240669964256237,0.4934187799246828,0.6338830835488269,0.572291073469189,0.8314792893722469,0.5569728167516081,"{""type"":""Point"",""coordinates"":[-47.377012281641235,-2.297756936436447]}"
00000000000000000462,1,0.2347172956067777,0.43909103330251037,0.6879609360061097,0.5380274327700127,0.4555531090792147,0.7719040211982868,0.4121327289927732,0.0,0.040762521516908956,0.0,0.06195788946515085,0.0,0.03766783851631861,0.038682640308664584,0.0,0.010190630379227239,0.0,0.015489472366287713,0.0,0.009416959629079652,0.009670660077166146,0.2347172956067777,0.3983285117856014,0.6879609360061097,0.4760695433048619,0.4555531090792147,0.7342361826819682,0.3734500886841086,"{""type"":""Point"",""coordinates"":[-50.04959233442823,-9.183879806757115]}"
0000000000000000047d,1,0.22923360458375003,0.39922973671317574,0.7066218177501199,0.5152945639326235,0.4727744460105896,0.7788178160991477,0.39485415306763366,0.0,0.0,0.0,0.04470953854534121,0.0,0.0,0.03880517388643512,0.0,0.0,0.0,0.011177384636335302,0.0,0.0,0.00970129347160878,0.22923360458375003,0.39922973671317574,0.7066218177501199,0.4705850253872823,0.4727744460105896,0.7788178160991477,0.35604897918119854,"{""type"":""Point"",""coordinates"":[-50.04905278320077,-9.183790624736048]}"
000000000000000004b5,1,0.22178166904998547,0.4744405496311246,0.6310950245512779,0.5726315721158074,0.5252353217619369,0.7824490101764118,0.43868152417066375,0.0,0.06914010986166874,0.0,0.06234313864567187,0.0,0.06326473474040928,0.039069535726359295,0.0,0.03457005493083437,0.0,0.015585784661417967,0.0,0.01581618368510232,0.009767383931589824,0.22178166904998547,0.40530043976945584,0.6310950245512779,0.5102884334701355,0.5252353217619369,0.7191842754360025,0.39961198844430446,"{""type"":""Point"",""coordinates"":[-50.04788449872476,-9.183612260693907]}"
000000000000000005a2,1,0.23360675781475365,0.5193563980446264,0.5633540091186118,0.615876474163749,0.5873843908768086,0.83131615193703,0.4943293337744918,0.0,0.0,-0.053528580314028296,0.0774444720961831,0.0,0.0,0.03910931945551138,0.0,0.0,-0.013382145078507074,0.01548889441923662,0.0,0.0,0.007821863891102277,0.23360675781475365,0.5193563980446264,0.6168825894326401,0.5384320020675659,0.5873843908768086,0.83131615193703,0.4552200143189804,"{""type"":""Point"",""coordinates"":[-50.53944242155348,-5.8345107733812585]}"
000000000000000003ae,1,0.2548524241430771,0.6223138076067416,0.4437747006385153,0.6554451192414377,0.5602145967710459,0.8477813859264919,0.5749202051451026,0.0,0.0,-0.07164352340895674,0.07078421413637015,0.0,0.040160691428702044,0.039581069516969825,0.0,0.0,-0.07164352340895674,0.035392107068185075,0.0,0.020080345714351022,0.019790534758484912,0.2548524241430771,0.6223138076067416,0.5154182240474721,0.5846609051050675,0.5602145967710459,0.8076206944977898,0.5353391356281327,"{""type"":""Point"",""coordinates"":[-49.93802116696997,-6.380509860971493]}"
000000000000000005ae,1,0.23113379946432477,0.4744043386488781,0.5721367313942651,0.629673957824707,0.5429461924372688,0.805703067836977,0.4502079659293259,0.0,0.04962397972800481,-0.0540242246314977,0.03493603559700009,0.0,0.0,0.03962628391930423,0.0,0.024811989864002404,-0.013506056157874424,0.03493603559700009,0.0,0.0,0.019813141959652114,0.23113379946432477,0.4247803589208733,0.6261609560257628,0.5947379222277069,0.5429461924372688,0.805703067836977,0.41058168201002165,"{""type"":""Point"",""coordinates"":[-51.08561987318585,-6.503665772966616]}"
0000000000000000043f,1,0.23585208840070043,0.4429372504950604,0.7041192954311944,0.5189093195752246,0.44570169531283826,0.7628954781335244,0.42404150785781425,0.0,0.04015044699713438,0.0,0.059015931319391035,0.0,0.034198087894639406,0.0396349861676204,0.0,0.010037611749283595,0.0,0.014753982829847759,0.0,0.008549521973659852,0.0099087465419051,0.23585208840070043,0.402786803497926,0.7041192954311944,0.45989338825583354,0.44570169531283826,0.728697390238885,0.38440652169019385,"{""type"":""Point"",""coordinates"":[-50.04950315240716,-9.184062629900307]}"
00000000000000000477,1,0.2314407828055971,0.4498549959175152,0.6643317282035294,0.5582088380983921,0.4666866689822572,0.7823307256625115,0.4304001263320153,0.0,0.03743885124345431,0.0,0.07722997662681397,0.0,0.033973442224016326,0.04023253158366086,0.0,0.009359712810863577,0.0,0.019307494156703492,0.0,0.008493360556004081,0.010058132895915214,0.2314407828055971,0.4124161446740609,0.6643317282035294,0.4809788614715781,0.4666866689822572,0.7483572834384952,0.39016759474835444,"{""type"":""Point"",""coordinates"":[-50.04959233442824,-9.183790624736046]}"
0000000000000000048c,1,0.22839794814974607,0.4498549959175152,0.6643317282035294,0.5582088380983921,0.4666866689822572,0.7823307256625115,0.4304001263320153,0.0,0.03743885124345431,0.0,0.07722997662681397,0.0,0.033973442224016326,0.04023253158366086,0.0,0.009359712810863577,0.0,0.019307494156703492,0.0,0.008493360556004081,0.010058132895915214,0.22839794814974607,0.4124161446740609,0.6643317282035294,0.4809788614715781,0.4666866689822572,0.7483572834384952,0.39016759474835444,"{""type"":""Point"",""coordinates"":[-50.04959233442823,-9.183701442714977]}"
000000000000000002e8,1,0.2784264363601964,0.6571407547120902,0.5490614198219305,0.6387921765403517,0.49787189951803484,0.8186590015538734,0.5605004482509847,0.0,0.03446863493056607,0.0,0.0449797295874278,0.0,0.0,0.0402790744550412,0.0,0.03446863493056607,0.0,0.01124493239685695,0.0,0.0,0.0201395372275206,0.2784264363601964,0.6226721197815241,0.5490614198219305,0.5938124469529239,0.49787189951803484,0.8186590015538734,0.5202213737959435,"{""type"":""Point"",""coordinates"":[-46.34053883277827,-1.7632578704630504]}"
000000000000000005ac,1,0.205262385129465,0.44947868912798095,0.5192793568144242,0.661537465524158,0.5446912047657073,0.83946335584574,0.43208156218741756,0.0,0.047122017537542804,0.0,0.04308722657848085,0.0,0.03473033134061421,0.04045435975305639,0.0,0.015707339179180935,0.0,0.021543613289240426,0.0,0.017365165670307103,0.01348478658435213,0.205262385129465,0.40235667159043814,0.5192793568144242,0.6184502389456772,0.5446912047657073,0.8047330245051257,0.39162720243436117,"{""type"":""Point"",""coordinates"":[-51.08570905520692,-6.49890791214259]}"
000000000000000003cf,1,0.2217645205210702,0.5790533206872277,0.5612990529455169,0.5860131106991332,0.5138616561889648,0.8257259210067701,0.5120400930878208,0.0,0.08224924827171892,-0.0700168710830632,0.04809424501843862,0.0,0.0442319393859576,0.041367360806500664,0.0,0.016449849654343783,-0.01400337421661264,0.009618849003687724,0.0,0.0221159696929788,0.008273472161300133,0.2217645205210702,0.4968040724155088,0.6313159240285801,0.5379188656806946,0.5138616561889648,0.7814939816208125,0.47067273228132017,"{""type"":""Point"",""coordinates"":[-47.7168448320254,-3.973201729853988]}"
000000000000000004a2,1,0.22557554567860555,0.47657185612643016,0.6179928758914955,0.5707587509765919,0.5024019391209629,0.7812236958989301,0.45345154543643523,0.0,0.04135451525196421,0.0,0.04309664947834313,0.0,0.0,0.04145778631157715,0.0,0.010338628812991052,0.0,0.010774162369585782,0.0,0.0,0.010364446577894287,0.22557554567860555,0.43521734087446595,0.6179928758914955,0.5276621014982488,0.5024019391209629,0.7812236958989301,0.4119937591248581,"{""type"":""Point"",""coordinates"":[-50.04959233442823,-9.183612260693907]}"
000000000000000004fd,1,0.23127960965846456,0.4841896285184929,0.6201435993827976,0.599382200609941,0.5127083108031504,0.8116833970019105,0.45622574185997344,0.0,0.03809868180052023,0.0,0.05606917537878464,0.0,0.06030121657767351,0.041631776763977,0.0,0.019049340900260114,0.0,0.02803458768939232,0.0,0.030150608288836755,0.0208158883819885,0.23127960965846456,0.44609094671797267,0.6201435993827976,0.5433130252311563,0.5127083108031504,0.751382180424237,0.41459396509599644,"{""type"":""Point"",""coordinates"":[-50.04833486793116,-9.183072709466442]}"
0000000000000000001a,1,0.2060428427858254,0.5398723657201175,0.581463175901765,0.5913904696702957,0.5116230350450516,0.828084042640929,0.5180290686329792,0.0,0.0,-0.11168051080278207,0.10244067907333376,0.0,0.09859875042484412,0.042042883967746525,0.0,0.0,-0.02792012770069552,0.02561016976833344,0.0,0.02464968760621103,0.010510720991936631,0.2060428427858254,0.5398723657201175,0.6931436867045471,0.488949790596962,0.5116230350450516,0.7294852922160849,0.4759861846652326,"{""type"":""Point"",""coordinates"":[-48.42795105432157,-2.4850525579843343]}"
0000000000000000042e,1,0.22329956431830592,0.4527178271136011,0.6947322928025642,0.5565917737799014,0.45967479441390297,0.7745005047877834,0.4342064447315447,0.0,0.03388846460460948,0.0,0.08793463762146908,0.0,0.03815114759135907,0.042849157509276314,0.0,0.00847211615115237,0.0,0.02198365940536727,0.0,0.009537786897839767,0.010712289377319079,0.22329956431830592,0.4188293625089916,0.6947322928025642,0.46865713615843235,0.45967479441390297,0.7363493571964244,0.39135728722226837,"{""type"":""Point"",""coordinates"":[-50.048874419158636,-9.184240993942444]}"
0000000000000000046b,1,0.23741915115474885,0.424735579750255,0.6810705958752228,0.5351774621945835,0.4877684741163133,0.7631778381804912,0.41198423086936875,0.0,0.033403982900453266,0.0,0.07476179469188271,0.0,0.0,0.04323859023699417,0.0,0.008350995725113317,0.0,0.018690448672970678,0.0,0.0,0.010809647559248542,0.23741915115474885,0.39133159684980173,0.6810705958752228,0.4604156675027008,0.4877684741163133,0.7631778381804912,0.3687456406323746,"{""type"":""Point"",""coordinates"":[-50.04878077803651,-9.183879806757115]}"
0000000000000000048e,1,0.22363719924109401,0.4662412149034739,0.6386201639391292,0.5575474300521204,0.4715514616834044,0.79226679401612,0.44657874051597596,0.0,0.053017025196162915,0.0,0.06253589255148728,0.0,0.057315264794044474,0.04357110190690583,0.0,0.013254256299040729,0.0,0.01563397313787182,0.0,0.014328816198511118,0.010892775476726457,0.22363719924109401,0.413224189707311,0.6386201639391292,0.4950115375006331,0.4715514616834044,0.7349515292220755,0.40300763860907013,"{""type"":""Point"",""coordinates"":[-50.04940951128504,-9.183701442714975]}"
0000000000000000001b,1,0.2146056143591381,0.5338720418845521,0.5562366783158429,0.6280045899637822,0.529540270551253,0.7904499428888578,0.5468394655530856,0.0,0.0,-0.09892296115732746,0.21297867028795514,0.0,0.0,0.04370197877452997,0.0,0.0,-0.024730740289331865,0.042595734057591025,0.0,0.0,0.04370197877452997,0.2146056143591381,0.5338720418845521,0.6551596394731704,0.415025919675827,0.529540270551253,0.7904499428888578,0.5031374867785556,"{""type"":""Point"",""coordinates"":[-48.427861872300504,-2.4850525579843348]}"
000000000000000002f1,1,0.26503872497341247,0.6225670827485086,0.6074846787063165,0.5684612393379211,0.4960265679419604,0.808043573692534,0.5367253782436825,0.0,0.09391154829886927,0.0,0.055080186392038155,0.0,0.03365453717168332,0.04387444730185208,0.0,0.03130384943295642,0.0,0.055080186392038155,0.0,0.01682726858584166,0.02193722365092604,0.26503872497341247,0.5286555344496393,0.6074846787063165,0.513381052945883,0.4960265679419604,0.7743890365208507,0.4928509309418304,"{""type"":""Point"",""coordinates"":[-46.67614861446483,-1.073978947823493]}"
00000000000000000427,1,0.2045584074105954,0.3929122613990263,0.7729035410122354,0.4775701819510223,0.4281219033807054,0.7183279265014061,0.3789677817928034,0.0,0.04108260680252451,0.0,0.0734141757132889,0.0,0.03260711724107834,0.04390706594607152,0.0,0.010270651700631128,0.0,0.018353543928322225,0.0,0.008151779310269586,0.01097676648651788,0.2045584074105954,0.3518296545965018,0.7729035410122354,0.4041560062377334,0.4281219033807054,0.6857208092603277,0.33506071584673186,"{""type"":""Point"",""coordinates"":[-50.04950315240716,-9.184240993942444]}"
00000000000000000451,1,0.2357761485242456,0.44830826389737394,0.6536006497607405,0.5442473802000326,0.48139451212880885,0.768034889862254,0.42698613190206863,0.0,0.05547624331216705,0.0,0.06300722586069307,0.0,0.06332668189397472,0.04406197379978771,0.0,0.013869060828041763,0.0,0.015751806465173268,0.0,0.01583167047349368,0.011015493449946928,0.2357761485242456,0.3928320205852069,0.6536006497607405,0.48124015433933953,0.48139451212880885,0.7047082079682793,0.3829241581022809,"{""type"":""Point"",""coordinates"":[-50.049409511285035,-9.183973447879238]}"
0000000000000000040a,1,0.2520495066168197,0.6098239985241772,0.571446067044586,0.5929418206214905,0.4969916227945902,0.7874979162765027,0.525800473454692,0.0,0.14337680405525555,-0.1261418108866743,0.032128060398403435,0.0,0.03458169942622191,0.04483298687823245,0.0,0.02867536081105111,-0.025228362177334863,0.032128060398403435,0.0,0.006916339885244383,0.011208246719558113,0.2520495066168197,0.4664471944689217,0.6975878779312603,0.560813760223087,0.4969916227945902,0.7529162168502808,0.4809674865764596,"{""type"":""Point"",""coordinates"":[-47.264094465664826,-3.9603595188200647]}"
000000000000000005e0,1,0.2401072960424697,0.5143556532866944,0.5212101756702161,0.6405538537285544,0.5260273814201355,0.8108314037322998,0.4754963296957592,0.0,0.06114079446271953,-0.17343703901924679,0.10148730061270972,0.0,0.0,0.04489575055613004,0.0,0.012228158892543906,-0.03468740780384936,0.020297460122541945,0.0,0.0,0.01122393763903251,0.2401072960424697,0.4532148588239749,0.6946472146894629,0.5390665531158447,0.5260273814201355,0.8108314037322998,0.4306005791396292,"{""type"":""Point"",""coordinates"":[-51.06935753164393,-6.5213639450477405]}"
00000000000000000392,1,0.23972631637598732,0.6411836233848076,0.5215287870422152,0.6071235212947212,0.543920468252557,0.8070336229658054,0.5437706198620854,0.0,0.08464374188773016,0.0,-0.0428964224194206,0.0,-0.042336241190951585,0.04526541924727817,0.0,0.08464374188773016,0.0,-0.00857928448388412,0.0,-0.008467248238190317,0.04526541924727817,0.23972631637598732,0.5565398814970774,0.5215287870422152,0.6500199437141418,0.543920468252557,0.849369864156757,0.49850520061480724,"{""type"":""Point"",""coordinates"":[-47.66474469531693,-4.017489521516813]}"
00000000000000000303,1,0.22548929008245766,0.6091155497066656,0.6558008417398693,0.5122877359390259,0.491171499763365,0.7834360355435354,0.5451236313175888,0.0,0.05545533924793733,0.0,0.09126399556304032,0.0,0.0,0.04570936839444978,0.0,0.05545533924793733,0.0,0.09126399556304032,0.0,0.0,0.04570936839444978,0.22548929008245766,0.5536602104587283,0.6558008417398693,0.42102374037598556,0.491171499763365,0.7834360355435354,0.499414262923139,"{""type"":""Point"",""coordinates"":[-51.88071772292473,-6.442580547635459]}"
00000000000000000342,1,0.2299412799132971,0.562068926058902,0.746662359725786,0.5199788212776184,0.4820787326876375,0.7801218032836914,0.47051756672430145,0.0,0.1045131906191002,0.0,0.0730712753794342,0.0,0.03509850732188369,0.045992655546990446,0.0,0.1045131906191002,0.0,0.0730712753794342,0.0,0.03509850732188369,0.045992655546990446,0.2299412799132971,0.4575557354398018,0.746662359725786,0.4469075458981842,0.4820787326876375,0.7450232959618077,0.424524911177311,"{""type"":""Point"",""coordinates"":[-51.903262937850954,-6.46010035567445]}"
000000000000000004a6,1,0.22160202205663393,0.44268299834511576,0.6678227629535856,0.5508599592093565,0.49528957801519174,0.7780461098142337,0.4178496182945901,0.0,0.06295881430616962,0.0,0.06060345013714524,0.0,0.04461824248405222,0.046390961555977606,0.0,0.015739703576542405,0.0,0.01515086253428631,0.0,0.011154560621013054,0.011597740388994401,0.22160202205663393,0.37972418403894614,0.6678227629535856,0.49025650907221124,0.49528957801519174,0.7334278673301815,0.3714586567386125,"{""type"":""Point"",""coordinates"":[-50.04923114724291,-9.183612260693907]}"
0000000000000000034f,1,0.22819872881221437,0.6157977084126728,0.5216763702356899,0.6499890763306915,0.5801800224286532,0.8174487488382786,0.5889460651201531,0.0,0.0,-0.040770368992299466,0.0734108917570725,0.0,0.0,0.04668095860581856,0.0,0.0,-0.010192592248074867,0.014682178351414499,0.0,0.0,0.04668095860581856,0.22819872881221437,0.6157977084126728,0.5624467392279894,0.576578184573619,0.5801800224286532,0.8174487488382786,0.5422651065143346,"{""type"":""Point"",""coordinates"":[-48.27290365159221,-2.5243104836588723]}"
000000000000000004bb,1,0.23599058674059667,0.45822784996649113,0.6188756742417649,0.5753961238312895,0.5308279645985214,0.7802033669199913,0.43397610476373105,0.0,0.05211950755811512,0.0,0.04566580727579561,0.0,0.0,0.04700086646007451,0.0,0.01302987688952878,0.0,0.011416451818948903,0.0,0.0,0.011750216615018627,0.23599058674059667,0.406108342408376,0.6188756742417649,0.5297303165554939,0.5308279645985214,0.7802033669199913,0.38697523830365654,"{""type"":""Point"",""coordinates"":[-50.049141965221835,-9.18352307867284]}"
00000000000000000426,1,0.21576778823041176,0.4685733265038812,0.6910051064262327,0.53546759219092,0.46091478713035655,0.7832520582974722,0.4386115803144565,0.0,0.05794443128903348,0.0,0.09078744504452207,0.0,0.06742174399843592,0.04710558292695377,0.0,0.01448610782225837,0.0,0.02269686126113052,0.0,0.022473914666145307,0.011776395731738443,0.21576778823041176,0.41062889521484774,0.6910051064262327,0.4446801471463979,0.46091478713035655,0.7158303142990363,0.39150599738750275,"{""type"":""Point"",""coordinates"":[-50.0489636011797,-9.184330175963511]}"
000000000000000005a0,1,0.2457007764219292,0.7047746897902909,0.4843730816554429,0.6599580505337453,0.5333447456359863,0.8299746148428986,0.5986490924362257,0.0,0.03894812559770544,-0.09538822026188654,0.08188991336486107,0.0,0.0,0.04770701288284118,0.0,0.03894812559770544,-0.01907764405237731,0.016377982672972212,0.0,0.0,0.009541402576568237,0.2457007764219292,0.6658265641925855,0.5797613019173294,0.5780681371688843,0.5333447456359863,0.8299746148428986,0.5509420795533845,"{""type"":""Point"",""coordinates"":[-50.564056659368504,-6.027023543161679]}"
00000000000000000470,1,0.22948192664038755,0.4535113381793484,0.6864186714980951,0.5449929563976289,0.46792010443890303,0.768376510655039,0.4279490206815638,0.0,0.04986147072979735,0.0,0.07262781322493023,0.0,0.0,0.047890619238674326,0.0,0.012465367682449338,0.0,0.018156953306232557,0.0,0.0,0.011972654809668581,0.22948192664038755,0.40364986744955106,0.6864186714980951,0.4723651431726987,0.46792010443890303,0.768376510655039,0.3800584014428895,"{""type"":""Point"",""coordinates"":[-50.04833486793116,-9.183879806757114]}"
0000000000000000045c,1,0.23015850840595775,0.41832723901950297,0.6906855759461754,0.5459250222975053,0.4794775599159036,0.7974164847127426,0.42808936049834995,0.0,0.0,0.0,0.0674331285025555,0.0,0.07394028079201853,0.04834814846923374,0.0,0.0,0.0,0.016858282125638877,0.0,0.024646760264006178,0.016116049489744582,0.23015850840595775,0.41832723901950297,0.6906855759461754,0.4784918937949498,0.4794775599159036,0.7234762039207241,0.3797412120291162,"{""type"":""Point"",""coordinates"":[-50.048424049952224,-9.183973447879238]}"
00000000000000000412,1,0.24715528325056427,0.5391313998664394,0.6341725589261247,0.564338207244873,0.4482255192603117,0.7883396744728088,0.4800341991671555,0.0,0.05787897631198835,-0.0978876786407279,0.03363453442543518,0.0,0.03877961307616895,0.04898313346685251,0.0,0.019292992103996116,-0.01957753572814558,0.03363453442543518,0.0,0.03877961307616895,0.016327711155617503,0.24715528325056427,0.4812524235544511,0.7320602375668526,0.5307036728194379,0.4482255192603117,0.7495600613966399,0.431051065700303,"{""type"":""Point"",""coordinates"":[-47.264094465664826,-3.9601766956768714]}"
00000000000000000450,1,0.23098334764648104,0.45718242902804324,0.6677572525735893,0.5395563623655973,0.46109923368954153,0.763483010362522,0.4355710911602834,0.0,0.051074095191790736,0.0,0.0717333298963323,0.0,0.0396593307819334,0.04921616665329409,0.0,0.012768523797947684,0.0,0.017933332474083075,0.0,0.00991483269548335,0.012304041663323523,0.23098334764648104,0.4061083338362525,0.6677572525735893,0.46782303246926504,0.46109923368954153,0.7238236795805886,0.38635492450698933,"{""type"":""Point"",""coordinates"":[-50.04950315240716,-9.183973447879238]}"
00000000000000000555,1,0.2751058694260276,0.3655338270933884,0.8752068551288689,0.4124542583497388,0.3440113040126674,0.6476923962426993,0.359142770834676,0.0,0.0589024261681555,0.0,0.14641017286302038,0.0,0.16791524844751116,0.050603531399593005,0.0,0.0589024261681555,0.0,0.07320508643151019,0.0,0.03358304968950223,0.050603531399593005,0.2751058694260276,0.3066314009252329,0.8752068551288689,0.26604408548671843,0.3440113040126674,0.4797771477951881,0.308539239435083,"{""type"":""Point"",""coordinates"":[-51.07007544691354,-6.552537520512381]}"
00000000000000000424,1,0.226155008262084,0.42845529732700727,0.7487740474766454,0.5152695644507784,0.4481072693566315,0.7577705570855587,0.4024415887652534,0.0,0.06351462744304065,0.0,0.09793823152870684,0.0,0.057464722315013206,0.051519620138564204,0.0,0.015878656860760162,0.0,0.02448455788217671,0.0,0.014366180578753301,0.012879905034641051,0.226155008262084,0.3649406698839666,0.7487740474766454,0.4173313329220716,0.4481072693566315,0.7003058347705455,0.3509219686266892,"{""type"":""Point"",""coordinates"":[-50.049141965221835,-9.184330175963513]}"
00000000000000000598,1,0.21667546659657852,0.598997585841828,0.5615138121521626,0.6125365415551283,0.5187402963638306,0.8263184020166912,0.5372116802548499,0.0,0.08104149329773624,-0.07539590119392936,0.08693467769404428,0.0,0.04934467765145678,0.05240170536366817,0.0,0.01620829865954725,-0.015079180238785872,0.017386935538808858,0.0,0.009868935530291357,0.010480341072733634,0.21667546659657852,0.5179560925440918,0.6369097133460919,0.525601863861084,0.5187402963638306,0.7769737243652344,0.4848099748911817,"{""type"":""Point"",""coordinates"":[-50.56306673893464,-6.019746290242455]}"
000000000000000004a0,1,0.23149791520742996,0.5021639571238785,0.6166894618055565,0.5850485390182815,0.5234454192743689,0.8114108511227238,0.46050154683317446,0.0,0.07141681096406188,0.0,0.08873564233640113,0.0,0.0856859448882401,0.052660408803029135,0.0,0.01785420274101547,0.0,0.022183910584100283,0.0,0.021421486222060027,0.013165102200757284,0.23149791520742996,0.43074714615981663,0.6166894618055565,0.49631289668188033,0.5234454192743689,0.7257249062344837,0.4078411380301453,"{""type"":""Point"",""coordinates"":[-50.0477953167037,-9.183701442714977]}"
00000000000000000422,1,0.2522435507475649,0.39329023901306187,0.8023538349624424,0.4793293845597988,0.4178275337615139,0.7119392628835075,0.38248377487000573,0.0,0.04485877418134643,0.0,0.1025549118803909,0.0,0.04283030326380721,0.054318876054211374,0.0,0.011214693545336607,0.0,0.034184970626796964,0.0,0.010707575815951803,0.018106292018070458,0.2522435507475649,0.34843146483171544,0.8023538349624424,0.3767744726794079,0.4178275337615139,0.6691089596197003,0.32816489881579436,"{""type"":""Point"",""coordinates"":[-50.04932032926397,-9.184330175963513]}"
00000000000000000452,1,0.2395792064373255,0.432605675190568,0.690400385945245,0.5286951431833993,0.4528774629423002,0.7672416367320133,0.4157949824423621,0.0,0.04936198885238435,0.0,0.06112569357735531,0.0,0.04204157549757326,0.055130578682164144,0.0,0.012340497213096088,0.0,0.015281423394338828,0.0,0.010510393874393315,0.013782644670541036,0.2395792064373255,0.3832436863381836,0.690400385945245,0.46756944960604396,0.4528774629423002,0.72520006123444,0.360664403760198,"{""type"":""Point"",""coordinates"":[-50.04932032926397,-9.183973447879238]}"
00000000000000000437,1,0.23068206810056865,0.5084125434987369,0.6463175804610307,0.577200965099745,0.47686676367652064,0.7737666837980379,0.4744359465521444,0.0,0.07707262288331701,0.0,0.07284350723276034,0.0,0.0,0.055423429421712356,0.0,0.019268155720829253,0.0,0.018210876808190085,0.0,0.0,0.013855857355428089,0.23068206810056865,0.43133992061541987,0.6463175804610307,0.5043574578669846,0.47686676367652064,0.7737666837980379,0.419012517130432,"{""type"":""Point"",""coordinates"":[-50.0489636011797,-9.184151811921376]}"
00000000000000000322,1,0.24256524750015934,0.46279541469844804,0.8052792141630399,0.45673641562461853,0.4290145722980501,0.7023550271987915,0.4354509359047079,0.0,0.0,0.0,0.22086069787583962,0.0,0.06604644101628754,0.05548916173059648,0.0,0.0,0.0,0.22086069787583962,0.0,0.06604644101628754,0.05548916173059648,0.24256524750015934,0.46279541469844804,0.8052792141630399,0.2358757177487789,0.4290145722980501,0.636308586182504,0.3799617741741114,"{""type"":""Point"",""coordinates"":[-48.4086386876591,-2.4786760434779067]}"
000000000000000004a4,1,0.227208043732151,0.4678610871644394,0.6294030907316046,0.5626784717655903,0.4962951887545672,0.8071816272745531,0.446574843018813,0.0,0.06457016035271179,0.0,0.054576693723830894,0.0,0.07635526340029641,0.055900045121202335,0.0,0.016142540088177948,0.0,0.013644173430957723,0.0,0.02545175446676547,0.013975011280300584,0.227208043732151,0.4032909268117276,0.6294030907316046,0.5081017780417594,0.4962951887545672,0.7308263638742567,0.39067479789761067,"{""type"":""Point"",""coordinates"":[-50.04940951128504,-9.183612260693907]}"
00000000000000000473,1,0.22249301337611802,0.4128705594097478,0.71503783007196,0.52000282356918,0.4601860906831335,0.7442511614726918,0.4010175338493085,0.0,0.05119601488001774,0.0,0.07780828441091636,0.0,0.05779792012568041,0.055937531531083606,0.0,0.012799003720004434,0.0,0.01945207110272909,0.0,0.014449480031420103,0.013984382882770902,0.22249301337611802,0.3616745445297301,0.71503783007196,0.4421945391582637,0.4601860906831335,0.6864532413470114,0.3450800023182249,"{""type"":""Point"",""coordinates"":[-50.0480628627669,-9.183879806757115]}"
00000000000000000428,1,0.24239735595931525,0.42411254083869776,0.7708549283174738,0.4908318735876827,0.42067387598304967,0.7495787766452492,0.4017034390994773,0.0,0.07093945580264355,0.0,0.08427587407776521,0.0,0.0,0.05697871934098042,0.0,0.017734863950660887,0.0,0.021068968519441303,0.0,0.0,0.014244679835245105,0.24239735595931525,0.3531730850360542,0.7708549283174738,0.4065559995099175,0.42067387598304967,0.7495787766452492,0.3447247197584969,"{""type"":""Point"",""coordinates"":[-50.04940951128504,-9.184240993942444]}"
00000000000000000548,1,0.27165373252927894,0.5273785487201452,0.9237806178525646,0.45439425110816956,0.3696673904522603,0.6643002033233643,0.4361562453385889,0.0,0.12618994910927372,0.0,0.141048855288459,0.0,0.08990298679631625,0.05715669813820312,0.0,0.12618994910927372,0.0,0.141048855288459,0.0,0.08990298679631625,0.05715669813820312,0.27165373252927894,0.4011885996108715,0.9237806178525646,0.31334539581971055,0.3696673904522603,0.574397216527048,0.37899954720038576,"{""type"":""Point"",""coordinates"":[-47.37835893015937,-2.306380837873812]}"
000000000000000004a7,1,0.2403502166234722,0.44466066310921676,0.6305531345769949,0.5726481028799522,0.5217250453881924,0.7940535279934905,0.4359707035872477,0.0,0.047153926994078055,0.0,0.04979201642270803,0.0,0.0546093236266989,0.059021046274836564,0.0,0.011788481748519514,0.0,0.012448004105677007,0.0,0.0182031078755663,0.019673682091612188,0.2403502166234722,0.3975067361151387,0.6305531345769949,0.5228560864572441,0.5217250453881924,0.7394442043667916,0.37694965731241115,"{""type"":""Point"",""coordinates"":[-50.049141965221835,-9.183612260693907]}"
000000000000000005f2,1,0.21107111237576867,0.6016912000090076,0.5017927674463009,0.6473339050848317,0.5754933340828465,0.8402726161292824,0.5672504501990896,0.0,0.0,-0.03210973173116316,0.03537550558986158,0.0,0.03388971439523958,0.05962459787980734,0.0,0.0,-0.01605486586558158,0.01768775279493079,0.0,0.01129657146507986,0.02981229893990367,0.21107111237576867,0.6016912000090076,0.533902499177464,0.6119583994949701,0.5754933340828465,0.8063829017340428,0.5076258523192823,"{""type"":""Point"",""coordinates"":[-46.73912003954159,-1.112969327434824]}"
00000000000000000465,1,0.21875872206376495,0.44388043794978554,0.6466740790483261,0.5406966100783329,0.48055053182043284,0.7463756255997362,0.4435063861251064,0.0,0.0,0.0,0.04016691565202657,0.0,0.0,0.06022814980245006,0.0,0.0,0.0,0.010041728913006642,0.0,0.0,0.02007604993415002,0.21875872206376495,0.44388043794978554,0.6466740790483261,0.5005296944263063,0.48055053182043284,0.7463756255997362,0.38327823632265634,"{""type"":""Point"",""coordinates"":[-50.04932032926397,-9.183879806757115]}"
0000000000000000047a,1,0.22959333043379124,0.44388043794978554,0.6466740790483261,0.5406966100783329,0.48055053182043284,0.7463756255997362,0.4435063861251064,0.0,0.0,0.0,0.04016691565202657,0.0,0.0,0.06022814980245006,0.0,0.0,0.0,0.010041728913006642,0.0,0.0,0.02007604993415002,0.22959333043379124,0.44388043794978554,0.6466740790483261,0.5005296944263063,0.48055053182043284,0.7463756255997362,0.38327823632265634,"{""type"":""Point"",""coordinates"":[-50.04932032926397,-9.183790624736048]}"
0000000000000000045f,1,0.2241184619473487,0.4457043759133771,0.6758984233715157,0.5539885684035375,0.47656874925179993,0.7352032271226162,0.442784012007372,0.0,0.0,0.0,0.0832746204464252,0.0,0.0,0.06124961217894598,0.0,0.0,0.0,0.0208186551116063,0.0,0.0,0.020416537392981993,0.2241184619473487,0.4457043759133771,0.6758984233715157,0.4707139479571123,0.47656874925179993,0.7352032271226162,0.381534399828426,"{""type"":""Point"",""coordinates"":[-50.04815204478797,-9.183973447879238]}"
00000000000000000410,1,0.253934626498268,0.5682295044443597,0.6078914164628617,0.5545513033866882,0.4561222789510121,0.7327447530321146,0.4953699059515896,0.0,0.06748328014932603,-0.08726350080253098,0.042476120302414766,0.0,0.0,0.06324777310677565,0.0,0.06748328014932603,-0.08726350080253098,0.042476120302414766,0.0,0.0,0.031623886553387826,0.253934626498268,0.5007462242950337,0.6951549172653927,0.5120751830842735,0.4561222789510121,0.7327447530321146,0.43212213284481393,"{""type"":""Point"",""coordinates"":[-47.263916101622684,-3.9602658776979407]}"
0000000000000000048d,1,0.2294711330979912,0.48212427977101324,0.6546228696114854,0.5638919140164371,0.4778490009322706,0.7936708403281119,0.4634054721112127,0.0,0.049814781653710394,0.0,0.08964955789506135,0.0,0.04347567712417566,0.06355626389894159,0.0,0.012453695413427598,0.0,0.022412389473765337,0.0,0.010868919281043915,0.021185421299647195,0.2294711330979912,0.43230949811730285,0.6546228696114854,0.4742423561213758,0.4778490009322706,0.7501951632039362,0.3998492082122711,"{""type"":""Point"",""coordinates"":[-50.04950315240716,-9.183701442714977]}"
0000000000000000045d,1,0.23730267365270777,0.43338617017842407,0.6917771671365759,0.5478176337342153,0.4787766761319713,0.7934865500656576,0.42788848799469176,0.0,0.0514349367193887,0.0,0.06768791032827459,0.0,0.0810491322881467,0.06409676365887979,0.0,0.012858734179847175,0.0,0.016921977582068648,0.0,0.027016377429382232,0.021365587886293263,0.23730267365270777,0.38195123345903537,0.6917771671365759,0.48012972340594073,0.4787766761319713,0.7124374177775109,0.363791724335812,"{""type"":""Point"",""coordinates"":[-50.04833486793116,-9.183973447879238]}"
0000000000000000049f,1,0.23033960292493477,0.495956966073268,0.6456034230914561,0.5694899046204815,0.5065949437020713,0.8103510851231805,0.4641887781603403,0.0,0.08050325354116866,0.0,0.0866464113324204,0.0,0.07565347932481437,0.06547370328333518,0.0,0.04025162677058433,0.0,0.0216616028331051,0.0,0.01891336983120359,0.03273685164166759,0.23033960292493477,0.41545371253209934,0.6456034230914561,0.48284349328806114,0.5065949437020713,0.7346976057983662,0.39871507487700514,"{""type"":""Point"",""coordinates"":[-50.04788449872476,-9.183701442714977]}"
00000000000000000519,1,0.25947920126495183,0.5123242264637081,0.6283443553004262,0.5892459980463598,0.5102143118332141,0.8204017697660012,0.47568603661214015,0.0,0.05460756565436209,0.0,0.05910241234263025,0.0,0.08320759123228771,0.06709099602275898,0.0,0.018202521884787364,0.0,0.029551206171315125,0.0,0.016641518246457543,0.016772749005689744,0.25947920126495183,0.45771666080934603,0.6283443553004262,0.5301435857037295,0.5102143118332141,0.7371941785337135,0.4085950405893812,"{""type"":""Point"",""coordinates"":[-50.04752331153944,-9.182894345424302]}"
0000000000000000056c,1,0.2761270047213794,0.6448730359669372,0.641309916627288,0.5446062675437114,0.4213539833429021,0.7944987244501314,0.5621792936915184,0.0,0.08329137998875591,-0.098300771892055,0.08763491590069622,0.0,0.10922850793278283,0.0675866098730245,0.0,0.08329137998875591,-0.0491503859460275,0.04381745795034811,0.0,0.05461425396639141,0.0675866098730245,0.2761270047213794,0.5615816559781813,0.739610688519343,0.4569713516430152,0.4213539833429021,0.6852702165173485,0.4945926838184939,"{""type"":""Point"",""coordinates"":[-46.7012087623852,-1.3762658673376427]}"
0000000000000000049b,1,0.23277228091511085,0.4586098176669876,0.6835179385191124,0.5405479170671844,0.4893434623169513,0.7821101871991936,0.44241621467039893,0.0,0.059718316393313986,0.0,0.054916942768570454,0.0,0.06092981709592271,0.06885294376860351,0.0,0.014929579098328497,0.0,0.013729235692142613,0.0,0.015232454273980678,0.02295098125620117,0.23277228091511085,0.3988915012736736,0.6835179385191124,0.48563097429861396,0.4893434623169513,0.7211803701032709,0.3735632709017954,"{""type"":""Point"",""coordinates"":[-50.0482456859101,-9.183701442714977]}"
000000000000000002f4,1,0.24989668419205135,0.6102389495011085,0.6452360302208967,0.56950443983078,0.48271733914703036,0.7962577939033508,0.5357899059576019,0.0,0.10331717170305754,0.0,0.08727523916580693,0.0,0.0709167567644059,0.06951993331080863,0.0,0.10331717170305754,0.0,0.08727523916580693,0.0,0.0709167567644059,0.06951993331080863,0.24989668419205135,0.5069217777980509,0.6452360302208967,0.4822292006649731,0.48271733914703036,0.7253410371389449,0.46626997264679326,"{""type"":""Point"",""coordinates"":[-46.67623779648589,-1.073889765802424]}"
00000000000000000445,1,0.2372692823117853,0.4656265870892355,0.606588667546409,0.5983693633641076,0.5068435073350652,0.768685963086852,0.47600500919172556,0.0,0.0,0.0,0.06955961093411056,0.0,0.0,0.07006412101443421,0.0,0.0,0.0,0.023186536978036854,0.0,0.0,0.017516030253608553,0.2372692823117853,0.4656265870892355,0.606588667546409,0.5288097524299971,0.5068435073350652,0.768685963086852,0.40594088817729135,"{""type"":""Point"",""coordinates"":[-50.04896360117969,-9.184062629900307]}"
00000000000000000456,1,0.2355494674804963,0.4656265870892355,0.606588667546409,0.5983693633641076,0.5068435073350652,0.768685963086852,0.47600500919172556,0.0,0.0,0.0,0.06955961093411056,0.0,0.0,0.07006412101443421,0.0,0.0,0.0,0.023186536978036854,0.0,0.0,0.017516030253608553,0.2355494674804963,0.4656265870892355,0.606588667546409,0.5288097524299971,0.5068435073350652,0.768685963086852,0.40594088817729135,"{""type"":""Point"",""coordinates"":[-50.04896360117969,-9.183973447879238]}"
00000000000000000488,1,0.2346760046388396,0.4578412571699119,0.6946568957080128,0.5460593133629865,0.4838560862143638,0.8008368809812451,0.42632926259639203,0.0,0.09343120668359717,0.0,0.08092502830895903,0.0,0.0810998833040475,0.07037142519335932,0.0,0.023357801670899292,0.0,0.02023125707723976,0.0,0.020274970826011873,0.01759285629833983,0.2346760046388396,0.36441005048631475,0.6946568957080128,0.4651342850540275,0.4838560862143638,0.7197369976771976,0.3559578374030327,"{""type"":""Point"",""coordinates"":[-50.048062862766905,-9.183790624736048]}"
0000000000000000043b,1,0.22627562600545126,0.43042381989613965,0.7349894545273131,0.516539339304428,0.4589491717748631,0.766205628456047,0.41400563711572097,0.0,0.07850138691913139,0.0,0.10134603714267798,0.0,0.05774450503777595,0.0734417735332843,0.0,0.019625346729782847,0.0,0.025336509285669495,0.0,0.014436126259443988,0.018360443383321073,0.22627562600545126,0.35192243297700826,0.7349894545273131,0.41519330216175,0.4589491717748631,0.708461123418271,0.3405638635824367,"{""type"":""Point"",""coordinates"":[-50.04860241399437,-9.184151811921376]}"
0000000000000000056b,1,0.2512646928153347,0.6633896899333328,0.6848352774208409,0.6054854961230204,0.4382469255504442,0.7987608437469464,0.5725342768686421,0.0,0.09851235205695674,0.0,0.1679097247087032,0.0,0.11607380195311434,0.0742795625714861,0.0,0.09851235205695674,0.0,0.0839548623543516,0.0,0.05803690097655717,0.0742795625714861,0.2512646928153347,0.5648773378763761,0.6848352774208409,0.4375757714143172,0.4382469255504442,0.6826870417938321,0.498254714297156,"{""type"":""Point"",""coordinates"":[-46.70120876238519,-1.3761722262155207]}"
00000000000000000464,1,0.2299718845515621,0.45813266683429377,0.6459825817270773,0.5530005491249282,0.4659755501737379,0.782557388043262,0.45151058130228,0.0,0.05967544428109778,0.0,0.061824585603615145,0.0,0.059824823586615894,0.0759887868728163,0.0,0.014918861070274445,0.0,0.015456146400903786,0.0,0.014956205896653973,0.0253295956242721,0.2299718845515621,0.398457222553196,0.6459825817270773,0.4911759635213131,0.4659755501737379,0.7227325644566461,0.3755217944294637,"{""type"":""Point"",""coordinates"":[-50.049409511285035,-9.183879806757115]}"
00000000000000000479,1,0.2326502712727018,0.45813266683429377,0.6459825817270773,0.5530005491249282,0.4659755501737379,0.782557388043262,0.45151058130228,0.0,0.05967544428109778,0.0,0.061824585603615145,0.0,0.059824823586615894,0.0759887868728163,0.0,0.014918861070274445,0.0,0.015456146400903786,0.0,0.014956205896653973,0.0253295956242721,0.2326502712727018,0.398457222553196,0.6459825817270773,0.4911759635213131,0.4659755501737379,0.7227325644566461,0.3755217944294637,"{""type"":""Point"",""coordinates"":[-50.049409511285035,-9.183790624736048]}"
00000000000000000581,1,0.2516398116446261,0.6178419615079299,0.6293218214658883,0.6133296264602125,0.4585552298840839,0.7438681365529808,0.5349905153545149,0.0,0.103876945812575,0.0,0.19225130879484414,0.0,0.0,0.0773290253702415,0.0,0.0519384729062875,0.0,0.09612565439742207,0.0,0.0,0.03866451268512075,0.2516398116446261,0.5139650156953549,0.6293218214658883,0.42107831766536835,0.4585552298840839,0.7438681365529808,0.4576614899842734,"{""type"":""Point"",""coordinates"":[-47.98211675369489,-2.212507842496669]}"
00000000000000000362,1,0.2586393888791575,0.5166314656132464,0.8099758401587693,0.38558827995477574,0.4356094494606054,0.692602379591138,0.4524820108296501,0.0,0.12061182212905869,0.06509452976971031,-0.04122486059009911,0.0,0.0,0.07814859541757635,0.0,0.060305911064529344,0.013018905953942062,-0.008244972118019823,0.0,0.0,0.039074297708788175,0.2586393888791575,0.39601964348418767,0.744881310389059,0.42681314054487485,0.4356094494606054,0.692602379591138,0.37433341541207377,"{""type"":""Point"",""coordinates"":[-46.676237796485886,-1.0740725889456155]}"
000000000000000003a3,1,0.2325267034247849,0.7002655814974788,0.4635133199719006,0.6380068063735962,0.5537085635349891,0.8041463774091481,0.6115542234361885,0.0,0.08206912333538863,-0.06366864394255611,0.03901124317939797,0.0,0.0,0.08854297238219233,0.0,0.020517280833847157,-0.06366864394255611,0.03901124317939797,0.0,0.0,0.017708594476438466,0.2325267034247849,0.6181964581620901,0.5271819639144567,0.5989955631941982,0.5537085635349891,0.8041463774091481,0.5230112510539962,"{""type"":""Point"",""coordinates"":[-49.937749161805705,-6.380688225013631]}"
00000000000000000060,0,0.26225342052135114,0.478518398158942,0.8924813163019959,0.370631225648444,0.41119394598872994,0.6664741039276123,0.47886627339610216,0.0,0.0,0.16984475854329473,-0.06336138075299957,0.0,0.05521990577554381,0.09035084390644532,0.0,0.0,0.05661491951443157,-0.03168069037649979,0.0,0.05521990577554381,0.09035084390644532,0.26225342052135114,0.478518398158942,0.7226365577587012,0.43399260640144355,0.41119394598872994,0.6112541981520685,0.38851542948965684,"{""type"":""Point"",""coordinates"":[-46.700852034300915,-1.376444231379781]}"
0000000000000000053b,1,0.27989364993166904,0.5406939852657722,0.6513595200364015,0.5796099870403562,0.3813962932446841,0.7917334919596677,0.5319897632757519,0.0,0.12548609942311267,-0.5391284445595026,0.48320936352014077,0.0,0.1789841896178469,0.09098904426134413,0.0,0.03137152485577817,-0.10782568891190052,0.12080234088003519,0.0,0.08949209480892345,0.09098904426134413,0.27989364993166904,0.4152078858426595,1.1904879645959041,0.09640062352021539,0.3813962932446841,0.6127493023418208,0.44100071901440774,"{""type"":""Point"",""coordinates"":[-46.701748313612654,-1.3770729646283164]}"
000000000000000002c8,0,0.21061400944195063,0.4922670145058758,0.6421610169491526,0.5263727630172325,0.41291408296974585,0.6362484693527222,0.43802224357881236,0.0,0.13271919198521304,-0.050226141735775,0.11822672187933458,0.0,0.061313153054763814,0.09191934985751965,0.0,0.044239730661737676,-0.050226141735775,0.05911336093966729,0.0,0.061313153054763814,0.030639783285839883,0.21061400944195063,0.35954782252066275,0.6923871586849276,0.4081460411378979,0.41291408296974585,0.5749353162979584,0.3461028937212927,"{""type"":""Point"",""coordinates"":[-47.71495863227979,-3.987127502443899]}"
00000000000000000339,1,0.22609474796309117,0.5697933284951944,0.763449208622296,0.42906659841537476,0.4130065739798742,0.686368465423584,0.4867500893686823,0.0,0.15840168156314333,0.0,0.0866232555401717,0.0,0.08867134910047869,0.09284766071676409,0.0,0.15840168156314333,0.0,0.0866232555401717,0.0,0.08867134910047869,0.09284766071676409,0.22609474796309117,0.41139164693205105,0.763449208622296,0.34244334287520306,0.4130065739798742,0.5976971163231053,0.3939024286519182,"{""type"":""Point"",""coordinates"":[-46.774694747745976,-1.1362324576306513]}"
00000000000000000544,1,0.25008742934406497,0.45549715757588877,0.8697900983916786,0.3277910930268083,0.3127745630706227,0.674221695323662,0.41630017694775595,0.0,0.12156473260713652,-0.20443073960331004,0.16179917624061918,0.0,0.1771952501508705,0.09905410563300449,0.0,0.03039118315178413,-0.05110768490082751,0.040449794060154795,0.0,0.04429881253771763,0.02476352640825112,0.25008742934406497,0.33393242496875225,1.0742208379949887,0.16599191678618913,0.3127745630706227,0.49702644517279154,0.31724607131475147,"{""type"":""Point"",""coordinates"":[-48.247210311322256,-2.5559299692288566]}"
00000000000000000354,1,0.22438236407441411,0.5248197631217226,0.7356746096098952,0.45666312340500553,0.4655365777514756,0.7156296746127934,0.4837660039326362,0.0,0.0810508557415403,-0.04674319652404091,0.05295663547073631,0.0,0.0,0.10004254248784489,0.0,0.04052542787077015,-0.009348639304808181,0.010591327094147262,0.0,0.0,0.050021271243922444,0.22438236407441411,0.4437689073801823,0.7824178061339361,0.4037064879342692,0.4655365777514756,0.7156296746127934,0.3837234614447913,"{""type"":""Point"",""coordinates"":[-51.88089608696688,-6.442491365614392]}"
0000000000000000033a,1,0.1979911311493213,0.5487796285044062,0.5713228575941914,0.5772897005081177,0.530364990234375,0.7754558987286164,0.527062292610089,0.0,0.0,0.0,0.08202455213503385,0.0,0.08079187087206452,0.10154932859727778,0.0,0.0,0.0,0.08202455213503385,0.0,0.04039593543603226,0.025387332149319444,0.1979911311493213,0.5487796285044062,0.5713228575941914,0.49526514837308383,0.530364990234375,0.6946640278565519,0.4255129640128112,"{""type"":""Point"",""coordinates"":[-46.774511924602784,-1.1361432756095822]}"
000000000000000002f6,1,0.2844972545716209,0.6104287579539477,0.7120469223456304,0.5713819497194319,0.42733536083437834,0.7573870897875741,0.5385025597269625,0.0,0.06953677511828993,0.0,0.1365800102749044,0.0,0.0792457345643729,0.10316450685092926,0.0,0.06953677511828993,0.0,0.0682900051374522,0.0,0.03962286728218645,0.10316450685092926,0.2844972545716209,0.5408919828356578,0.7120469223456304,0.4348019394445275,0.42733536083437834,0.6781413552232012,0.4353380528760332,"{""type"":""Point"",""coordinates"":[-46.70111958036413,-1.3761722262155207]}"
00000000000000000325,1,0.24352514664770114,0.4509447105882655,0.8511166891228745,0.4624667763710022,0.4378832649235064,0.6918686233479304,0.41039859102283227,0.0,0.13239043263880462,0.0,0.3061898188145714,0.0,0.15805435330779738,0.10639520626020987,0.0,0.06619521631940231,0.0,0.3061898188145714,0.0,0.07902717665389869,0.05319760313010494,0.24352514664770114,0.3185542779494609,0.8511166891228745,0.15627695755643078,0.4378832649235064,0.533814270040133,0.3040033847626224,"{""type"":""Point"",""coordinates"":[-48.408817051701234,-2.47813649225044]}"
00000000000000000368,1,0.2538682387505344,0.5763511062749366,0.7308430123744386,0.40979427099227905,0.41011213023919646,0.6590330600738525,0.4719414070559109,0.0,0.21451326926244485,0.0,0.05483598492186914,0.0,0.1522664458235592,0.12085147573834232,0.0,0.21451326926244485,0.0,0.05483598492186914,0.0,0.1522664458235592,0.12085147573834232,0.2538682387505344,0.3618378370124917,0.7308430123744386,0.3549582860704099,0.41011213023919646,0.5067666142502933,0.3510899313175686,"{""type"":""Point"",""coordinates"":[-46.67641616052802,-1.0741617709666844]}"
00000000000000000569,1,0.2670152081004925,0.5461724239326922,0.8401283396186868,0.3782300353050232,0.3997131689562914,0.6542977094650269,0.4808743016825913,0.0,0.1667303115185128,0.0,0.08043845803426652,0.0,0.10941301918562207,0.12957592849310656,0.0,0.1667303115185128,0.0,0.08043845803426652,0.0,0.10941301918562207,0.12957592849310656,0.2670152081004925,0.37944211241417936,0.8401283396186868,0.29779157727075667,0.3997131689562914,0.5448846902794048,0.35129837318948476,"{""type"":""Point"",""coordinates"":[-46.70103039834305,-1.376444231379781]}"
000000000000000005bc,1,0.22779035670867329,0.5324095353711455,0.8435114980060238,0.4250813819952024,0.4042622811162924,0.7470216884647294,0.4850031728623815,0.0,0.1948626185881529,0.0,0.1439071285648424,0.0,0.14853819276957736,0.1500285475933439,0.0,0.09743130929407645,0.0,0.0719535642824212,0.0,0.07426909638478868,0.07501427379667194,0.22779035670867329,0.33754691678299265,0.8435114980060238,0.28117425343036,0.4042622811162924,0.598483495695152,0.3349746252690376,"{""type"":""Point"",""coordinates"":[-51.911079741997646,-6.4519268234434834]}"
00000000000000000397,1,0.2413328561685843,0.32713348845991963,1.0876374901728356,0.21617363526594463,0.3130614947522931,0.498603911991015,0.3567161379287111,0.0,0.0,0.0,0.08736933083656262,0.0,0.0,0.15175205183674687,0.0,0.0,0.0,0.021842332709140655,0.0,0.0,0.07587602591837343,0.2413328561685843,0.32713348845991963,1.0876374901728356,0.128804304429382,0.3130614947522931,0.498603911991015,0.20496408609196423,"{""type"":""Point"",""coordinates"":[-49.93793198494889,-6.379430758516561]}"
000000000000000003a4,1,0.25150859277254395,0.6593748561377608,0.5482292261353875,0.6646816817651602,0.5294077486673029,0.8515586952924243,0.580072646430859,0.0,0.20509186984362526,0.0,0.17679946883345393,0.0,0.15486866269082522,0.1654013410728441,0.0,0.10254593492181263,0.0,0.08839973441672697,0.0,0.07743433134541261,0.08270067053642205,0.25150859277254395,0.45428298629413555,0.5482292261353875,0.48788221293170625,0.5294077486673029,0.6966900326015991,0.4146713053580149,"{""type"":""Point"",""coordinates"":[-49.938288713033174,-6.3805990429925625]}"
00000000000000000363,1,0.24932666888046745,0.5777745322817252,0.7898927132787783,0.4186422824859619,0.40100630537285775,0.6714263962187639,0.5062305474893859,0.0,0.20088326310190713,0.0,0.1848893778210901,0.0,0.0,0.1698015146605117,0.0,0.10044163155095356,0.0,0.1848893778210901,0.0,0.0,0.08490075733025584,0.24932666888046745,0.376891269179818,0.7898927132787783,0.2337529046648718,0.40100630537285775,0.6714263962187639,0.3364290328288742,"{""type"":""Point"",""coordinates"":[-46.67641616052803,-1.0740725889456155]}"
0000000000000000033d,1,0.2466554921802237,0.5745370386136847,0.8228816809734232,0.5400407314300537,0.4400494872366814,0.7596616148948669,0.5100984933059491,0.0,0.2278883545474143,0.0,0.29045167247163145,0.0,0.16136725308928235,0.17519513067047704,0.0,0.2278883545474143,0.0,0.29045167247163145,0.0,0.16136725308928235,0.17519513067047704,0.2466554921802237,0.34664868406627036,0.8228816809734232,0.24958905895842226,0.4400494872366814,0.5982943618055846,0.3349033626354721,"{""type"":""Point"",""coordinates"":[-51.90344576099415,-6.460278719716587]}"
00000000000000000369,1,0.2487546125475008,0.5335494415725598,0.8681027872971714,0.3974645381819989,0.40026121800304304,0.6928553120247024,0.47677808792803444,0.0,0.1938937422477649,0.0,0.05709746552805295,0.0,0.0,0.18124643725601042,0.0,0.1938937422477649,0.0,0.011419493105610589,0.0,0.0,0.18124643725601042,0.2487546125475008,0.3396556993247949,0.8681027872971714,0.34036707265394595,0.40026121800304304,0.6928553120247024,0.295531650672024,"{""type"":""Point"",""coordinates"":[-46.6765053425491,-1.0742509529877535]}"
0000000000000000036a,1,0.2494484764960768,0.5775706779776973,0.8352990537407028,0.3740435078112265,0.42244672305112013,0.6662779099005549,0.4759923835074344,0.0,0.26638441640378224,-0.07524173285339553,0.09701877550746452,0.0,0.0,0.20949618723041186,0.0,0.26638441640378224,-0.015048346570679105,0.019403755101492903,0.0,0.0,0.20949618723041186,0.2494484764960768,0.3111862615739151,0.9105407865940983,0.277024732303762,0.42244672305112013,0.6662779099005549,0.26649619627702253,"{""type"":""Point"",""coordinates"":[-46.676326978506964,-1.0743401350088224]}"
00000000000000000365,1,0.245423020476674,0.5856357561168397,0.8206508837550496,0.3824304693430598,0.4311884171877111,0.7210251043902167,0.4927448609431681,0.0,0.2801607502106841,-0.06356197990656764,0.05216731635567362,0.0,0.04893278488166142,0.21189171800501044,0.0,0.2801607502106841,-0.012712395981313528,0.010433463271134725,0.0,0.009786556976332284,0.21189171800501044,0.245423020476674,0.3054750059061556,0.8842128636616172,0.3302631529873862,0.4311884171877111,0.6720923195085553,0.28085314293815766,"{""type"":""Point"",""coordinates"":[-46.6765053425491,-1.0743401350088224]}"
00000000000000000326,1,0.22075997678085615,0.5400570129331617,0.8985309493483866,0.4498714208602905,0.35556404005321063,0.5973403371112135,0.46889024851934397,0.0,0.23672537810939875,0.0,0.3754070450357574,0.0,0.16259217529955966,0.21271971976075366,0.0,0.23672537810939875,0.0,0.3754070450357574,0.0,0.040648043824889915,0.21271971976075366,0.22075997678085615,0.3033316348237629,0.8985309493483866,0.07446437582453314,0.35556404005321063,0.4347481618116538,0.2561705287585903,"{""type"":""Point"",""coordinates"":[-48.40755958520416,-2.478765225498976]}"
000000000000000003d7,1,0.19908261624936593,0.4463526726233794,0.9870968682464831,0.3153440790331783,0.2393988225680587,0.6148508935708111,0.40094733369695457,0.0,0.265456517612783,-0.13299553026063649,0.11451255497719151,0.0,0.36113618309679685,0.22651495462489135,0.0,0.0530913035225566,-0.03324888256515912,0.057256277488595755,0.0,0.07222723661935937,0.04530299092497827,0.19908261624936593,0.18089615501059642,1.1200923985071196,0.20083152405598678,0.2393988225680587,0.2537147104740143,0.17443237907206322,"{""type"":""Point"",""coordinates"":[-47.262569453104554,-3.958919229179802]}"
0000000000000000032c,1,0.2481708178207008,0.5646246042193733,0.7907275084778468,0.5259655714035034,0.448514344228085,0.7402287125587463,0.499000405628128,0.0,0.2923853632257704,0.0,0.4689426369281575,0.0,0.30442795494078134,0.24165840319190396,0.0,0.2923853632257704,0.0,0.4689426369281575,0.0,0.30442795494078134,0.24165840319190396,0.2481708178207008,0.2722392409936029,0.7907275084778468,0.0570229344753459,0.448514344228085,0.435800757617965,0.257342002436224,"{""type"":""Point"",""coordinates"":[-48.40827750047377,-2.4779581282083023]}"
00000000000000000292,0,0.2734173321258891,0.298078733685304,0.9736416353819953,0.4807186315745807,0.3512709438800812,0.47485002875328064,0.2787093927344511,0.0,-0.2951671356063853,0.43603736748908417,0.0,-0.1268251530538786,-0.2932474883935372,-0.25564469267887285,0.0,-0.14758356780319265,0.21801868374454209,0.0,-0.1268251530538786,-0.2932474883935372,-0.12782234633943643,0.2734173321258891,0.5932458692916893,0.5376042678929112,0.4807186315745807,0.47809609693395977,0.7680975171468178,0.534354085413324,"{""type"":""Point"",""coordinates"":[-50.5636062901621,-6.017498903311518]}"
0000000000000000013b,0,0.24285395693798253,0.28514478411362376,1.129875518672199,0.5145684677631908,0.28436821699142456,0.44583988189697266,0.26735736461676074,0.0,-0.285041743709211,0.6086570671500681,0.0,-0.2742321430651634,-0.3734480700230107,-0.24107412699207342,0.0,-0.285041743709211,0.6086570671500681,0.0,-0.2742321430651634,-0.3734480700230107,-0.24107412699207342,0.24285395693798253,0.5701865278228347,0.5212184515221309,0.5145684677631908,0.558600360056588,0.8192879519199834,0.5084314916088342,"{""type"":""Point"",""coordinates"":[-47.72699820512409,-4.0320440273552585]}"
00000000000000000142,0,0.2424344903325506,0.28514478411362376,1.129875518672199,0.5145684677631908,0.28436821699142456,0.44583988189697266,0.26735736461676074,0.0,-0.285041743709211,0.6086570671500681,0.0,-0.2742321430651634,-0.3734480700230107,-0.24107412699207342,0.0,-0.285041743709211,0.6086570671500681,0.0,-0.2742321430651634,-0.3734480700230107,-0.24107412699207342,0.2424344903325506,0.5701865278228347,0.5212184515221309,0.5145684677631908,0.558600360056588,0.8192879519199834,0.5084314916088342,"{""type"":""Point"",""coordinates"":[-47.7269982051241,-4.03195484533419]}"
000000000000000000c3,0,0.2502503149727028,0.18147829747411232,1.0351149544053888,0.23296212106009412,0.193534468706565,0.2846556991261689,0.18726066562974947,0.0,-0.28358814449091885,0.0,0.0,-0.2758634933867883,-0.4104006201105865,-0.2360884833743267,0.0,-0.05671762889818377,0.0,0.0,-0.055172698677357655,-0.0820801240221173,-0.04721769667486534,0.2502503149727028,0.46506644196503116,1.0351149544053888,0.23296212106009412,0.46939796209335327,0.6950563192367554,0.42334914900407616,"{""type"":""Point"",""coordinates"":[-51.92922382418411,-6.505195244627947]}"
0000000000000000004b,0,0.19488607730230995,0.3566525550796339,0.8973300709440875,0.5938148796591473,0.4080975353717804,0.5285153985023499,0.31953474650763947,0.0,-0.24571028562435704,0.3891853204884119,0.0,-0.20242807556137,-0.2951904432080418,-0.21138919297699577,0.0,-0.24571028562435704,0.3891853204884119,0.0,-0.20242807556137,-0.2951904432080418,-0.21138919297699577,0.19488607730230995,0.6023628407039909,0.5081447504556755,0.5938148796591473,0.6105256109331504,0.8237058417103916,0.5309239394846352,"{""type"":""Point"",""coordinates"":[-48.42696559298876,-2.4825376249901905]}"
00000000000000000144,0,0.23996611306578233,0.2875787237271417,1.3232628398791542,0.4885291772309534,0.20506593585014343,0.4277498126029968,0.2715665976535542,0.0,-0.23966532863769824,0.7558266377548988,0.0,-0.3402471468755077,-0.3715104026586834,-0.2022962129467203,0.0,-0.23966532863769824,0.7558266377548988,0.0,-0.3402471468755077,-0.3715104026586834,-0.2022962129467203,0.23996611306578233,0.52724405236484,0.5674362021242554,0.4885291772309534,0.5453130827256512,0.7992602152616802,0.47386281060027446,"{""type"":""Point"",""coordinates"":[-47.7268153819809,-4.031954845334191]}"
00000000000000000045,0,0.2454094488065333,0.18568929865006667,0.8836931307212765,0.39513178901146445,0.23594174895335607,0.4194147322487745,0.17952957431789532,0.0,-0.2060349176055855,0.0,0.0,-0.12234925713490075,-0.14549405237913987,-0.18421540447870297,0.0,-0.10301745880279276,0.0,0.0,-0.06117462856745037,-0.07274702618956994,-0.09210770223935148,0.2454094488065333,0.3917242162556522,0.8836931307212765,0.39513178901146445,0.3582910060882568,0.5649087846279144,0.3637449787965983,"{""type"":""Point"",""coordinates"":[-48.42857978757011,-2.482180896905915]}"
00000000000000000042,0,0.2199136067829952,0.25743350712531055,0.8336609252360337,0.4161052982147567,0.2563358977622736,0.46884770112846597,0.23613048988411697,0.0,-0.17488585670531775,0.0,0.0,-0.12826776353647817,-0.134320526847724,-0.1558238420667877,0.0,-0.08744292835265888,0.0,0.0,-0.06413388176823909,-0.067160263423862,-0.07791192103339385,0.2199136067829952,0.4323193638306283,0.8336609252360337,0.4161052982147567,0.3846036612987518,0.60316822797619,0.3919543319509047,"{""type"":""Point"",""coordinates"":[-48.42857978757011,-2.4822700789269843]}"
00000000000000000214,0,0.2156209485526517,0.18030828559949744,1.062751299247256,0.15174579042909142,0.2266760625732253,0.20284423022284048,0.15832830461307393,0.0,-0.13915948821106802,0.0,0.0,-0.05508045769807596,-0.25242829532609445,-0.13451988853031957,0.0,-0.027831897642213603,0.0,0.0,-0.011016091539615191,-0.05048565906521889,-0.026903977706063915,0.2156209485526517,0.31946777381056546,1.062751299247256,0.15174579042909142,0.28175652027130127,0.45527252554893494,0.2928481931433935,"{""type"":""Point"",""coordinates"":[-46.702559870004386,-1.3775233338347146]}"
00000000000000000041,0,0.22515407784248817,0.47238513945139476,0.8544768591918993,0.4157807214847331,0.2771966577643145,0.5049257874488831,0.25418261223972644,0.0,0.0,0.0,0.0,-0.09642219139735536,0.06141332231214086,-0.12194191472929544,0.0,0.0,0.0,0.0,-0.04821109569867768,0.06141332231214086,-0.06097095736464772,0.22515407784248817,0.47238513945139476,0.8544768591918993,0.4157807214847331,0.3736188491616699,0.4435124651367422,0.3761245269690219,"{""type"":""Point"",""coordinates"":[-48.42866896959117,-2.4822700789269843]}"
000000000000000000a0,0,0.25039085701778097,0.3153635492004362,0.9549715475372789,0.4242734168272088,0.2999792151909608,0.3577371835708618,0.2783671176974571,0.0,-0.10862960942161959,0.28152250951966373,0.0,-0.060165908082929154,-0.3670716775753523,-0.1099044680110221,0.0,-0.02172592188432392,0.28152250951966373,0.0,-0.030082954041464577,-0.3670716775753523,-0.02198089360220442,0.25039085701778097,0.4239931586220558,0.6734490380176151,0.4242734168272088,0.36014512327389,0.7248088611462141,0.3882715857084792,"{""type"":""Point"",""coordinates"":[-46.67641616052803,-1.0736222197392178]}"
000000000000000000a2,0,0.25039085701778097,0.3153635492004362,0.9549715475372789,0.4242734168272088,0.2999792151909608,0.3577371835708618,0.2783671176974571,0.0,-0.10862960942161959,0.28152250951966373,0.0,-0.060165908082929154,-0.3670716775753523,-0.1099044680110221,0.0,-0.02172592188432392,0.28152250951966373,0.0,-0.030082954041464577,-0.3670716775753523,-0.02198089360220442,0.25039085701778097,0.4239931586220558,0.6734490380176151,0.4242734168272088,0.36014512327389,0.7248088611462141,0.3882715857084792,"{""type"":""Point"",""coordinates"":[-46.67641616052803,-1.0736222197392178]}"
00000000000000000276,0,0.247317634218078,0.4124503998386758,0.8398932911059147,0.43571332073106966,0.3633175194263458,0.578354001045227,0.36800331455476576,0.0,-0.09950452206294857,0.12241623567912607,0.0,-0.0625355080769226,-0.14909008658428435,-0.1021543551268263,0.0,-0.09950452206294857,0.06120811783956304,0.0,-0.0625355080769226,-0.14909008658428435,-0.1021543551268263,0.247317634218078,0.5119549219016244,0.7174770554267886,0.43571332073106966,0.4258530275032684,0.7274440876295114,0.47015766968159206,"{""type"":""Point"",""coordinates"":[-47.982567122901294,-2.211517922062804]}"
000000000000000002cf,0,0.23666897415825505,0.47018101777270727,0.621254760167839,0.5469442070981941,0.4245561569334176,0.6871016233827621,0.3961722117584502,0.0,-0.08169129055332891,0.0,0.0,-0.0621016838908835,-0.06562746163773214,-0.09742293835844718,0.0,-0.08169129055332891,0.0,0.0,-0.03105084194544175,-0.03281373081886607,-0.09742293835844718,0.23666897415825505,0.5518723083260362,0.621254760167839,0.5469442070981941,0.4866578408243011,0.7527290850204943,0.49359515011689736,"{""type"":""Point"",""coordinates"":[-46.73804093708665,-1.112429776207357]}"
000000000000000000b8,0,0.24090711998499498,0.2204761205878886,1.4553498544663541,0.30091574066639754,0.22184154115463398,0.3613176315391252,0.22667957912856881,0.0,-0.11943438614094579,0.7655396964851664,0.0,-0.15706755385726087,-0.1573692916612156,-0.09615972666770675,0.0,-0.05971719307047289,0.2551798988283888,0.0,-0.07853377692863044,-0.0786846458306078,-0.048079863333853376,0.24090711998499498,0.3399105067288344,0.6898101579811877,0.30091574066639754,0.37890909501189485,0.5186869232003408,0.32283930579627557,"{""type"":""Point"",""coordinates"":[-51.83148924729469,-6.620177624392102]}"
0000000000000000014e,0,0.24981056823546446,0.3695425791506438,0.9082444917540566,0.3946328918164773,0.35889135188701704,0.5377239182716377,0.25365344467640916,0.0,0.0,0.20810369175296173,0.0,-0.059259433435019715,0.0,-0.09341391403616273,0.0,0.0,0.05202592293824043,0.0,-0.019753144478339906,0.0,-0.09341391403616273,0.24981056823546446,0.3695425791506438,0.7001408000010949,0.3946328918164773,0.41815078532203676,0.5377239182716377,0.3470673587125719,"{""type"":""Point"",""coordinates"":[-47.71666646798326,-3.9719442633569164]}"
0000000000000000024c,0,0.24377105078828168,0.3047359226798029,0.8031118042708298,0.5902790902278159,0.3799622058868408,0.4432712197303772,0.2856445931108129,0.0,-0.1337498029568529,0.3192210709009794,0.0,-0.12222379282732998,-0.193734717534791,-0.09203317568679203,0.0,-0.06687490147842645,0.1596105354504897,0.0,-0.12222379282732998,-0.193734717534791,-0.04601658784339602,0.24377105078828168,0.4384857256366558,0.48389073336985045,0.5902790902278159,0.5021859987141708,0.6370059372651682,0.37767776879760495,"{""type"":""Point"",""coordinates"":[-48.067905398862145,-2.169205512166656]}"
00000000000000000247,0,0.24752026484148695,0.3123100535635474,0.9562278022775514,0.5266578362554423,0.29679014782768887,0.6693021582804112,0.29722819350529295,0.0,-0.11104518156487936,0.45372361548315765,0.0,-0.15647476811545685,0.0,-0.08972662338045656,0.0,-0.05552259078243968,0.15124120516105255,0.0,-0.07823738405772843,0.0,-0.04486331169022828,0.24752026484148695,0.42335523512842677,0.5025041867943938,0.5266578362554423,0.4532649159431457,0.6693021582804112,0.3869548168857495,"{""type"":""Point"",""coordinates"":[-47.70472053626107,-3.9798502495246755]}"
00000000000000000227,0,0.24218161543414868,0.35922752068512576,1.1746758199847445,0.268170543053149,0.26391902565956116,0.40625,0.25258639665419325,0.0,0.0,0.19688937395800155,0.0,-0.08763307767442952,-0.15286948950234414,-0.08964090454648682,0.0,0.0,0.19688937395800155,0.0,-0.08763307767442952,-0.15286948950234414,-0.08964090454648682,0.24218161543414868,0.35922752068512576,0.9777864460267429,0.268170543053149,0.3515521033339907,0.5591194895023441,0.34222730120068007,"{""type"":""Point"",""coordinates"":[-47.7161269167558,-3.9738304631025247]}"
00000000000000000080,0,0.20953934400998056,0.43042515088768685,0.9042025025384893,0.3489106231544887,0.25003943622112274,0.4141193389039596,0.24425559809317407,0.0,0.0,0.0,0.0,-0.07360888838768004,-0.11359372190155981,-0.08349480161213982,0.0,0.0,0.0,0.0,-0.03680444419384002,-0.056796860950779904,-0.04174740080606991,0.20953934400998056,0.43042515088768685,0.9042025025384893,0.3489106231544887,0.3236483246088028,0.5277130608055194,0.3277503997053139,"{""type"":""Point"",""coordinates"":[-48.4083711415959,-2.477329394959766]}"
000000000000000002a0,0,0.22428347057115744,0.26646101384875664,0.8110303032321655,0.4137591005397347,0.2864956130093369,0.4231200751875656,0.2540115311490101,0.0,-0.08917760415562276,0.0,0.0,-0.07904042631028113,-0.12887052463601995,-0.08258324513242815,0.0,-0.04458880207781138,0.0,0.0,-0.039520213155140566,-0.06443526231800997,-0.041291622566214076,0.22428347057115744,0.3556386180043794,0.8110303032321655,0.4137591005397347,0.36553603931961803,0.5519905998235856,0.33659477628143825,"{""type"":""Point"",""coordinates"":[-48.4081883184527,-2.477329394959766]}"
000000000000000000ba,0,0.26452425719165074,0.3274997460345242,1.0422217337354487,0.35527715290339934,0.34791976486847503,0.568996128774027,0.30785756485497623,0.0,-0.08818710780885325,0.052061959953608405,0.0,-0.035155843832831546,-0.05037737040109669,-0.07900218975665924,0.0,-0.08818710780885325,0.010412391990721682,0.0,-0.0070311687665663095,-0.025188685200548344,-0.07900218975665924,0.26452425719165074,0.41568685384337745,0.9901597737818403,0.35527715290339934,0.3830756087013066,0.6193734991751237,0.38685975461163546,"{""type"":""Point"",""coordinates"":[-52.03998789435171,-6.33478623876946]}"
000000000000000000d5,0,0.20551563737642844,0.11490443432547591,1.1986868275395168,0.11288956091009722,0.13316993415355682,0.13698630034923553,0.0885542168674699,0.0,-0.08683129273273153,0.0,0.0,-0.07416790315165558,-0.13682715235542464,-0.0777521596408972,0.0,-0.043415646366365766,0.0,0.0,-0.07416790315165558,-0.13682715235542464,-0.0777521596408972,0.20551563737642844,0.20173572705820744,1.1986868275395168,0.11288956091009722,0.2073378373052124,0.2738134527046602,0.1663063765083671,"{""type"":""Point"",""coordinates"":[-50.56773987683865,-5.816995424443324]}"
000000000000000000f5,0,0.2371150736401931,0.18396286236752338,0.9620386312029381,0.34860055524568634,0.20805106294991604,0.4173121988261382,0.18399125453547802,0.0,-0.07620749930918666,0.15994695239599444,0.0,-0.09352089566933919,-0.09987620145997994,-0.07288206749222378,0.0,-0.03810374965459333,0.053315650798664814,0.0,-0.046760447834669594,-0.04993810072998997,-0.03644103374611189,0.2371150736401931,0.26017036167671004,0.8020916788069437,0.34860055524568634,0.30157195861925523,0.5171884002861181,0.2568733220277018,"{""type"":""Point"",""coordinates"":[-47.71612691675579,-3.9850629386561547]}"
00000000000000000533,1,0.2498767633702,0.3233004327346465,0.7386860548343507,0.43565254181086477,0.3497894809062827,0.6701843408045013,0.31699154851309175,0.0,-0.11881192743895497,0.0,0.0,-0.04066327221037275,0.0,-0.06967195836101131,0.0,-0.059405963719477484,0.0,0.0,-0.020331636105186374,0.0,-0.034835979180505655,0.2498767633702,0.44211236017360145,0.7386860548343507,0.43565254181086477,0.39045275311665545,0.6701843408045013,0.38666350687410306,"{""type"":""Point"",""coordinates"":[-46.72286215710072,-1.3566814955109088]}"
00000000000000000217,0,0.24637091498793295,0.3583333859119414,0.9805284749204513,0.22330380084203855,0.3504357719320987,0.43297762424964853,0.30892551702413334,0.0,-0.11257955389178131,0.0,0.0,0.06730929353352194,-0.06847655511065459,-0.06940716623547072,0.0,-0.02251591077835626,0.0,0.0,0.013461858706704388,-0.013695311022130919,-0.013881433247094144,0.24637091498793295,0.47091293980372273,0.9805284749204513,0.22330380084203855,0.28312647839857674,0.5014541793603031,0.37833268325960406,"{""type"":""Point"",""coordinates"":[-46.70103039834305,-1.3768946005861786]}"
0000000000000000025d,0,0.24637091498793295,0.3583333859119414,0.9805284749204513,0.22330380084203855,0.3504357719320987,0.43297762424964853,0.30892551702413334,0.0,-0.11257955389178131,0.0,0.0,0.06730929353352194,-0.06847655511065459,-0.06940716623547072,0.0,-0.02251591077835626,0.0,0.0,0.013461858706704388,-0.013695311022130919,-0.013881433247094144,0.24637091498793295,0.47091293980372273,0.9805284749204513,0.22330380084203855,0.28312647839857674,0.5014541793603031,0.37833268325960406,"{""type"":""Point"",""coordinates"":[-46.70103039834305,-1.3768946005861786]}"
000000000000000000b7,0,0.2228334190748319,0.27204120423391964,0.8693936885161726,0.38584250817711535,0.2799579673071151,0.4460498976652054,0.28294485522958096,0.0,-0.10363865056475152,0.0,0.0,-0.11342839389126885,-0.16893560996052692,-0.06887010105669616,0.0,-0.05181932528237576,0.0,0.0,-0.056714196945634426,-0.08446780498026346,-0.03443505052834808,0.2228334190748319,0.37567985479867116,0.8693936885161726,0.38584250817711535,0.39338636119838394,0.6149855076257323,0.3518149562862771,"{""type"":""Point"",""coordinates"":[-51.831128060109364,-6.620088442371033]}"
0000000000000000009f,0,0.2564317146872907,0.3842214550462639,0.7960734502114692,0.451645300911668,0.36923809248566475,0.5112108412783621,0.3415037919462258,0.0,-0.10213518470469551,0.14874787847094784,0.0,-0.0419352550294923,-0.10678571872281495,-0.06876464487434064,0.0,-0.020427036940939104,0.14874787847094784,0.0,-0.00838705100589846,-0.02135714374456299,-0.013752928974868128,0.2564317146872907,0.48635663975095944,0.6473255717405214,0.451645300911668,0.41117334751515705,0.6179965600011771,0.41026843682056646,"{""type"":""Point"",""coordinates"":[-46.67641616052803,-1.0734438556970798]}"
00000000000000000281,0,0.24501054904012443,0.2882274766239676,1.2613983178157047,0.23577640003514347,0.309459347504358,0.5349255310304847,0.29566030134403476,0.0,-0.08064266595971936,0.29129169164683866,0.0,-0.050577392631045714,-0.08190220188624464,-0.0659267513584535,0.0,-0.08064266595971936,0.29129169164683866,0.0,-0.016859130877015238,-0.04095110094312232,-0.0659267513584535,0.24501054904012443,0.36887014258368694,0.970106626168866,0.23577640003514347,0.3600367401354037,0.6168277329167293,0.36158705270248825,"{""type"":""Point"",""coordinates"":[-51.88044571776047,-6.443392104027187]}"
000000000000000002a5,0,0.2303943507682693,0.42290072838256576,0.868138593663958,0.3558332771599444,0.31909490050485617,0.48890915751457215,0.28644713981791714,0.0,0.0,0.0,0.0,-0.04940213738271698,-0.07311807632446282,-0.06331122171649284,0.0,0.0,0.0,0.0,-0.02470106869135849,-0.03655903816223141,-0.03165561085824642,0.2303943507682693,0.42290072838256576,0.868138593663958,0.3558332771599444,0.36849703788757315,0.562027233839035,0.34975836153441,"{""type"":""Point"",""coordinates"":[-48.40846032361696,-2.4774185769808352]}"
0000000000000000020f,0,0.2585710408200895,0.32176077554941424,0.8981009363662094,0.35654636670243695,0.32179110354847545,0.3734318338566812,0.26556109688081353,0.0,-0.11000661197675193,0.18552073612343112,0.0,-0.048165376994840914,-0.13164968264760657,-0.062240169132645295,0.0,-0.03666887065891731,0.04638018403085778,0.0,-0.024082688497420457,-0.06582484132380328,-0.031120084566322648,0.2585710408200895,0.43176738752616617,0.7125802002427782,0.35654636670243695,0.36995648054331637,0.5050815165042878,0.3278012660134588,"{""type"":""Point"",""coordinates"":[-46.677134075797625,-1.066706154005323]}"
00000000000000000248,0,0.2329289774812337,0.3914242331926038,0.8896733604788125,0.5357333975110653,0.27820485830307007,0.4680635333061218,0.3455146097896843,0.0,-0.05532363076694102,0.3822802170770552,0.0,-0.14423631667691938,-0.14280923802386614,-0.06160763453738205,0.0,-0.05532363076694102,0.12742673902568505,0.0,-0.14423631667691938,-0.14280923802386614,-0.06160763453738205,0.2329289774812337,0.4467478639595448,0.5073931434017573,0.5357333975110653,0.42244117497998945,0.610872771329988,0.40712224432706634,"{""type"":""Point"",""coordinates"":[-47.705077264345356,-3.9806618059164043]}"
00000000000000000169,0,0.2589091964073031,0.2233216721720921,1.6010849786919932,0.045172350481152534,0.12972016425336913,0.3433693277835846,0.2044565123118631,0.0,-0.04223518326366865,0.5983216174198669,0.0,-0.11867785339658976,-0.04378370761871336,-0.05339872512745972,0.0,-0.021117591631834326,0.14958040435496672,0.0,-0.03955928446552992,-0.02189185380935668,-0.02669936256372986,0.2589091964073031,0.26555685543576074,1.0027633612721263,0.045172350481152534,0.2483980176499589,0.38715303540229795,0.2578552374393228,"{""type"":""Point"",""coordinates"":[-47.26364409645843,-3.962602446649946]}"
0000000000000000014f,0,0.25190331780128733,0.44109260417234897,1.031327770160241,0.35338987509754755,0.30427258992270956,0.5704419612884521,0.3441150712536095,0.0,0.0,0.3205556740309793,0.0,-0.07133984025305284,-0.101089174318308,-0.053282775315375897,0.0,0.0,0.08013891850774482,0.0,-0.023779946751017616,-0.101089174318308,-0.017760925105125298,0.25190331780128733,0.44109260417234897,0.7107720961292617,0.35338987509754755,0.3756124301757624,0.6715311356067601,0.3973978465689854,"{""type"":""Point"",""coordinates"":[-47.71657728596219,-3.9718550813358466]}"
00000000000000000034,1,0.22178529660723179,0.38126150591469565,0.7033241068602656,0.4928514485171784,0.4120793509892184,0.6371476649166218,0.3471756289095556,0.0,-0.052859993924566584,0.0,0.0,-0.03589965795781719,-0.05270397727425591,-0.050931765999438605,0.0,-0.026429996962283292,0.0,0.0,-0.017949828978908594,-0.026351988637127954,-0.025465882999719303,0.22178529660723179,0.43412149983926224,0.7033241068602656,0.4928514485171784,0.4479790089470356,0.6898516421908777,0.3981073949089942,"{""type"":""Point"",""coordinates"":[-48.42445065999462,-2.479215594705374]}"
0000000000000000009d,0,0.2513543687854921,0.456175506158052,0.7780372439701871,0.38412300998881493,0.3493304042769968,0.6392248745550528,0.3858680569450788,0.0,-0.053732921370922004,0.0,0.0,-0.047508769348262314,0.0,-0.04604657665259643,0.0,-0.010746584274184401,0.0,0.0,-0.009501753869652463,0.0,-0.009209315330519285,0.2513543687854921,0.509908427528974,0.7780372439701871,0.38412300998881493,0.3968391736252591,0.6392248745550528,0.43191463359767523,"{""type"":""Point"",""coordinates"":[-46.676326978506964,-1.0736222197392176]}"
00000000000000000271,0,0.23397963129328905,0.3151216077988407,0.8132371432762798,0.3677962123257215,0.33509380138209066,0.4670897060352039,0.2966769060616915,0.0,-0.05574826710473285,0.0,0.0,-0.033372375643403174,0.0814036959129047,-0.04566800660295961,0.0,-0.01858275570157762,0.0,0.0,-0.006674475128680635,0.01628073918258094,-0.015222668867653203,0.23397963129328905,0.37086987490357354,0.8132371432762798,0.3677962123257215,0.36846617702549384,0.3856860101222992,0.3423449126646511,"{""type"":""Point"",""coordinates"":[-47.376655553556965,-2.295959918711909]}"
000000000000000000f8,0,0.26302199302738566,0.19169296393051,0.8635957738675323,0.374865032746537,0.18877491702887786,0.43581770953313226,0.18730022370108929,0.0,-0.046476025204007676,-0.036507212744208206,0.0,-0.05080507645752655,-0.049530234499489345,-0.04492356300455422,0.0,-0.023238012602003838,-0.007301442548841641,0.0,-0.025402538228763274,-0.024765117249744673,-0.02246178150227711,0.26302199302738566,0.23816898913451767,0.9001029866117405,0.374865032746537,0.2395799934864044,0.4853479440326216,0.2322237867056435,"{""type"":""Point"",""coordinates"":[-47.71577018867152,-3.9849692975340307]}"
000000000000000000a1,0,0.24575177461922815,0.4365188992507268,0.9372177055103884,0.40394116914856965,0.3350083827972412,0.5479978322982788,0.37695992268911754,0.0,-0.052280876111089225,0.1815035423933219,0.0,-0.1322063841011336,-0.17186371540441991,-0.03800013040563083,0.0,-0.01742695870369641,0.1815035423933219,0.0,-0.1322063841011336,-0.17186371540441991,-0.012666710135210276,0.24575177461922815,0.488799775361816,0.7557141631170665,0.40394116914856965,0.4672147668983748,0.7198615477026987,0.41496005309474837,"{""type"":""Point"",""coordinates"":[-46.676326978506964,-1.0738005837813553]}"
0000000000000000029d,0,0.2838989169398361,0.305123928618129,0.9155799456423149,0.3551046561270112,0.4051136374473572,0.6323730945587158,0.25915577789368205,0.0,0.0,0.0,0.0,0.03974858642464735,0.11680819978290813,-0.03548643034203053,0.0,0.0,0.0,0.0,0.03974858642464735,0.11680819978290813,-0.017743215171015264,0.2838989169398361,0.305123928618129,0.9155799456423149,0.3551046561270112,0.36536505102270983,0.5155648947758077,0.2946422082357126,"{""type"":""Point"",""coordinates"":[-51.08516950397945,-6.49711089441805]}"
000000000000000002b7,0,0.22277473199311132,0.23264947854116008,1.0591679425544314,0.22449288567569356,0.2801664173603058,0.4479567149306699,0.26078468686311507,0.0,-0.044374582193535406,0.0,0.0,-0.05795185919110407,-0.0395399754930722,-0.03531840818748838,0.0,-0.044374582193535406,0.0,0.0,-0.05795185919110407,-0.00790799509861444,-0.007063681637497677,0.22277473199311132,0.2770240607346955,1.0591679425544314,0.22449288567569356,0.33811827655140986,0.4874966904237421,0.29610309505060345,"{""type"":""Point"",""coordinates"":[-51.90452040434803,-6.446174583084537]}"
00000000000000000009,1,0.23334996221881724,0.5937926610741603,0.4920541730579819,0.6339458661960837,0.5849410480672527,0.8496277503653492,0.5212913840055629,0.0,0.0,0.0,0.0,-0.033119540769417255,0.0,0.0,0.0,0.0,0.0,0.0,-0.006623908153883451,0.0,0.0,0.23334996221881724,0.5937926610741603,0.4920541730579819,0.6339458661960837,0.6180605888366699,0.8496277503653492,0.5212913840055629,"{""type"":""Point"",""coordinates"":[-48.42822305948583,-2.4793047767264422]}"
0000000000000000000d,1,0.2427406367994671,0.5766359405211524,0.46233169528024587,0.6743583679199219,0.594486404119598,0.8540424108505249,0.5526821339442783,0.0,-0.03439720579696781,0.0,0.0,-0.03439302379025311,0.0,0.0,0.0,-0.03439720579696781,0.0,0.0,-0.006878604758050621,0.0,0.0,0.2427406367994671,0.6110331463181202,0.46233169528024587,0.6743583679199219,0.6288794279098511,0.8540424108505249,0.5526821339442783,"{""type"":""Point"",""coordinates"":[-48.42822305948583,-2.479215594705374]}"
0000000000000000002d,1,0.1640319569781295,0.6271558267648929,0.49992939102264916,0.6454704922660199,0.5796743726867466,0.818534613524932,0.5539671188202768,0.0,0.0,0.03277618336365723,0.0,-0.058922102437612534,-0.034634589279633476,0.0,0.0,0.0,0.01092539445455241,0.0,-0.011784420487522507,-0.006926917855926695,0.0,0.1640319569781295,0.6271558267648929,0.46715320765899193,0.6454704922660199,0.6385964751243591,0.8531692028045654,0.5539671188202768,"{""type"":""Point"",""coordinates"":[-48.42741150309411,-2.4811909764720506]}"
0000000000000000002e,1,0.16561195111167326,0.6348209601769088,0.4541875950087557,0.6734729139877296,0.603072631358029,0.8422244077469131,0.5660240237483737,0.0,0.0,0.0,0.0,-0.03517938852417313,0.0,0.0,0.0,0.0,0.0,0.0,-0.007035877704834626,0.0,0.0,0.16561195111167326,0.6348209601769088,0.4541875950087557,0.6734729139877296,0.6382520198822021,0.8422244077469131,0.5660240237483737,"{""type"":""Point"",""coordinates"":[-48.42705477500983,-2.481998073762724]}"
0000000000000000002f,1,0.16715158074497793,0.6266021826283548,0.5973885278204819,0.49611852350396646,0.5794854164123535,0.7920111596584319,0.5213869521738596,0.0,0.05760186344521423,0.0,0.0,0.03895124929863414,0.0,0.0,0.0,0.05760186344521423,0.0,0.0,0.03895124929863414,0.0,0.0,0.16715158074497793,0.5690003191831405,0.5973885278204819,0.49611852350396646,0.5405341671137194,0.7920111596584319,0.5213869521738596,"{""type"":""Point"",""coordinates"":[-48.4275943262373,-2.4819088917416554]}"
0000000000000000003e,0,0.26175077241637423,0.425866334459274,0.9444918884870338,0.31553800639241647,0.2688102126121521,0.4274705946445465,0.39022114503331934,0.0,0.0,0.0,0.0,-0.3553357068030851,-0.4027930621165081,0.0,0.0,0.0,0.0,0.0,-0.3553357068030851,-0.4027930621165081,0.0,0.26175077241637423,0.425866334459274,0.9444918884870338,0.31553800639241647,0.6241459194152372,0.8302636567610546,0.39022114503331934,"{""type"":""Point"",""coordinates"":[-48.42382192674608,-2.483888732609385]}"
00000000000000000063,0,0.2731334995783073,0.3888758718730245,1.0719486482425933,0.21537304369169896,0.26484652226781624,0.5671332000741182,0.3525941506142905,0.0,0.0,0.0,0.0,-0.04839654565203022,0.0,0.0,0.0,0.0,0.0,0.0,-0.02419827282601511,0.0,0.0,0.2731334995783073,0.3888758718730245,1.0719486482425933,0.21537304369169896,0.31324306791984646,0.5671332000741182,0.3525941506142905,"{""type"":""Point"",""coordinates"":[-51.881074451009,-6.443481286048257]}"
00000000000000000066,0,0.2766899194159722,0.4730677997289546,1.344161579386094,0.4500772351665156,0.22728171944618225,0.3628256320953369,0.41438111592755866,0.0,0.0,0.8434840294878254,0.0,-0.26083426408790317,-0.4448566288577285,0.0,0.0,0.0,0.8434840294878254,0.0,-0.26083426408790317,-0.4448566288577285,0.0,0.2766899194159722,0.4730677997289546,0.5006775498982685,0.4500772351665156,0.4881159835340854,0.8076822609530654,0.41438111592755866,"{""type"":""Point"",""coordinates"":[-46.77576939109986,-1.1371331960434472]}"
0000000000000000006c,0,0.2356068264862286,0.4423678907664045,1.0571179423729606,0.3869571068457195,0.2765069007873535,0.4606817364692688,0.3904541096385255,0.0,0.0,0.37339370497162083,0.0,-0.1794018397333056,-0.2911229006670061,0.0,0.0,0.0,0.37339370497162083,0.0,-0.1794018397333056,-0.2911229006670061,0.0,0.2356068264862286,0.4423678907664045,0.6837242374013398,0.3869571068457195,0.4559087405206591,0.7518046371362749,0.3904541096385255,"{""type"":""Point"",""coordinates"":[-46.77505147583026,-1.1365044627949115]}"
00000000000000000076,0,0.24271413528467103,0.4630862691509465,0.8350870507617092,0.47605400646049434,0.31108590960502625,0.47772830724716187,0.4181462722806371,0.0,0.0,0.19257120343260248,0.0,-0.1901531091758183,-0.3160799729671028,0.0,0.0,0.0,0.19257120343260248,0.0,-0.1901531091758183,-0.3160799729671028,0.0,0.24271413528467103,0.4630862691509465,0.6425158473291067,0.47605400646049434,0.5012390187808445,0.7938082802142646,0.4181462722806371,"{""type"":""Point"",""coordinates"":[-46.77550184503665,-1.1374007421066539]}"
00000000000000000077,0,0.2553030725482118,0.4767794508815316,1.347417777293696,0.44788557131375584,0.21364851295948029,0.6863324429307666,0.419474871583947,0.0,0.0,0.8714414793262892,0.0,-0.2908618884135542,0.0,0.0,0.0,0.0,0.8714414793262892,0.0,-0.2908618884135542,0.0,0.0,0.2553030725482118,0.4767794508815316,0.4759762979674067,0.44788557131375584,0.5045104013730345,0.6863324429307666,0.419474871583947,"{""type"":""Point"",""coordinates"":[-46.77568020907879,-1.1371331960434472]}"
00000000000000000092,0,0.23669347757917905,0.5482460885957371,0.8602343674608292,0.47467815502505706,0.3939509391784668,0.7142050645393809,0.484268735372963,0.0,0.0,0.2700658371703153,0.0,-0.13238636874308385,0.0,0.0,0.0,0.0,0.2700658371703153,0.0,-0.13238636874308385,0.0,0.0,0.23669347757917905,0.5482460885957371,0.5901685302905139,0.47467815502505706,0.5263373079215506,0.7142050645393809,0.484268735372963,"{""type"":""Point"",""coordinates"":[-46.77505147583026,-1.1363260987527737]}"
00000000000000000097,0,0.22564156326985835,0.34755072528385406,1.1642556590816864,0.2982189041260201,0.3125627856582553,0.416166216135025,0.33381629612839364,0.0,0.0,0.3572207385237637,0.0,-0.05705796721745765,-0.1163348743290642,0.0,0.0,0.0,0.11907357950792123,0.0,-0.028528983608728825,-0.1163348743290642,0.0,0.22564156326985835,0.34755072528385406,0.8070349205579227,0.2982189041260201,0.36962075287571294,0.5325010904640892,0.33381629612839364,"{""type"":""Point"",""coordinates"":[-51.8803565357394,-6.443030916841859]}"
0000000000000000009b,0,0.265120669725068,0.37091391061951606,0.9017317321002898,0.4737594747698792,0.3435042268322724,0.5234606266021729,0.4710843166277857,0.0,-0.2224214351184508,0.20439574296418328,0.0,-0.06948307615964716,-0.21086920674316756,0.0,0.0,-0.2224214351184508,0.20439574296418328,0.0,-0.03474153807982358,-0.21086920674316756,0.0,0.265120669725068,0.5933353457379669,0.6973359891361065,0.4737594747698792,0.41298730299191955,0.7343298333453404,0.4710843166277857,"{""type"":""Point"",""coordinates"":[-46.675787427279495,-1.0741617709666844]}"
000000000000000000b5,0,0.22549065660640494,0.3916883189420966,0.8941396919885573,0.3564669943108339,0.23859517725735818,0.3724686233901623,0.3565888156386104,0.0,0.0,0.0,0.0,-0.1561857327577481,-0.2120646109502965,0.0,0.0,0.0,0.0,0.0,-0.07809286637887405,-0.10603230547514825,0.0,0.22549065660640494,0.3916883189420966,0.8941396919885573,0.3564669943108339,0.3947809100151063,0.5845332343404588,0.3565888156386104,"{""type"":""Point"",""coordinates"":[-51.83131088325255,-6.6199992603499656]}"
000000000000000000c6,0,0.27491519408654624,0.28947418009099446,1.2963516055514912,0.28412145233879726,0.3491334522948047,0.5118926763534546,0.3017224097497385,0.0,0.0,0.3387139312778672,0.0,-0.0514652316468896,-0.0320619424639037,0.0,0.0,0.0,0.1693569656389336,0.0,-0.0128663079117224,-0.0320619424639037,0.0,0.27491519408654624,0.28947418009099446,0.957637674273624,0.28412145233879726,0.4005986839416943,0.5439546188173583,0.3017224097497385,"{""type"":""Point"",""coordinates"":[-51.08561987318585,-6.495853427920977]}"
000000000000000000ca,0,0.23208917667062906,0.42190766430896387,1.2172864523502398,0.3550436331016943,0.23331236839294434,0.3558371067047119,0.4058264387032304,0.0,0.0,0.30202510619302436,0.0,-0.1645811787618966,-0.29534674197647703,0.0,0.0,0.0,0.30202510619302436,0.0,-0.1645811787618966,-0.29534674197647703,0.0,0.23208917667062906,0.42190766430896387,0.9152613461572154,0.3550436331016943,0.39789354715484093,0.651183848681189,0.4058264387032304,"{""type"":""Point"",""coordinates"":[-46.77154662240225,-1.151594060759772]}"
000000000000000000d1,0,0.23237003576197468,0.22139328849011747,1.0881073345420946,0.20538975298404694,0.26908261891086316,0.29011532332624296,0.21152911719679676,0.0,0.0,0.11435431870008061,0.0,0.04391602988918042,0.0,0.0,0.0,0.0,0.05717715935004031,0.0,0.008783205977836083,0.0,0.0,0.23237003576197468,0.22139328849011747,0.973753015842014,0.20538975298404694,0.22516658902168274,0.29011532332624296,0.21152911719679676,"{""type"":""Point"",""coordinates"":[-50.53818495505641,-5.833882040132723]}"
000000000000000000df,0,0.2672580736311331,0.193754591551974,1.526237989652624,0.04109758230200267,0.06398869305849075,0.39814509020369343,0.23222101793919728,0.0,-0.05805389698799773,0.25665427838945587,0.0,-0.12312585497074696,0.0,0.0,0.0,-0.05805389698799773,0.25665427838945587,0.0,-0.12312585497074696,0.0,0.0,0.2672580736311331,0.25180848853997173,1.269583711263168,0.04109758230200267,0.18711454802923772,0.39814509020369343,0.23222101793919728,"{""type"":""Point"",""coordinates"":[-50.568997343335724,-5.773786735235434]}"
000000000000000000e2,0,0.24315499138358218,0.13318502382551922,1.58958626152271,0.03411280743205907,0.10467703640460968,0.23224930465221405,0.22120952684076747,0.0,-0.045721615682020156,0.2670047030384115,0.0,-0.06566030445490356,-0.120810745716661,0.0,0.0,-0.045721615682020156,0.0890015676794705,0.0,-0.06566030445490356,-0.120810745716661,0.0,0.24315499138358218,0.17890663950753938,1.3225815584842986,0.03411280743205907,0.17033734085951324,0.35306005036887506,0.22120952684076747,"{""type"":""Point"",""coordinates"":[-50.564056659368504,-6.02190003605127]}"
000000000000000000ea,0,0.26148496643831376,0.402314220687336,1.0333470111621144,0.2540757472772475,0.31898015404021,0.6038625360168771,0.3451731393030291,0.0,0.0,0.0,0.0,0.048239108565203914,0.0,0.0,0.0,0.0,0.0,0.0,0.009647821713040784,0.0,0.0,0.26148496643831376,0.402314220687336,1.0333470111621144,0.2540757472772475,0.2707410454750061,0.6038625360168771,0.3451731393030291,"{""type"":""Point"",""coordinates"":[-47.37647273041377,-2.2960491007329775]}"
000000000000000000ec,0,0.2667750027050428,0.3835539674375404,0.865425158116655,0.4330424603550034,0.33956387639045715,0.6193320903568005,0.3672223164565775,0.0,0.0,0.16537107155408237,0.0,-0.037755473419544494,0.0,0.0,0.0,0.0,0.16537107155408237,0.0,-0.037755473419544494,0.0,0.0,0.2667750027050428,0.3835539674375404,0.7000540865625726,0.4330424603550034,0.37731934981000165,0.6193320903568005,0.3672223164565775,"{""type"":""Point"",""coordinates"":[-51.06900080355965,-6.522353865481607]}"
000000000000000000fa,0,0.20601012122226653,0.12048694689083696,1.282617798639354,0.10072587767190412,0.09695632385155101,0.16789524378280318,0.12128080092159119,0.0,0.0,0.15142191797814375,0.0,-0.05299627514158897,-0.034154525364768734,0.0,0.0,0.0,0.03785547949453594,0.0,-0.010599255028317794,-0.006830905072953747,0.0,0.20601012122226653,0.12048694689083696,1.1311958806612104,0.10072587767190412,0.14995259899313998,0.20204976914757192,0.12128080092159119,"{""type"":""Point"",""coordinates"":[-47.71406235296805,-3.9847909334918943]}"
00000000000000000130,0,0.24637885813507643,0.43411904997425843,0.7901960061896691,0.613189731325422,0.4492020010948181,0.8122046064742268,0.5301006134154296,0.0,-0.19714235817760173,0.2879999568193168,0.0,-0.11559551962831138,0.0,0.0,0.0,-0.19714235817760173,0.2879999568193168,0.0,-0.11559551962831138,0.0,0.0,0.24637885813507643,0.6312614081518602,0.5021960493703523,0.613189731325422,0.5647975207231295,0.8122046064742268,0.5301006134154296,"{""type"":""Point"",""coordinates"":[-47.72717656916623,-4.032494396561658]}"
00000000000000000135,0,0.2362833452790738,0.4300586517511138,1.312224687579699,0.3095071134153908,0.1784524768590927,0.3494809567928314,0.37636025940514833,0.0,0.0,0.5328017465793379,0.0,-0.23665112204308425,-0.32803626442561273,0.0,0.0,0.0,0.5328017465793379,0.0,-0.23665112204308425,-0.32803626442561273,0.0,0.2362833452790738,0.4300586517511138,0.7794229410003611,0.3095071134153908,0.41510359890217696,0.6775172212184442,0.37636025940514833,"{""type"":""Point"",""coordinates"":[-47.727265751187296,-4.031865663313122]}"
00000000000000000146,0,0.2362833452790738,0.4300586517511138,1.312224687579699,0.3095071134153908,0.1784524768590927,0.3494809567928314,0.37636025940514833,0.0,0.0,0.5328017465793379,0.0,-0.23665112204308425,-0.32803626442561273,0.0,0.0,0.0,0.5328017465793379,0.0,-0.23665112204308425,-0.32803626442561273,0.0,0.2362833452790738,0.4300586517511138,0.7794229410003611,0.3095071134153908,0.41510359890217696,0.6775172212184442,0.37636025940514833,"{""type"":""Point"",""coordinates"":[-47.727265751187296,-4.031865663313122]}"
000000000000000001f9,0,0.25100235167559243,0.39989977681770694,1.1049380494787804,0.3221591987139882,0.2804107008783636,0.47040836993436164,0.3687197794539073,0.0,0.0,0.4172690936110047,0.0,-0.1801826121003809,-0.17570208386011998,0.0,0.0,0.0,0.10431727340275118,0.0,-0.03603652242007618,-0.058567361286706664,0.0,0.25100235167559243,0.39989977681770694,0.6876689558677757,0.3221591987139882,0.4605933129787445,0.6461104537944816,0.3687197794539073,"{""type"":""Point"",""coordinates"":[-47.264005283643755,-3.961523344195013]}"
0000000000000000020d,0,0.2838141855560403,0.36785747875322156,0.8715090001658489,0.26714815576031464,0.3050664561376952,0.5827541037055629,0.33172514184396046,0.0,0.0,0.0,0.0,-0.03930908255453358,0.0,0.0,0.0,0.0,0.0,0.0,-0.01310302751817786,0.0,0.0,0.2838141855560403,0.36785747875322156,0.8715090001658489,0.26714815576031464,0.34437553869222876,0.5827541037055629,0.33172514184396046,"{""type"":""Point"",""coordinates"":[-46.67614861446483,-1.0671520641106673]}"
0000000000000000021c,0,0.2038316802559249,0.3078134257376826,0.8298478262467869,0.3329495156563583,0.3592534645571969,0.4828172932229492,0.3052949861478612,0.0,-0.10742395077164774,-0.0677876426771733,0.0,0.03666748159393457,0.0,0.0,0.0,-0.021484790154329546,-0.016946910669293325,0.0,0.009166870398483642,0.0,0.0,0.2038316802559249,0.41523737650933035,0.8976354689239602,0.3329495156563583,0.32258598296326235,0.4828172932229492,0.3052949861478612,"{""type"":""Point"",""coordinates"":[-46.70246622888226,-1.3775233338347146]}"
0000000000000000021e,0,0.24497443112712874,0.2734703960218017,1.1624429904534346,0.13711385196674303,0.2729798874188245,0.3735196197627454,0.2434551435005417,0.0,0.0,0.04208766965718569,0.0,0.04669518394731198,0.0,0.0,0.0,0.0,0.008417533931437137,0.0,0.009339036789462397,0.0,0.0,0.24497443112712874,0.2734703960218017,1.1203553207962489,0.13711385196674303,0.22628470347151253,0.3735196197627454,0.2434551435005417,"{""type"":""Point"",""coordinates"":[-48.24792822659186,-2.556291156414186]}"
00000000000000000237,0,0.2759569030420876,0.30585553456753295,0.983240125981137,0.26329635335124923,0.3408401906490326,0.5322334097130167,0.32443541381264024,0.0,-0.04546156833622689,0.0,0.0,0.057253696814805466,0.0,0.0,0.0,-0.011365392084056722,0.0,0.0,0.057253696814805466,0.0,0.0,0.2759569030420876,0.35131710290375984,0.983240125981137,0.26329635335124923,0.2835864938342271,0.5322334097130167,0.32443541381264024,"{""type"":""Point"",""coordinates"":[-50.56540330788664,-6.0237862357968766]}"
00000000000000000251,0,0.23275329704565095,0.5716620795099835,0.7235752989124584,0.6121947591647771,0.4757806658744812,0.7226849794387817,0.4983819391637497,0.0,0.0,0.2546854053955021,0.0,-0.04610506915212087,-0.044510231663727806,0.0,0.0,0.0,0.08489513513183404,0.0,-0.04610506915212087,-0.044510231663727806,0.0,0.23275329704565095,0.5716620795099835,0.4688898935169563,0.6121947591647771,0.5218857350266021,0.7671952111025095,0.4983819391637497,"{""type"":""Point"",""coordinates"":[-48.06808822200533,-2.1695666993519853]}"
00000000000000000267,0,0.2514032624934391,0.32087612349297073,0.8748662947004365,0.3247455671965849,0.3164247112269396,0.4508526705444381,0.30889625887820504,0.0,0.0,0.04347974320543069,0.0,-0.07101817560243662,-0.06068392766112829,0.0,0.0,0.0,0.021739871602715344,0.0,-0.014203635120487324,-0.012136785532225658,0.0,0.2514032624934391,0.32087612349297073,0.8313865514950058,0.3247455671965849,0.3874428868293762,0.5115365982055664,0.30889625887820504,"{""type"":""Point"",""coordinates"":[-48.274522305274616,-2.5301519060388857]}"
0000000000000000026d,0,0.23052396493877877,0.3005668460264291,0.8721572371359267,0.3198771234918465,0.313873985177449,0.4520134338701858,0.2923173623355954,0.0,0.0,0.0,0.0,-0.035880660862482705,0.0,0.0,0.0,0.0,0.0,0.0,-0.011960220287494236,0.0,0.0,0.23052396493877877,0.3005668460264291,0.8721572371359267,0.3198771234918465,0.3497546460399317,0.4520134338701858,0.2923173623355954,"{""type"":""Point"",""coordinates"":[-48.27379993090395,-2.530330270081024]}"
00000000000000000279,0,0.2775206126697584,0.3929477754923918,0.8732121735329159,0.3884837065440077,0.33366685456453626,0.6561109471602818,0.3801493100474089,0.0,0.0,0.0,0.0,-0.04838705712140734,0.03718659412208447,0.0,0.0,0.0,0.0,0.0,-0.009677411424281468,0.009296648530521118,0.0,0.2775206126697584,0.3929477754923918,0.8732121735329159,0.3884837065440077,0.3820539116859436,0.6189243530381974,0.3801493100474089,"{""type"":""Point"",""coordinates"":[-50.89823061051584,-9.085155309433825]}"
0000000000000000027e,0,0.21717807319502264,0.3917937598480992,0.8747860102074138,0.3735942002468966,0.3695844177595408,0.64563456499074,0.3836564068587785,0.0,0.0,0.0,0.0,0.03094927322365737,0.04583731615040798,0.0,0.0,0.0,0.0,0.0,0.015474636611828685,0.011459329037601995,0.0,0.21717807319502264,0.3917937598480992,0.8747860102074138,0.3735942002468966,0.33863514453588345,0.599797248840332,0.3836564068587785,"{""type"":""Point"",""coordinates"":[-50.898587338600116,-9.08578404268236]}"
0000000000000000027f,0,0.2683640394749687,0.38303639141760887,1.0746557129249474,0.21475701472310077,0.26127621997249806,0.554236608637229,0.34391894440273607,0.0,0.0,0.0,0.0,-0.044192057333346746,0.0,0.0,0.0,0.0,0.0,0.0,-0.022096028666673373,0.0,0.0,0.2683640394749687,0.38303639141760887,1.0746557129249474,0.21475701472310077,0.3054682773058448,0.554236608637229,0.34391894440273607,"{""type"":""Point"",""coordinates"":[-51.880985268987935,-6.443481286048257]}"
00000000000000000287,0,0.23075073248698472,0.4150751101624592,1.316792668497657,0.3501500934551932,0.23209169507026672,0.6158573696741806,0.3850132442882504,0.0,0.0,0.7435799056988032,0.0,-0.0934463062350584,0.0,0.0,0.0,0.0,0.1858949764247008,0.0,-0.0934463062350584,0.0,0.0,0.23075073248698472,0.4150751101624592,0.5732127627988538,0.3501500934551932,0.3255380013053251,0.6158573696741806,0.3850132442882504,"{""type"":""Point"",""coordinates"":[-51.929134642163035,-6.504834057442618]}"
00000000000000000294,0,0.25549950681453953,0.29747939532130807,1.0895421220155155,0.1898521945135063,0.3085457384586334,0.4870281463918685,0.29196832611761453,0.0,0.0,0.0,0.0,0.055333077939366315,0.0,0.0,0.0,0.0,0.0,0.0,0.055333077939366315,0.0,0.0,0.25549950681453953,0.29747939532130807,1.0895421220155155,0.1898521945135063,0.2532126605192671,0.4870281463918685,0.29196832611761453,"{""type"":""Point"",""coordinates"":[-50.56603204113517,-6.019746290242455]}"
00000000000000000298,0,0.22032378368481248,0.28105395658473087,1.0092782408001026,0.13642490642330518,0.3053750693798065,0.450481566543807,0.27116898859543864,0.0,0.0,-0.21356380446688505,0.0,0.11794040104224665,0.0,0.0,0.0,0.0,-0.21356380446688505,0.0,0.11794040104224665,0.0,0.0,0.22032378368481248,0.28105395658473087,1.2228420452669877,0.13642490642330518,0.18743466833755987,0.450481566543807,0.27116898859543864,"{""type"":""Point"",""coordinates"":[-50.53926405751133,-5.83343613002738]}"
000000000000000002a4,0,0.24208374432792915,0.318514552978358,0.8162145475446135,0.22815153449773784,0.3100002954925396,0.46045435277277436,0.32570917297524765,0.0,-0.03646601005967476,0.0,0.0,-0.05365106432122119,-0.08791495515977121,0.0,0.0,-0.01823300502983738,0.0,0.0,-0.026825532160610593,-0.04395747757988561,0.0,0.24208374432792915,0.35498056303803277,0.8162145475446135,0.22815153449773784,0.3636513598137608,0.5483693079325456,0.32570917297524765,"{""type"":""Point"",""coordinates"":[-48.407920772389495,-2.477507759001905]}"
000000000000000002b3,0,0.28959953275904876,0.4321558599531673,0.7377649606423194,0.45300039893297495,0.4584736227989197,0.657668684318188,0.40525382105717334,0.0,0.0,0.0,0.0,0.08295848623693652,0.0,0.0,0.0,0.0,0.0,0.0,0.08295848623693652,0.0,0.0,0.28959953275904876,0.4321558599531673,0.7377649606423194,0.45300039893297495,0.37551513656198315,0.657668684318188,0.40525382105717334,"{""type"":""Point"",""coordinates"":[-51.061183999412975,-6.543012880662222]}"
000000000000000002c4,0,0.27813416293059434,0.41281806738786564,0.8052940702080911,0.43822634711000286,0.3591836392879486,0.6140669151584479,0.3813643066605316,0.0,0.0,0.10685749753630003,0.0,-0.032290690591120386,0.0,0.0,0.0,0.0,0.10685749753630003,0.0,-0.032290690591120386,0.0,0.0,0.27813416293059434,0.41281806738786564,0.698436572671791,0.43822634711000286,0.391474329879069,0.6140669151584479,0.3813643066605316,"{""type"":""Point"",""coordinates"":[-51.06954035478713,-6.523611331978677]}"
000000000000000002c5,0,0.27334398454207015,0.39404602873027095,0.8236003001544526,0.4524076852565894,0.3805033266544342,0.6324265694593071,0.381706255606157,0.0,0.0,0.19735291482669892,0.0,-0.03803230737768404,0.0,0.0,0.0,0.0,0.19735291482669892,0.0,-0.03803230737768404,0.0,0.0,0.27334398454207015,0.39404602873027095,0.6262473853277537,0.4524076852565894,0.41853563403211824,0.6324265694593071,0.381706255606157,"{""type"":""Point"",""coordinates"":[-51.06935753164393,-6.522982598730143]}"
000000000000000002d2,1,0.2260361538271032,0.5684544510639858,0.5048156627630205,0.5648264820011749,0.5760008244067021,0.8234943532998777,0.5016930721249375,0.0,0.0,-0.184130577877187,0.0,0.07125404043107764,0.13360037805714342,0.0,0.0,0.0,-0.0368261155754374,0.0,0.014250808086215528,0.026720075611428685,0.0,0.2260361538271032,0.5684544510639858,0.6889462406402075,0.5648264820011749,0.5047467839756244,0.6898939752427343,0.5016930721249375,"{""type"":""Point"",""coordinates"":[-48.026404545357714,-2.1744182012981343]}"
000000000000000002da,1,0.2257331132023057,0.5680519598774812,0.521799522699385,0.5433280249138039,0.596917932826718,0.7700940230480345,0.502509554356274,0.0,0.0,-0.24512051055974415,0.0,0.15830846726313375,0.0,0.0,0.0,0.0,-0.04902410211194883,0.0,0.031661693452626746,0.0,0.0,0.2257331132023057,0.5680519598774812,0.7669200332591292,0.5433280249138039,0.43860946556358427,0.7700940230480345,0.502509554356274,"{""type"":""Point"",""coordinates"":[-48.02631536333665,-2.174235378154943]}"
00000000000000000312,1,0.2215389798406922,0.5337018692619698,0.6419954768323834,0.5096092224121094,0.5040637964439446,0.7419371604919434,0.4718983059358764,0.0,0.0,0.0,0.0,0.04785409071674657,0.0,0.0,0.0,0.0,0.0,0.0,0.015951363572248856,0.0,0.0,0.2215389798406922,0.5337018692619698,0.6419954768323834,0.5096092224121094,0.45620970572719804,0.7419371604919434,0.4718983059358764,"{""type"":""Point"",""coordinates"":[-46.72223342385219,-1.3570382235951843]}"
00000000000000000351,1,0.19875476766876848,0.48767605015680493,0.6665700872317466,0.464361942000861,0.5125172138214111,0.7821693420410156,0.4435860378952805,0.0,0.0,0.0,0.0,0.03246274625361789,0.030425093245931012,0.0,0.0,0.0,0.0,0.0,0.03246274625361789,0.030425093245931012,0.0,0.19875476766876848,0.48767605015680493,0.6665700872317466,0.464361942000861,0.48005446756779324,0.7517442487950846,0.4435860378952805,"{""type"":""Point"",""coordinates"":[-51.88071772292473,-6.44285255279972]}"
0000000000000000035e,1,0.21382440406697506,0.4587030625843142,0.7888126141167161,0.4459214673212512,0.5586993974969161,0.8600856661082004,0.40147453420784146,0.0,0.04811477974603995,0.0,0.0,0.06090592099244874,0.1188265080932942,0.0,0.0,0.024057389873019974,0.0,0.0,0.03045296049622437,0.0594132540466471,0.0,0.21382440406697506,0.41058828283827425,0.7888126141167161,0.4459214673212512,0.49779347650446737,0.7412591580149062,0.40147453420784146,"{""type"":""Point"",""coordinates"":[-51.94045629973775,-6.537893832652866]}"
00000000000000000377,1,0.2569982739446672,0.519585009758561,0.7056760563220592,0.4874070598227324,0.4616474076568914,0.704145229309016,0.4293416887205475,0.0,0.05663349112638072,0.0,0.0,0.061943629062075845,0.0,0.0,0.0,0.02831674556319036,0.0,0.0,0.030971814531037922,0.0,0.0,0.2569982739446672,0.4629515186321803,0.7056760563220592,0.4874070598227324,0.39970377859481554,0.704145229309016,0.4293416887205475,"{""type"":""Point"",""coordinates"":[-46.350959751940174,-1.759035101765437]}"
000000000000000003a2,1,0.23526841937650264,0.6160437170076569,0.46297175103553256,0.5912546056871186,0.5923603610615339,0.861108980178833,0.5535349173361475,0.0,0.0,-0.1107619620690089,0.0,0.03297772330987181,0.051463851928710946,0.0,0.0,0.0,-0.1107619620690089,0.0,0.016488861654935905,0.025731925964355473,0.0,0.23526841937650264,0.6160437170076569,0.5737337131045415,0.5912546056871186,0.5593826377516621,0.809645128250122,0.5535349173361475,"{""type"":""Point"",""coordinates"":[-49.937842802927825,-6.380688225013631]}"
000000000000000003b3,1,0.23665962434561072,0.6285299738682969,0.4872465822540367,0.6415338544377857,0.6266742253303528,0.8538586146896903,0.5332494290805979,0.0,0.04538611551621052,0.0,0.0,0.03335720539093012,0.0,0.0,0.0,0.01134652887905263,0.0,0.0,0.01667860269546506,0.0,0.0,0.23665962434561072,0.5831438583520864,0.4872465822540367,0.6415338544377857,0.5933170199394227,0.8538586146896903,0.5332494290805979,"{""type"":""Point"",""coordinates"":[-47.72735493320837,-4.0331231298101935]}"
000000000000000003c9,1,0.24497165830949053,0.5962885459323154,0.5330223714904917,0.6583744883537292,0.5290858745574951,0.8452600240707397,0.5332254337369327,0.0,0.0,0.06267200932893113,0.0,-0.03180628967588439,0.0,0.0,0.0,0.0,0.020890669776310378,0.0,-0.03180628967588439,0.0,0.0,0.24497165830949053,0.5962885459323154,0.47035036216156056,0.6583744883537292,0.5608921642333795,0.8452600240707397,0.5332254337369327,"{""type"":""Point"",""coordinates"":[-47.71585937069259,-3.9722162685211764]}"
000000000000000003ca,1,0.24581654308367576,0.5728215226604612,0.5823859231109034,0.6375227235217693,0.5126499538426762,0.8047066267547841,0.49949367157287516,0.0,0.0,0.10252786837318212,0.0,-0.0493807764022558,-0.032789355892158034,0.0,0.0,0.0,0.03417595612439404,0.0,-0.0246903882011279,-0.006557871178431607,0.0,0.24581654308367576,0.5728215226604612,0.4798580547377213,0.6375227235217693,0.562030730244932,0.8374959826469421,0.49949367157287516,"{""type"":""Point"",""coordinates"":[-47.715948552713655,-3.9721270865001075]}"
000000000000000003d5,1,0.23494299839902882,0.5662264424015386,0.7634779696189584,0.43207171211009626,0.5156314164817417,0.8144832584536634,0.47397366770127786,0.0,0.11118672948179692,0.0,0.0,0.14699712615171584,0.06747992830071603,0.0,0.0,0.02779668237044923,0.0,0.0,0.03674928153792896,0.033739964150358015,0.0,0.23494299839902882,0.4550397129197417,0.7634779696189584,0.43207171211009626,0.36863429033002587,0.7470033301529474,0.47397366770127786,"{""type"":""Point"",""coordinates"":[-50.89786942333052,-9.086863145137295]}"
000000000000000004af,1,0.2361201843490433,0.45159754249649264,0.6443575713252809,0.5418531894683838,0.49199315905570984,0.7254225611686707,0.4285648566641809,0.0,0.0,0.0,0.0,-0.047968298826337796,-0.05932428899262965,0.0,0.0,0.0,0.0,0.0,-0.047968298826337796,-0.05932428899262965,0.0,0.2361201843490433,0.45159754249649264,0.6443575713252809,0.5418531894683838,0.5399614578820476,0.7847468501613003,0.4285648566641809,"{""type"":""Point"",""coordinates"":[-50.048424049952224,-9.183612260693907]}"
000000000000000004c0,1,0.24170939069225447,0.43873170988429905,0.6714707059295371,0.5276368856430054,0.4825400710105896,0.7843136497361644,0.4264506541484959,0.0,0.0,0.03286440310684824,0.0,-0.03179973743607256,0.0,0.0,0.0,0.0,0.006572880621369648,0.0,-0.03179973743607256,0.0,0.0,0.24170939069225447,0.43873170988429905,0.6386063028226888,0.5276368856430054,0.5143398084466622,0.7843136497361644,0.4264506541484959,"{""type"":""Point"",""coordinates"":[-50.04869159601543,-9.18352307867284]}"
000000000000000004c5,1,0.23159508050195413,0.4407144061348676,0.6941222641487753,0.5146278367980572,0.5112507985041052,0.7756987703537171,0.3997125661551029,0.0,0.056010078710619415,0.0,0.0,0.032888889787612785,0.0,0.0,0.0,0.014002519677654854,0.0,0.0,0.016444444893806393,0.0,0.0,0.23159508050195413,0.3847043274242482,0.6941222641487753,0.5146278367980572,0.47836190871649237,0.7756987703537171,0.3997125661551029,"{""type"":""Point"",""coordinates"":[-50.0482456859101,-9.18352307867284]}"
000000000000000004e2,1,0.23220582669548004,0.46450445580296285,0.6022401633659187,0.567722722186586,0.4966784119606018,0.8025243878364563,0.4463561478056026,0.0,0.0,0.0,0.0,-0.03637815749649842,0.0,0.0,0.0,0.0,0.0,0.0,-0.03637815749649842,0.0,0.0,0.23220582669548004,0.46450445580296285,0.6022401633659187,0.567722722186586,0.5330565694571002,0.8025243878364563,0.4463561478056026,"{""type"":""Point"",""coordinates"":[-50.04815204478797,-9.18334025552965]}"
00000000000000000505,1,0.2193709485527433,0.432287967060336,0.6386594882107764,0.5493322255885204,0.5368628319512612,0.7756493602030583,0.4038975819668666,0.0,0.0,0.0,0.0,0.041733366807736094,0.03369126486353802,0.0,0.0,0.0,0.0,0.0,0.013911122269245365,0.008422816215884504,0.0,0.2193709485527433,0.432287967060336,0.6386594882107764,0.5493322255885204,0.49512946514352507,0.7419580953395203,0.4038975819668666,"{""type"":""Point"",""coordinates"":[-50.047616952661556,-9.183072709466444]}"
00000000000000000538,1,0.2319645564404835,0.6618910800709266,0.456268221574344,0.6479233646643957,0.6253866229694646,0.8738104520704774,0.5683927554710474,0.0,0.0,-0.03259527370812382,0.0,0.0344095200082174,0.045024036733602335,0.0,0.0,0.0,-0.03259527370812382,0.0,0.011469840002739132,0.015008012244534111,0.0,0.2319645564404835,0.6618910800709266,0.4888634952824678,0.6479233646643957,0.5909771029612472,0.828786415336875,0.5683927554710474,"{""type"":""Point"",""coordinates"":[-46.6766881656923,-1.066795336026392]}"
0000000000000000053c,1,0.22149842064377295,0.7113982940192738,0.5375663702942562,0.6569507122039795,0.5731302499771118,0.8631315105310626,0.5678269660838493,0.0,0.0,0.054364057571318514,0.0,-0.04119667171529717,0.0,0.0,0.0,0.0,0.027182028785659257,0.0,-0.04119667171529717,0.0,0.0,0.22149842064377295,0.7113982940192738,0.48320231272293773,0.6569507122039795,0.614326921692409,0.8631315105310626,0.5678269660838493,"{""type"":""Point"",""coordinates"":[-46.70210950079799,-1.3763550493587116]}"
0000000000000000053e,1,0.23620168025736943,0.7360570635023307,0.5249013632829311,0.6101929208585128,0.5675956010818481,0.8483899831771851,0.5904648982176273,0.0,0.08921692757242317,0.0,0.0,-0.030902830067915277,0.0,0.0,0.0,0.08921692757242317,0.0,0.0,-0.030902830067915277,0.0,0.0,0.23620168025736943,0.6468401359299075,0.5249013632829311,0.6101929208585128,0.5984984311497634,0.8483899831771851,0.5904648982176273,"{""type"":""Point"",""coordinates"":[-46.70210950079799,-1.3765334134008496]}"
0000000000000000057a,1,0.2090832301730846,0.478702925061832,0.6045267087620001,0.5737453829555508,0.5495611429214478,0.8139074227766444,0.4389457005973683,0.0,0.0,0.0,0.0,-0.03211131398249856,0.0,0.0,0.0,0.0,0.0,0.0,-0.03211131398249856,0.0,0.0,0.2090832301730846,0.478702925061832,0.6045267087620001,0.5737453829555508,0.5816724569039463,0.8139074227766444,0.4389457005973683,"{""type"":""Point"",""coordinates"":[-50.56809660492292,-5.818252890940395]}"
00000000000000000584,1,0.2628912210983806,0.4720018653464268,0.7678745769330008,0.4323548071345246,0.402206152677536,0.6957175731658936,0.422854915986166,0.0,0.0,0.0,0.0,0.03419656564964196,0.04257402042135994,0.0,0.0,0.0,0.0,0.0,0.03419656564964196,0.04257402042135994,0.0,0.2628912210983806,0.4720018653464268,0.7678745769330008,0.4323548071345246,0.36800958702789405,0.6531435527445336,0.422854915986166,"{""type"":""Point"",""coordinates"":[-50.89903770780651,-9.084798581349547]}"
00000000000000000591,1,0.21419776245489383,0.6463216785261849,0.6452047647558184,0.5195322279555191,0.43807174933493465,0.794102132320404,0.5348521410497079,0.0,0.036556809393693435,0.0,0.0,-0.04666663063539833,0.0,0.0,0.0,0.036556809393693435,0.0,0.0,-0.009333326127079666,0.0,0.0,0.21419776245489383,0.6097648691324915,0.6452047647558184,0.5195322279555191,0.484738379970333,0.794102132320404,0.5348521410497079,"{""type"":""Point"",""coordinates"":[-46.77217981475184,-1.1514156967176343]}"
0000000000000000059b,1,0.24715112524265234,0.5723983127143248,0.5513579673376061,0.5710046887397766,0.5682510433831658,0.7874886920023496,0.5105831533477322,0.0,0.0,-0.031083666903639062,0.0,0.0504766998925652,0.0,0.0,0.0,0.0,-0.0062167333807278125,0.0,0.01009533997851304,0.0,0.0,0.24715112524265234,0.5723983127143248,0.5824416342412452,0.5710046887397766,0.5177743434906006,0.7874886920023496,0.5105831533477322,"{""type"":""Point"",""coordinates"":[-50.56504657980236,-6.020103018326731]}"
000000000000000005ea,1,0.23517312404929577,0.6035608819084016,0.524177882060166,0.6431578040122986,0.5673265112209118,0.8529219559327265,0.5383807697164893,0.0,0.0,0.044611980469207724,0.0,-0.0346365319919788,0.0,0.0,0.0,0.0,0.014870660156402574,0.0,-0.00692730639839576,0.0,0.0,0.23517312404929577,0.6035608819084016,0.4795659015909583,0.6431578040122986,0.6019630432128906,0.8529219559327265,0.5383807697164893,"{""type"":""Point"",""coordinates"":[-47.7168448320254,-3.9866771332375017]}"
000000000000000005fd,1,0.19985109181789906,0.544578747797344,0.5665782905435746,0.4936124652543589,0.6001614076293054,0.7284376702376737,0.48357706037020937,0.0,0.0,-0.12177112625272501,0.0,0.15450430337553644,0.0,0.0,0.0,0.0,-0.030442781563181254,0.0,0.030900860675107288,0.0,0.0,0.19985109181789906,0.544578747797344,0.6883494167962996,0.4936124652543589,0.4456571042537689,0.7284376702376737,0.48357706037020937,"{""type"":""Point"",""coordinates"":[-48.24792822659185,-2.555573241144581]}"
00000000000000000600,1,0.2369260971879491,0.6237476411291066,0.5472596025975623,0.6311168361904139,0.5631319912715224,0.8521364533625172,0.5431160303127619,0.0,0.0,0.0,0.0,0.04356601137304006,0.03209638817437099,0.0,0.0,0.0,0.0,0.0,0.014522003791013352,0.016048194087185497,0.0,0.2369260971879491,0.6237476411291066,0.5472596025975623,0.6311168361904139,0.5195659798984823,0.8200400651881462,0.5431160303127619,"{""type"":""Point"",""coordinates"":[-46.3399992815508,-1.7724213231278816]}"
000000000000000005c6,1,0.2573322681403149,0.49925735829467266,0.5563781364841238,0.5510134984265662,0.5495350435696275,0.7704106936255075,0.4495246845930722,0.0,0.05127294447040537,-0.054998575340206024,0.0,0.04837767799033532,0.0,0.03036035592974745,0.0,0.05127294447040537,-0.054998575340206024,0.0,0.02418883899516766,0.0,0.03036035592974745,0.2573322681403149,0.4479844138242673,0.6113767118243298,0.5510134984265662,0.5011573655792921,0.7704106936255075,0.41916432866332476,"{""type"":""Point"",""coordinates"":[-51.060822812227634,-6.5438244370539485]}"
000000000000000003a9,1,0.2583168127818838,0.7088022702703453,0.4472626681227191,0.6085605017805903,0.6339606574353214,0.8692827131570254,0.599231464037486,0.0,0.06777203860222736,-0.07835636430750403,0.0,0.09838993987387223,0.04945892466358792,0.031294349579413794,0.0,0.03388601930111368,-0.07835636430750403,0.0,0.019677987974774446,0.02472946233179396,0.015647174789706897,0.2583168127818838,0.6410302316681179,0.5256190324302231,0.6085605017805903,0.5355707175614491,0.8198237884934375,0.5679371144580722,"{""type"":""Point"",""coordinates"":[-49.937842802927825,-6.3805990429925625]}"
0000000000000000050d,1,0.23670340151875238,0.4218251229624752,0.7057089176327366,0.5190395798564882,0.4910282893038268,0.78358867825477,0.40692162325240105,0.0,0.03326833346029118,0.0,0.0,0.0402408198211911,0.05711977725858197,0.03355787143850231,0.0,0.008317083365072794,0.0,0.0,0.010060204955297775,0.014279944314645493,0.008389467859625577,0.23670340151875238,0.38855678950218403,0.7057089176327366,0.5190395798564882,0.4507874694826357,0.726468900996188,0.37336375181389875,"{""type"":""Point"",""coordinates"":[-50.0477953167037,-9.182983527445373]}"
000000000000000005ca,1,0.266272418331386,0.42162644378559194,0.9241413132561129,0.2655248683287196,0.4125489526067779,0.6933137081508245,0.40072212718899225,0.0,0.04500023870857123,0.0,0.0,0.04410095994150959,0.12275475409293501,0.03476017936319348,0.0,0.04500023870857123,0.0,0.0,0.022050479970754794,0.06137737704646751,0.03476017936319348,0.266272418331386,0.3766262050770207,0.9241413132561129,0.2655248683287196,0.3684479926652683,0.5705589540578895,0.3659619478257988,"{""type"":""Point"",""coordinates"":[-51.90407449424268,-6.4462637651056065]}"
00000000000000000417,1,0.2517780636267216,0.5693915907409669,0.6161390522505431,0.528877083812689,0.40594059228897095,0.7136955349984649,0.4939574773712799,0.0,0.06877208441587868,-0.04248157815530362,0.0,-0.034710134705077944,0.0,0.038724439928352616,0.0,0.01719302110396967,-0.010620394538825906,0.0,-0.034710134705077944,0.0,0.009681109982088154,0.2517780636267216,0.5006195063250882,0.6586206304058467,0.528877083812689,0.4406507269940489,0.7136955349984649,0.45523303744292726,"{""type"":""Point"",""coordinates"":[-47.263916101622684,-3.960087513655804]}"
00000000000000000353,1,0.22459929366380887,0.562111594219358,0.6463450492554182,0.5038699716360371,0.5753225088119507,0.8162155151367188,0.5306716338777591,0.0,0.040595902350913926,0.0,0.0,0.059333428973336266,0.06264484858243857,0.05353186444083735,0.0,0.040595902350913926,0.0,0.0,0.059333428973336266,0.06264484858243857,0.05353186444083735,0.22459929366380887,0.521515691868444,0.6463450492554182,0.5038699716360371,0.5159890798386144,0.7535706665542802,0.4771397694369217,"{""type"":""Point"",""coordinates"":[-51.88062854090367,-6.443030916841859]}"
00000000000000000547,1,0.2400145565888448,0.5366889512147943,0.612275218867649,0.5077871936481128,0.5159545253840371,0.7981941070020323,0.5088228069533953,0.0,0.05449552162611915,-0.052490307114607115,0.0,0.03300034572200278,0.044746736204698934,0.056035933489174294,0.0,0.01089910432522383,-0.010498061422921423,0.0,0.01650017286100139,0.022373368102349467,0.028017966744587147,0.2400145565888448,0.48219342958867517,0.6647655259822561,0.5077871936481128,0.4829541796620343,0.7534473707973334,0.45278687346422103,"{""type"":""Point"",""coordinates"":[-47.71693401404646,-3.9735629170393176]}"
000000000000000002bc,0,0.23242708780639074,0.19802745540735317,1.49072467156111,0.014197029058219084,0.15878055526538767,0.3580706781520358,0.21323950563234825,0.0,0.043445310287565236,-0.15944034494054016,0.0,0.03697255117189091,0.085383184112656,0.05638790002245295,0.0,0.014481770095855079,-0.03188806898810803,0.0,0.007394510234378182,0.028461061370885332,0.018795966674150982,0.23242708780639074,0.15458214511978793,1.6501650165016502,0.014197029058219084,0.12180800409349676,0.2726874940393798,0.1568516056098953,"{""type"":""Point"",""coordinates"":[-50.37514238413821,-9.583361751933223]}"
0000000000000000032d,1,0.23599650566882244,0.5314674619561062,0.6659403081907166,0.4810591679036485,0.39664205629620763,0.68055746381976,0.44190628622512707,0.0,0.05248539585929718,0.0,0.0,-0.05000600497927454,0.0,0.06600363392310638,0.0,0.05248539585929718,0.0,0.0,-0.010001200995854909,0.0,0.03300181696155319,0.23599650566882244,0.478982066096809,0.6659403081907166,0.4810591679036485,0.4466480612754822,0.68055746381976,0.3759026523020207,"{""type"":""Point"",""coordinates"":[-47.98310667412876,-2.2121466553113405]}"
000000000000000002cb,0,0.22141894172106108,0.29295685689593254,1.0227854662852922,0.21840796559930717,0.3075662542701978,0.4570640279467323,0.27396542224339715,0.0,0.0,-0.07425547567693713,0.0,0.07809940138162119,0.13784448761533608,0.074122963105203,0.0,0.0,-0.014851095135387427,0.0,0.015619880276324239,0.027568897523067216,0.0148245926210406,0.22141894172106108,0.29295685689593254,1.0970409419622293,0.21840796559930717,0.2294668528885766,0.3192195403313962,0.19984245913819415,"{""type"":""Point"",""coordinates"":[-47.71406235296805,-3.9843405642854957]}"
0000000000000000039e,1,0.24821564357648057,0.6700442971030943,0.4909706914168377,0.5728474733169958,0.5861033950715417,0.8599752681783448,0.5886339345081734,0.0,0.12262354437182565,-0.12282604524766982,0.0,0.056894889917885716,0.0635283573458254,0.08502726431583418,0.0,0.030655886092956414,-0.024565209049533965,0.0,0.028447444958942858,0.0317641786729127,0.028342421438611393,0.24821564357648057,0.5474207527312687,0.6137967366645075,0.5728474733169958,0.529208505153656,0.7964469108325194,0.5036066701923392,"{""type"":""Point"",""coordinates"":[-49.93819953101211,-6.380688225013631]}"
000000000000000002b6,0,0.24255317931862477,0.28051466816680726,1.0962566210920164,0.14130955934524536,0.32506164311162344,0.44878741298576386,0.2779261465400428,0.0,0.04688140207664193,0.14540764640665904,0.0,0.0399774045570398,0.12366125712022902,0.08784408249347436,0.0,0.009376280415328387,0.03635191160166476,0.0,0.007995480911407959,0.024732251424045802,0.01756881649869487,0.24255317931862477,0.23363326609016533,0.9508489746853573,0.14130955934524536,0.28508423855458365,0.32512615586553484,0.1900820640465684,"{""type"":""Point"",""coordinates"":[-51.90380248907842,-6.446357406227728]}"
000000000000000005c7,1,0.25343911112116413,0.46344178670459757,0.9098521657861981,0.33007410497392514,0.4308619523048401,0.7548703016234147,0.448494787984124,0.0,0.10292676110877014,0.0,0.0,0.04361624956130977,0.23139507825879557,0.09559905755174009,0.0,0.034308920369590046,0.0,0.0,0.021808124780654886,0.05784876956469889,0.0318663525172467,0.25343911112116413,0.36051502559582743,0.9098521657861981,0.33007410497392514,0.3872457027435303,0.5234752233646192,0.3528957304323839,"{""type"":""Point"",""coordinates"":[-51.90380248907843,-6.446174583084537]}"
000000000000000005c9,1,0.25343911112116413,0.46344178670459757,0.9098521657861981,0.33007410497392514,0.4308619523048401,0.7548703016234147,0.448494787984124,0.0,0.10292676110877014,0.0,0.0,0.04361624956130977,0.23139507825879557,0.09559905755174009,0.0,0.034308920369590046,0.0,0.0,0.021808124780654886,0.05784876956469889,0.0318663525172467,0.25343911112116413,0.36051502559582743,0.9098521657861981,0.33007410497392514,0.3872457027435303,0.5234752233646192,0.3528957304323839,"{""type"":""Point"",""coordinates"":[-51.90380248907843,-6.446174583084537]}"
00000000000000000335,1,0.25004713824766645,0.48779525291257836,0.6026135416273757,0.45419642453623854,0.5229584884720345,0.8229345227544944,0.506350434326028,0.0,0.0,-0.15001328155469096,0.0,0.05027102053933341,0.12408859980756448,0.09743531920756726,0.0,0.0,-0.03750332038867274,0.0,0.012567755134833353,0.03102214995189112,0.024358829801891815,0.25004713824766645,0.48779525291257836,0.7526268231820666,0.45419642453623854,0.4726874679327011,0.6988459229469299,0.40891511511846074,"{""type"":""Point"",""coordinates"":[-50.37577111738675,-9.58264383666362]}"
00000000000000000062,0,0.2466355237861805,0.5837135575445996,0.8843879840095811,0.40491007655673344,0.42171013355255127,0.6133180439837541,0.5049344279847341,0.0,0.12376837897005499,0.1355171556427609,0.0,0.03311901701354908,0.0,0.1178375458815153,0.0,0.12376837897005499,0.04517238521425363,0.0,0.03311901701354908,0.0,0.1178375458815153,0.2466355237861805,0.45994517857454464,0.7488708283668202,0.40491007655673344,0.3885911165390022,0.6133180439837541,0.3870968821032188,"{""type"":""Point"",""coordinates"":[-46.70085203430091,-1.3767117774429876]}"
000000000000000003cd,1,0.2268270500225412,0.3572554802445995,1.13977657539029,0.1889604792331078,0.41109153628349304,0.5692191182112368,0.3380077566722145,0.0,0.09575448834016059,0.0,0.0,0.08859001991744414,0.0,0.1276416449361577,0.0,0.09575448834016059,0.0,0.0,0.08859001991744414,0.0,0.1276416449361577,0.2268270500225412,0.26150099190443893,1.13977657539029,0.1889604792331078,0.3225015163660489,0.5692191182112368,0.2103661117360568,"{""type"":""Point"",""coordinates"":[-47.71657728596219,-3.9723054505422453]}"
00000000000000000321,1,0.19454406544714922,0.42456576283557196,0.9936756925467626,0.23542036829898572,0.4357111549161802,0.6550558267015015,0.37866379841067876,0.0,0.15596875818983158,0.0,0.0,0.2494919870990095,0.39722928880321684,0.13047833472878656,0.0,0.05198958606327719,0.0,0.0,0.12474599354950475,0.19861464440160842,0.04349277824292885,0.19454406544714922,0.2685970046457404,0.9936756925467626,0.23542036829898572,0.18621916781717068,0.2578265378982847,0.2481854636818922,"{""type"":""Point"",""coordinates"":[-48.4074704031831,-2.4780473102293707]}"
000000000000000005cd,1,0.25541163343379625,0.4564091204096137,0.7843566048629842,0.36868287895483126,0.4617135868646531,0.7309881481768479,0.4315540857133985,0.0,0.09652663379743232,-0.04486528414828428,0.0,0.09439306191274088,0.30440706143450325,0.13427877104833247,0.0,0.09652663379743232,-0.008973056829656855,0.0,0.018878612382548177,0.07610176535862581,0.044759590349444156,0.25541163343379625,0.35988248661218136,0.8292218890112685,0.36868287895483126,0.3673205249519122,0.42658108674234463,0.297275314665066,"{""type"":""Point"",""coordinates"":[-51.90371330705735,-6.446357406227729]}"
000000000000000005ce,1,0.22067849094325911,0.34435730416565274,0.7861352788445318,0.4175540587556043,0.4195200803502175,0.7175573071435953,0.3658526109290968,0.0,0.040767315125780745,0.0,0.0,0.11694344904261555,0.2031550172542721,0.14875114899471079,0.0,0.010191828781445186,0.0,0.0,0.02338868980852311,0.10157750862713605,0.02975022979894216,0.22067849094325911,0.303589989039872,0.7861352788445318,0.4175540587556043,0.30257663130760193,0.5144022898893232,0.21710146193438604,"{""type"":""Point"",""coordinates"":[-51.90380248907843,-6.445635031857069]}"
000000000000000002f8,1,0.2323176900106528,0.6156895888361427,0.7286600831061383,0.43646741568590847,0.43094319105148315,0.7652286291122437,0.5319234463002102,0.0,0.2419250264496854,0.0,0.0,0.06677729423914602,0.16802544033188682,0.18114870096847935,0.0,0.2419250264496854,0.0,0.0,0.06677729423914602,0.16802544033188682,0.18114870096847935,0.2323176900106528,0.3737645623864573,0.7286600831061383,0.43646741568590847,0.36416589681233713,0.5972031887803568,0.3507747453317308,"{""type"":""Point"",""coordinates"":[-46.77667012951265,-1.1351578142767706]}"
00000000000000000022,1,0.20517210692194826,0.5294503909719608,0.8394312847520367,0.4141249335410156,0.46893614530563354,0.6595405854604705,0.4765671669431717,0.0,0.2531860853741947,0.0,0.0,0.19994204550130573,0.0,0.2099154720023575,0.0,0.2531860853741947,0.0,0.0,0.19994204550130573,0.0,0.2099154720023575,0.20517210692194826,0.2762643055977661,0.8394312847520367,0.4141249335410156,0.2689940998043278,0.6595405854604705,0.2666516949408142,"{""type"":""Point"",""coordinates"":[-48.42876261071331,-2.4810126124299123]}"
000000000000000000a6,0,0.23577125487033795,0.2873303403119718,1.207544869670944,0.4023867143989691,0.41364478839455765,0.6794444890202475,0.27242690997047014,0.0,-0.27205955512142443,0.4861176788867948,0.0,0.0,0.0,-0.2279993674698617,0.0,-0.27205955512142443,0.4861176788867948,0.0,0.0,0.0,-0.2279993674698617,0.23577125487033795,0.5593898954333962,0.7214271907841493,0.4023867143989691,0.41364478839455765,0.6794444890202475,0.5004262774403319,"{""type"":""Point"",""coordinates"":[-46.72232260587325,-1.3829099279072772]}"
0000000000000000013d,0,0.23902625159656413,0.3077229299363057,1.0526470438313247,0.4969115813776189,0.47190200316370035,0.4884878695011139,0.2905477274897087,0.0,-0.22288854779271727,0.4613646790292847,0.0,0.0,-0.2850927371348342,-0.18305844375030578,0.0,-0.22288854779271727,0.4613646790292847,0.0,0.0,-0.2850927371348342,-0.18305844375030578,0.23902625159656413,0.530611477729023,0.59128236480204,0.4969115813776189,0.47190200316370035,0.7735806066359481,0.4736061712400145,"{""type"":""Point"",""coordinates"":[-47.726815381980906,-4.032044027355259]}"
00000000000000000244,0,0.22949823315049703,0.37057822104127003,0.9856736715583927,0.4545173494311289,0.4058615678577687,0.6809250870063792,0.32989184438255237,0.0,-0.09243150359570684,0.389215765018353,0.0,0.0,0.0,-0.10854959460258534,0.0,-0.01848630071914137,0.12973858833945098,0.0,0.0,0.0,-0.021709918920517067,0.22949823315049703,0.46300972463697687,0.5964579065400397,0.4545173494311289,0.4058615678577687,0.6809250870063792,0.4384414389851377,"{""type"":""Point"",""coordinates"":[-47.70328024662082,-3.9803898007521425]}"
00000000000000000246,0,0.2350999808632988,0.4706186010496429,0.9698269205643103,0.5080922660280479,0.46215413770409786,0.7629113468982522,0.3805530095553966,0.0,-0.04135447212247545,0.4107808376782466,0.0,0.0,0.0,-0.10740267173912527,0.0,-0.04135447212247545,0.2053904188391233,0.0,0.0,0.0,-0.05370133586956263,0.2350999808632988,0.5119730731721184,0.5590460828860637,0.5080922660280479,0.46215413770409786,0.7629113468982522,0.4879556812945219,"{""type"":""Point"",""coordinates"":[-47.70399816189042,-3.980300618731074]}"
0000000000000000055d,1,0.2506564371612134,0.5229457304422603,0.6656839019683745,0.5243343678851264,0.4646693242692105,0.75150881981385,0.4169441256768054,0.0,0.0,0.0,0.0,0.0,0.0,-0.09350737238010942,0.0,0.0,0.0,0.0,0.0,0.0,-0.018701474476021884,0.2506564371612134,0.5229457304422603,0.6656839019683745,0.5243343678851264,0.4646693242692105,0.75150881981385,0.5104514980569148,"{""type"":""Point"",""coordinates"":[-47.70364143380614,-3.9812905391649394]}"
000000000000000002b2,0,0.2785965013331757,0.35812911810993636,0.7528737700919291,0.4390270968309392,0.34365637477973476,0.5530830243216183,0.295398917046108,0.0,0.0,0.0,0.0,0.0,-0.04343863517592317,-0.08471301121859315,0.0,0.0,0.0,0.0,0.0,-0.014479545058641055,-0.021178252804648287,0.2785965013331757,0.35812911810993636,0.7528737700919291,0.4390270968309392,0.34365637477973476,0.5965216594975414,0.38011192826470114,"{""type"":""Point"",""coordinates"":[-51.06055526616442,-6.544091983117156]}"
000000000000000000dd,0,0.2595747850790768,0.12341648680112491,1.2357338349975184,0.09827680885791779,0.2394372671842575,0.20993256568908691,0.13161537817776015,0.0,-0.07892687711242169,0.0,0.0,0.0,-0.1914368423266597,-0.07658472974723923,0.0,-0.07892687711242169,0.0,0.0,0.0,-0.1914368423266597,-0.07658472974723923,0.2595747850790768,0.2023433639135466,1.2357338349975184,0.09827680885791779,0.2394372671842575,0.4013694080157466,0.20820010792499938,"{""type"":""Point"",""coordinates"":[-50.56899734333572,-5.7734255480501036]}"
0000000000000000055e,1,0.2249669901126648,0.5068172554783654,0.6760876276197176,0.5143364878291082,0.4534600976723647,0.7347927629149567,0.4219744381821052,0.0,0.0,0.0,0.0,0.0,0.0,-0.07631985664436985,0.0,0.0,0.0,0.0,0.0,0.0,-0.015263971328873971,0.2249669901126648,0.5068172554783654,0.6760876276197176,0.5143364878291082,0.4534600976723647,0.7347927629149567,0.4982942948264751,"{""type"":""Point"",""coordinates"":[-47.704091803012545,-3.9812905391649394]}"
00000000000000000206,0,0.18784396484220042,0.13770397877824697,0.9106660129376074,0.3624509423971176,0.252029004387236,0.5395947078436218,0.13266519922935766,0.0,-0.07793341088128836,0.0,0.0,0.0,0.0,-0.07485880659511668,0.0,-0.015586682176257671,0.0,0.0,0.0,0.0,-0.014971761319023336,0.18784396484220042,0.21563738965953533,0.9106660129376074,0.3624509423971176,0.252029004387236,0.5395947078436218,0.20752400582447433,"{""type"":""Point"",""coordinates"":[-46.72232260587325,-1.3561419442834415]}"
000000000000000000de,0,0.24720207054228704,0.09395195597659131,1.1925115928513943,0.07831080257892609,0.21780550555500486,0.14452335238456726,0.10336029541963634,0.0,-0.07523106671673291,-0.11301979263596817,0.0,0.0,-0.17750378747075846,-0.07284304153278279,0.0,-0.07523106671673291,-0.11301979263596817,0.0,0.0,-0.17750378747075846,-0.07284304153278279,0.24720207054228704,0.16918302269332422,1.3055313854873625,0.07831080257892609,0.21780550555500486,0.3220271398553257,0.17620333695241913,"{""type"":""Point"",""coordinates"":[-50.568997343335724,-5.773608371193295]}"
0000000000000000014d,0,0.22910237243643247,0.5769347189369295,0.7985259088313397,0.5987188692880091,0.4757971217920986,0.781647821691559,0.39033612031286524,0.0,0.0,0.3187438038336248,0.0,0.0,0.0,-0.07153862463858696,0.0,0.0,0.1593719019168124,0.0,0.0,0.0,-0.07153862463858696,0.22910237243643247,0.5769347189369295,0.4797821049977149,0.5987188692880091,0.4757971217920986,0.781647821691559,0.4618747449514522,"{""type"":""Point"",""coordinates"":[-47.70552763355175,-3.9815580852281447]}"
000000000000000000a4,0,0.2521020733395945,0.32236360350716053,1.022415039768619,0.3938292217271094,0.4243229280710992,0.4426401047413761,0.27177260812581916,0.0,-0.06483065835417112,0.37496545057297903,0.0,0.0,-0.12564236974623738,-0.06924413417520897,0.0,-0.03241532917708556,0.37496545057297903,0.0,0.0,-0.025128473949247478,-0.06924413417520897,0.2521020733395945,0.38719426186133166,0.6474495891956399,0.3938292217271094,0.4243229280710992,0.5682824744876135,0.34101674230102813,"{""type"":""Point"",""coordinates"":[-46.67641616052802,-1.0735330377181487]}"
000000000000000000a5,0,0.2521020733395945,0.32236360350716053,1.022415039768619,0.3938292217271094,0.4243229280710992,0.4426401047413761,0.27177260812581916,0.0,-0.06483065835417112,0.37496545057297903,0.0,0.0,-0.12564236974623738,-0.06924413417520897,0.0,-0.03241532917708556,0.37496545057297903,0.0,0.0,-0.025128473949247478,-0.06924413417520897,0.2521020733395945,0.38719426186133166,0.6474495891956399,0.3938292217271094,0.4243229280710992,0.5682824744876135,0.34101674230102813,"{""type"":""Point"",""coordinates"":[-46.67641616052802,-1.0735330377181487]}"
00000000000000000016,1,0.20845461485067923,0.543382255760254,0.5126079815117828,0.6662806326571268,0.6119615006443258,0.8553630510965983,0.48662958795517486,0.0,-0.07568315661384462,0.04501238661795548,0.0,0.0,0.0,-0.06588662175777249,0.0,-0.07568315661384462,0.01125309665448887,0.0,0.0,0.0,-0.06588662175777249,0.20845461485067923,0.6190654123740986,0.4675955948938273,0.6662806326571268,0.6119615006443258,0.8553630510965983,0.5525162097129473,"{""type"":""Point"",""coordinates"":[-48.42849060554904,-2.4789480486421667]}"
00000000000000000572,1,0.2629318444428727,0.44307288439738496,0.7625353788071892,0.4260333425192866,0.4084467102547826,0.6534847476036915,0.35015070872363385,0.0,0.0,0.0,0.0,0.0,0.0,-0.06080526508450451,0.0,0.0,0.0,0.0,0.0,0.0,-0.030402632542252256,0.2629318444428727,0.44307288439738496,0.7625353788071892,0.4260333425192866,0.4084467102547826,0.6534847476036915,0.41095597380813836,"{""type"":""Point"",""coordinates"":[-47.3771014636623,-2.297217385208981]}"
000000000000000000d3,0,0.16511142000016601,0.20550253895377135,0.965579955925687,0.37371812492133427,0.3897234204417289,0.5513978715844143,0.2023516903840133,0.0,-0.0747974801464068,0.14690803966824617,0.0,0.0,0.0,-0.05570283083834493,0.0,-0.0747974801464068,0.07345401983412309,0.0,0.0,0.0,-0.05570283083834493,0.16511142000016601,0.28030001910017815,0.8186719162574408,0.37371812492133427,0.3897234204417289,0.5513978715844143,0.2580545212223582,"{""type"":""Point"",""coordinates"":[-50.56827942806611,-5.817173788485461]}"
00000000000000000256,0,0.2586617426138076,0.30127481492775565,0.8773363010253634,0.39220362076198123,0.3437873224417369,0.586345374584198,0.26825734593877393,0.0,-0.03747353516612606,0.17139056663248586,0.0,0.0,0.08320333204786512,-0.052013323629474584,0.0,-0.012491178388708687,0.042847641658121466,0.0,0.0,0.08320333204786512,-0.017337774543158196,0.2586617426138076,0.3387483500938817,0.7059457343928776,0.39220362076198123,0.3437873224417369,0.5031420425363329,0.3202706695682485,"{""type"":""Point"",""coordinates"":[-46.34026682761402,-1.7728716923342795]}"
000000000000000000da,0,0.26312731458813804,0.07277671891639786,1.3940201573207536,0.04811872461522197,0.12349423540129721,0.20760505080918465,0.07414504985902474,0.0,-0.047973384456669016,0.04568004008586435,0.0,0.0,0.0,-0.04878095894604832,0.0,-0.047973384456669016,0.00913600801717287,0.0,0.0,0.0,-0.04878095894604832,0.26312731458813804,0.12075010337306688,1.3483401172348892,0.04811872461522197,0.12349423540129721,0.20760505080918465,0.12292600880507307,"{""type"":""Point"",""coordinates"":[-50.56773987683865,-5.816545055236926]}"
000000000000000002e4,1,0.25008294228227423,0.5505538210628517,0.5590161782777326,0.6285099029541014,0.5612345648035458,0.8013382993700648,0.4616655651024454,0.0,-0.07652554584270055,0.0635587673320247,0.0,0.0,0.0,-0.04852577849333817,0.0,-0.01530510916854011,0.015889691833006175,0.0,0.0,0.0,-0.04852577849333817,0.25008294228227423,0.6270793669055522,0.49545741094570794,0.6285099029541014,0.5612345648035458,0.8013382993700648,0.5101913435957836,"{""type"":""Point"",""coordinates"":[-46.34197466331749,-1.7636190576483792]}"
00000000000000000366,1,0.25145396632591777,0.40746561735231657,0.8691464650876372,0.32072262215146563,0.3936602583889732,0.6570036454703694,0.35587668758033786,0.0,-0.049049354937139245,0.038523073344839176,0.0,0.0,0.0,-0.048273558095056346,0.0,-0.016349784979046416,0.007704614668967835,0.0,0.0,0.0,-0.01609118603168545,0.25145396632591777,0.4565149722894558,0.830623391742798,0.32072262215146563,0.3936602583889732,0.6570036454703694,0.4041502456753942,"{""type"":""Point"",""coordinates"":[-46.67623779648589,-1.0742509529877537]}"
0000000000000000030f,1,0.218297844646561,0.5827123213549178,0.5605268539558139,0.599052070356688,0.5310400740160474,0.8231982665237342,0.5208528447914911,0.0,-0.05870991869157893,0.0,0.0,0.0,0.0,-0.04673656589665798,0.0,-0.05870991869157893,0.0,0.0,0.0,0.0,-0.04673656589665798,0.218297844646561,0.6414222400464967,0.5605268539558139,0.599052070356688,0.5310400740160474,0.8231982665237342,0.567589410688149,"{""type"":""Point"",""coordinates"":[-46.77613057828519,-1.137311560085585]}"
00000000000000000019,1,0.2234004708063356,0.5396754480565492,0.5448144507316344,0.6515916534311723,0.5752918375056698,0.837562417699484,0.48340253704103664,0.0,-0.045570474238967984,0.07015940218930411,0.0,0.0,0.0,-0.046309454787506366,0.0,-0.022785237119483992,0.017539850547326027,0.0,0.0,0.0,-0.023154727393753183,0.2234004708063356,0.5852459222955172,0.47465504854233026,0.6515916534311723,0.5752918375056698,0.837562417699484,0.529711991828543,"{""type"":""Point"",""coordinates"":[-48.42822305948583,-2.4789480486421667]}"
00000000000000000211,0,0.24431018733588022,0.3807643863980562,0.7801501863407918,0.35213879885788607,0.3903909270198529,0.43425044608540614,0.30941903307302815,0.0,-0.042130265100509434,0.044232284931215005,0.0,0.0,-0.05562972235255165,-0.045231817650051354,0.0,-0.014043421700169811,0.014744094977071668,0.0,0.0,-0.027814861176275824,-0.022615908825025677,0.24431018733588022,0.42289465149856564,0.7359179014095768,0.35213879885788607,0.3903909270198529,0.4898801684379578,0.3546508507230795,"{""type"":""Point"",""coordinates"":[-46.677134075797625,-1.0666125128832007]}"
00000000000000000006,1,0.23262250718924912,0.568417242838821,0.5509506717124862,0.616786396137427,0.5662756814799308,0.8402040906125543,0.47328839058595634,0.0,0.0,0.0,0.0,0.0,0.0,-0.044985460815684164,0.0,0.0,0.0,0.0,0.0,0.0,-0.008997092163136832,0.23262250718924912,0.568417242838821,0.5509506717124862,0.616786396137427,0.5662756814799308,0.8402040906125543,0.5182738514016405,"{""type"":""Point"",""coordinates"":[-48.42849060554904,-2.4793047767264422]}"
000000000000000005d2,1,0.26478069582213737,0.4885713330260784,0.6694378962494782,0.5189052027388154,0.49625180280899717,0.7715608656694043,0.42077296497157557,0.0,0.0,0.0,0.0,0.0,0.0,-0.04221931556932135,0.0,0.0,0.0,0.0,0.0,0.0,-0.04221931556932135,0.26478069582213737,0.4885713330260784,0.6694378962494782,0.5189052027388154,0.49625180280899717,0.7715608656694043,0.4629922805408969,"{""type"":""Point"",""coordinates"":[-52.03989871233065,-6.33586088212334]}"
00000000000000000602,1,0.2229856163388717,0.6195331087499779,0.5232369298363619,0.6255086245881174,0.5372034529340909,0.8185477940346547,0.4991717079836189,0.0,0.0,0.0,0.0,0.0,0.0,-0.04211501364210324,0.0,0.0,0.0,0.0,0.0,0.0,-0.04211501364210324,0.2229856163388717,0.6195331087499779,0.5232369298363619,0.6255086245881174,0.5372034529340909,0.8185477940346547,0.5412867216257221,"{""type"":""Point"",""coordinates"":[-46.34035600963508,-1.7723321411068127]}"
0000000000000000022c,0,0.24590931034318236,0.156439846365132,0.9687882919479832,0.21156958279645946,0.20476605146326315,0.23027762011843608,0.16121001255273526,0.0,-0.04973184305750994,0.0,0.0,0.0,0.0,-0.04126453897023724,0.0,-0.01657728101916998,0.0,0.0,0.0,0.0,-0.013754846323412414,0.24590931034318236,0.20617168942264194,0.9687882919479832,0.21156958279645946,0.20476605146326315,0.23027762011843608,0.2024745515229725,"{""type"":""Point"",""coordinates"":[-47.37872011734471,-2.3070987531434164]}"
00000000000000000224,0,0.24349213812710083,0.2504096162949109,1.1390482133106405,0.17852712762557932,0.2801635555355624,0.40750229358673096,0.2223366178403001,0.0,0.0,0.0,0.0,0.0,0.0,-0.03936609603514843,0.0,0.0,0.0,0.0,0.0,0.0,-0.007873219207029686,0.24349213812710083,0.2504096162949109,1.1390482133106405,0.17852712762557932,0.2801635555355624,0.40750229358673096,0.2617027138754485,"{""type"":""Point"",""coordinates"":[-47.716488103941124,-3.9732953709761105]}"
0000000000000000022a,0,0.24349213812710083,0.2504096162949109,1.1390482133106405,0.17852712762557932,0.2801635555355624,0.40750229358673096,0.2223366178403001,0.0,0.0,0.0,0.0,0.0,0.0,-0.03936609603514843,0.0,0.0,0.0,0.0,0.0,0.0,-0.007873219207029686,0.24349213812710083,0.2504096162949109,1.1390482133106405,0.17852712762557932,0.2801635555355624,0.40750229358673096,0.2617027138754485,"{""type"":""Point"",""coordinates"":[-47.716488103941124,-3.9732953709761105]}"
0000000000000000026b,0,0.22491058064925462,0.3904847124823494,1.0374249895253784,0.2885764451580278,0.34274236131516567,0.6170770408265717,0.3466555794762901,0.0,-0.04563627965840006,0.1728141342898346,0.0,0.0,0.0,-0.0391598249642533,0.0,-0.02281813982920003,0.05760471142994487,0.0,0.0,0.0,-0.01957991248212665,0.22491058064925462,0.43612099214074945,0.8646108552355438,0.2885764451580278,0.34274236131516567,0.6170770408265717,0.3858154044405434,"{""type"":""Point"",""coordinates"":[-48.27433948213142,-2.530330270081024]}"
0000000000000000056f,1,0.21336693313199917,0.489663619155449,0.6477245332735075,0.5240675258729832,0.5129819049550802,0.7645964475144614,0.4157557622131239,0.0,0.0,0.0,0.0,0.0,0.0,-0.03907590062471339,0.0,0.0,0.0,0.0,0.0,0.0,-0.019537950312356694,0.21336693313199917,0.489663619155449,0.6477245332735075,0.5240675258729832,0.5129819049550802,0.7645964475144614,0.45483166283783727,"{""type"":""Point"",""coordinates"":[-48.27407193606821,-2.531315731413836]}"
00000000000000000015,1,0.23419405814812894,0.534095709136039,0.5057558985397871,0.6357708851896898,0.5915160895153059,0.8378454685973266,0.49117132369979966,0.0,-0.05579773259112042,0.0,0.0,0.0,0.0,-0.03840141085327842,0.0,-0.05579773259112042,0.0,0.0,0.0,0.0,-0.03840141085327842,0.23419405814812894,0.5898934417271594,0.5057558985397871,0.6357708851896898,0.5915160895153059,0.8378454685973266,0.5295727345530781,"{""type"":""Point"",""coordinates"":[-48.42822305948583,-2.4790372306632364]}"
00000000000000000330,1,0.22529865729238396,0.49282275303712925,0.6437167121631976,0.5323576724188198,0.5180722063839728,0.7895961289760207,0.41960214154184605,0.0,0.0,0.0,0.0,0.0,0.0,-0.03680110871381603,0.0,0.0,0.0,0.0,0.0,0.0,-0.03680110871381603,0.22529865729238396,0.49282275303712925,0.6437167121631976,0.5323576724188198,0.5180722063839728,0.7895961289760207,0.4564032502556621,"{""type"":""Point"",""coordinates"":[-48.274161118089275,-2.5312265493927666]}"
00000000000000000012,1,0.22131617833940231,0.6214357357552028,0.46455170274057533,0.671678893146157,0.623927223538612,0.8562000031465599,0.5227604455865327,0.0,0.0,0.0,0.0,0.0,0.0,-0.033509565213353465,0.0,0.0,0.0,0.0,0.0,0.0,-0.033509565213353465,0.22131617833940231,0.6214357357552028,0.46455170274057533,0.671678893146157,0.623927223538612,0.8562000031465599,0.5562700107998861,"{""type"":""Point"",""coordinates"":[-48.42849060554904,-2.479037230663236]}"
0000000000000000020a,0,0.1826109271777963,0.07559326636002238,1.6161575081468977,0.1127199221639415,0.008750834542777836,0.32066431575456955,0.07398153168533536,0.0,-0.03186251888184187,0.5379377605755349,0.0,0.0,-0.08057435916424105,-0.03342408299714711,0.0,-0.007965629720460467,0.10758755211510698,0.0,0.0,-0.020143589791060262,-0.008356020749286777,0.1826109271777963,0.10745578524186425,1.0782197475713629,0.1127199221639415,0.008750834542777836,0.4012386749188106,0.10740561468248247,"{""type"":""Point"",""coordinates"":[-46.72223342385218,-1.3560527622623724]}"
0000000000000000058f,1,0.2505838754107889,0.4929415979246248,0.7732604389725729,0.4754648426871652,0.460008797292417,0.7306416444278571,0.4653506729106165,0.0,-0.0484534868478681,0.055035937213590236,0.0,0.0,-0.037329752018370965,-0.03159542168427737,0.0,-0.00969069736957362,0.011007187442718048,0.0,0.0,-0.007465950403674193,-0.006319084336855474,0.2505838754107889,0.5413950847724929,0.7182245017589827,0.4754648426871652,0.460008797292417,0.767971396446228,0.49694609459489386,"{""type"":""Point"",""coordinates"":[-51.92877791407878,-6.504566511379411]}"
0000000000000000002a,1,0.22181271236401293,0.4615978621924442,0.759351486286507,0.4399381426946786,0.45106212969676834,0.6773863451341269,0.4277386913121757,0.0,0.0,0.0,0.0,0.0,0.0,-0.030377073602833815,0.0,0.0,0.0,0.0,0.0,0.0,-0.006075414720566763,0.22181271236401293,0.4615978621924442,0.759351486286507,0.4399381426946786,0.45106212969676834,0.6773863451341269,0.4581157649150095,"{""type"":""Point"",""coordinates"":[-48.42714395703091,-2.477686123044042]}"
00000000000000000272,0,0.2736014265592964,0.35760855433879507,0.8003873598162009,0.3835367390087301,0.36864287540744267,0.49656949987183946,0.32666879963319884,0.0,-0.030098457336179718,0.0,0.0,0.0,0.09924573694634892,-0.030164365573176144,0.0,-0.010032819112059907,0.0,0.0,0.0,0.019849147389269784,-0.010054788524392047,0.2736014265592964,0.3877070116749748,0.8003873598162009,0.3835367390087301,0.36864287540744267,0.39732376292549054,0.356833165206375,"{""type"":""Point"",""coordinates"":[-47.376655553556965,-2.2958707366908397]}"
00000000000000000002,1,0.15944735336437102,0.6401837243161265,0.48934122689365406,0.6594833390452814,0.6118473608642071,0.8195216127218893,0.5472092862692977,0.0,0.0,0.0,0.0,0.0,0.0,0.0,0.0,0.0,0.0,0.0,0.0,0.0,0.0,0.15944735336437102,0.6401837243161265,0.48934122689365406,0.6594833390452814,0.6118473608642071,0.8195216127218893,0.5472092862692977,"{""type"":""Point"",""coordinates"":[-48.42651522378236,-2.4816413456784483]}"
00000000000000000003,1,0.16124445801033474,0.65609464719257,0.4938240451192256,0.6589897777282493,0.6125233466384112,0.8206975846273702,0.5497241929258805,0.0,0.038928183960168505,0.0,0.0,0.0,0.0,0.0,0.0,0.038928183960168505,0.0,0.0,0.0,0.0,0.0,0.16124445801033474,0.6171664632324015,0.4938240451192256,0.6589897777282493,0.6125233466384112,0.8206975846273702,0.5497241929258805,"{""type"":""Point"",""coordinates"":[-48.426426041761296,-2.481641345678448]}"
00000000000000000004,1,0.15927655602036722,0.6187606302646972,0.4897506252315818,0.6648937895895094,0.6179443638290576,0.8192553260708743,0.5540128463517016,0.0,0.0,0.0,0.0,0.0,0.0,0.0,0.0,0.0,0.0,0.0,0.0,0.0,0.0,0.15927655602036722,0.6187606302646972,0.4897506252315818,0.6648937895895094,0.6179443638290576,0.8192553260708743,0.5540128463517016,"{""type"":""Point"",""coordinates"":[-48.42651522378236,-2.481552163657379]}"
00000000000000000005,1,0.16156343515817337,0.6543279922626379,0.4825633615717549,0.6594549896128101,0.6167452271245736,0.8112668536958241,0.5511163569171015,0.0,0.04850459820790454,0.0,0.0,0.0,0.0,0.0,0.0,0.04850459820790454,0.0,0.0,0.0,0.0,0.0,0.16156343515817337,0.6058233940547334,0.4825633615717549,0.6594549896128101,0.6167452271245736,0.8112668536958241,0.5511163569171015,"{""type"":""Point"",""coordinates"":[-48.426426041761296,-2.481552163657379]}"
00000000000000000007,1,0.2317859754985994,0.5814041116160512,0.49677625695112615,0.6430452416857249,0.613218673066622,0.8511059676037155,0.5183431344437799,0.0,0.0,0.0,0.0,0.0,0.0,0.0,0.0,0.0,0.0,0.0,0.0,0.0,0.0,0.2317859754985994,0.5814041116160512,0.49677625695112615,0.6430452416857249,0.613218673066622,0.8511059676037155,0.5183431344437799,"{""type"":""Point"",""coordinates"":[-48.42840142352797,-2.4793047767264427]}"
00000000000000000008,1,0.24981833030397826,0.6282513916899982,0.4632911088606568,0.6750467766164261,0.633961619934503,0.8592693824283081,0.5590641540680186,0.0,0.0,0.0,0.0,0.0,0.0,0.0,0.0,0.0,0.0,0.0,0.0,0.0,0.0,0.24981833030397826,0.6282513916899982,0.4632911088606568,0.6750467766164261,0.633961619934503,0.8592693824283081,0.5590641540680186,"{""type"":""Point"",""coordinates"":[-48.4283122415069,-2.4793047767264427]}"
0000000000000000000a,1,0.226010014708471,0.511973155852104,0.5474088130619653,0.6328285038471222,0.5719187498092652,0.8416170248875342,0.4914979652261506,0.0,-0.033542334143139674,0.0,0.0,0.0,0.0,0.0,0.0,-0.011180778047713225,0.0,0.0,0.0,0.0,0.0,0.226010014708471,0.5455154899952437,0.5474088130619653,0.6328285038471222,0.5719187498092652,0.8416170248875342,0.4914979652261506,"{""type"":""Point"",""coordinates"":[-48.42849060554904,-2.479215594705374]}"
0000000000000000000b,1,0.22476022042043245,0.5200312924609873,0.5504740948719271,0.6524469725833255,0.5941015823831546,0.8570348024368286,0.5018725674749333,0.0,-0.030740158542998608,0.03387223807274775,0.0,0.0,0.0,0.0,0.0,-0.030740158542998608,0.016936119036373876,0.0,0.0,0.0,0.0,0.22476022042043245,0.550771451003986,0.5166018567991794,0.6524469725833255,0.5941015823831546,0.8570348024368286,0.5018725674749333,"{""type"":""Point"",""coordinates"":[-48.42840142352797,-2.4792155947053733]}"
0000000000000000000c,1,0.2469605432559847,0.566016326288314,0.47343833307762007,0.6708158011127582,0.6278508225851843,0.8509267171223959,0.5374859864094367,0.0,-0.06201446867656413,0.0,0.0,0.0,0.0,0.0,0.0,-0.031007234338282064,0.0,0.0,0.0,0.0,0.0,0.2469605432559847,0.6280307949648781,0.47343833307762007,0.6708158011127582,0.6278508225851843,0.8509267171223959,0.5374859864094367,"{""type"":""Point"",""coordinates"":[-48.428312241506895,-2.479215594705374]}"
0000000000000000000e,1,0.2204711282528984,0.5903886540515679,0.5093412054412767,0.6374747387617451,0.6075063347816467,0.8466718215206654,0.531841294528524,0.0,0.0,0.0,0.0,0.0,0.0,0.0,0.0,0.0,0.0,0.0,0.0,0.0,0.0,0.2204711282528984,0.5903886540515679,0.5093412054412767,0.6374747387617451,0.6075063347816467,0.8466718215206654,0.531841294528524,"{""type"":""Point"",""coordinates"":[-48.42849060554904,-2.479126412684305]}"
0000000000000000000f,1,0.23331896197829827,0.6139910810520977,0.49697548134774433,0.647331866218572,0.5963129897912344,0.8404111127152699,0.5399281375476438,0.0,0.0,0.0,0.0,0.0,0.0,0.0,0.0,0.0,0.0,0.0,0.0,0.0,0.0,0.23331896197829827,0.6139910810520977,0.49697548134774433,0.647331866218572,0.5963129897912344,0.8404111127152699,0.5399281375476438,"{""type"":""Point"",""coordinates"":[-48.42840142352797,-2.479126412684305]}"
00000000000000000010,1,0.23715709841973992,0.6286843241576172,0.4725144286125625,0.6621654395538985,0.6015908724177933,0.8491496443748474,0.5561633407803248,0.0,0.0,0.0,0.0,0.0,0.0,0.0,0.0,0.0,0.0,0.0,0.0,0.0,0.0,0.23715709841973992,0.6286843241576172,0.4725144286125625,0.6621654395538985,0.6015908724177933,0.8491496443748474,0.5561633407803248,"{""type"":""Point"",""coordinates"":[-48.428312241506895,-2.479126412684305]}"
00000000000000000011,1,0.2362684499794783,0.6162294655791866,0.4833526686404423,0.6577357706766654,0.5980182357219515,0.8429736363752277,0.5401711883557888,0.0,0.0,0.0,0.0,0.0,0.0,0.0,0.0,0.0,0.0,0.0,0.0,0.0,0.0,0.2362684499794783,0.6162294655791866,0.4833526686404423,0.6577357706766654,0.5980182357219515,0.8429736363752277,0.5401711883557888,"{""type"":""Point"",""coordinates"":[-48.42822305948582,-2.479126412684305]}"
00000000000000000013,1,0.22436444893751364,0.6535341935674988,0.474302496328928,0.6743686004807684,0.6248897583587304,0.8558250817176569,0.5740629972982916,0.0,0.0,0.0,0.0,0.0,0.0,0.0,0.0,0.0,0.0,0.0,0.0,0.0,0.0,0.22436444893751364,0.6535341935674988,0.474302496328928,0.6743686004807684,0.6248897583587304,0.8558250817176569,0.5740629972982916,"{""type"":""Point"",""coordinates"":[-48.42840142352797,-2.4790372306632364]}"
00000000000000000014,1,0.23252049701327493,0.631977747657608,0.4841451451620684,0.6639597199910996,0.6110974672348881,0.8425872237121947,0.5562364468391952,0.0,0.0,0.0,0.0,0.0,0.0,0.0,0.0,0.0,0.0,0.0,0.0,0.0,0.0,0.23252049701327493,0.631977747657608,0.4841451451620684,0.6639597199910996,0.6110974672348881,0.8425872237121947,0.5562364468391952,"{""type"":""Point"",""coordinates"":[-48.4283122415069,-2.4790372306632364]}"
00000000000000000017,1,0.22329266109090729,0.6525214990093696,0.4621326674259576,0.6693964894193871,0.6063184648485237,0.8475247833922392,0.5632558977722358,0.0,0.0,0.0,0.0,0.0,0.0,0.0,0.0,0.0,0.0,0.0,0.0,0.0,0.0,0.22329266109090729,0.6525214990093696,0.4621326674259576,0.6693964894193871,0.6063184648485237,0.8475247833922392,0.5632558977722358,"{""type"":""Point"",""coordinates"":[-48.42840142352797,-2.4789480486421667]}"
00000000000000000018,1,0.22678075223511984,0.6354100743805117,0.5156448202854282,0.6636523628628354,0.6057533232016746,0.8544654041850454,0.5627850741146808,0.0,0.0,0.048879667813508776,0.0,0.0,0.0,0.0,0.0,0.0,0.016293222604502926,0.0,0.0,0.0,0.0,0.22678075223511984,0.6354100743805117,0.46676515247191946,0.6636523628628354,0.6057533232016746,0.8544654041850454,0.5627850741146808,"{""type"":""Point"",""coordinates"":[-48.4283122415069,-2.478948048642167]}"
00000000000000000020,1,0.22279602386283376,0.5442030122372138,0.8053753288912154,0.445925485142942,0.43252805201536276,0.6852769681385585,0.42990992670200345,0.0,0.25851452991383816,0.0,0.0,0.0,0.0,0.0,0.0,0.25851452991383816,0.0,0.0,0.0,0.0,0.0,0.22279602386283376,0.2856884823233756,0.8053753288912154,0.445925485142942,0.43252805201536276,0.6852769681385585,0.42990992670200345,"{""type"":""Point"",""coordinates"":[-48.428940974755434,-2.4810126124299123]}"
00000000000000000023,1,0.2273685494539896,0.4879713275599486,0.7666829175468387,0.45428680047214515,0.45822373026843305,0.6776835598019374,0.44101410000120955,0.0,0.0,0.0,0.0,0.0,0.0,0.0,0.0,0.0,0.0,0.0,0.0,0.0,0.0,0.2273685494539896,0.4879713275599486,0.7666829175468387,0.45428680047214515,0.45822373026843305,0.6776835598019374,0.44101410000120955,"{""type"":""Point"",""coordinates"":[-48.428940974755434,-2.4809234304088434]}"
00000000000000000024,1,0.22255740246559533,0.46440744118235056,0.7883862009763137,0.4527222889183435,0.45295293691416166,0.6681855303708547,0.42028441969876307,0.0,0.0,0.0,0.0,0.0,0.0,0.0,0.0,0.0,0.0,0.0,0.0,0.0,0.0,0.22255740246559533,0.46440744118235056,0.7883862009763137,0.4527222889183435,0.45295293691416166,0.6681855303708547,0.42028441969876307,"{""type"":""Point"",""coordinates"":[-48.42885179273438,-2.480923430408843]}"
00000000000000000025,1,0.22768993489216102,0.4899001409564224,0.7562889133387225,0.4602318022949231,0.4681095871395148,0.6982010766625361,0.44949541440157864,0.0,0.0,0.0,0.0,0.0,0.0,0.0,0.0,0.0,0.0,0.0,0.0,0.0,0.0,0.22768993489216102,0.4899001409564224,0.7562889133387225,0.4602318022949231,0.4681095871395148,0.6982010766625361,0.44949541440157864,"{""type"":""Point"",""coordinates"":[-48.428940974755434,-2.4808342483877746]}"
00000000000000000029,1,0.23158088710435681,0.47295658936567075,0.7448515838396295,0.44480089776731024,0.4607408824086027,0.680286660076602,0.42695054408774885,0.0,0.0,0.0,0.0,0.0,0.0,0.0,0.0,0.0,0.0,0.0,0.0,0.0,0.0,0.23158088710435681,0.47295658936567075,0.7448515838396295,0.44480089776731024,0.4607408824086027,0.680286660076602,0.42695054408774885,"{""type"":""Point"",""coordinates"":[-48.42696559298876,-2.477779764166164]}"
0000000000000000002b,1,0.2411241820074636,0.47516591934167235,0.7312893866531595,0.45050945571009243,0.4641713365340473,0.710597574710846,0.47249440124883935,0.0,0.0,0.0,0.0,0.0,0.0,0.0,0.0,0.0,0.0,0.0,0.0,0.0,0.0,0.2411241820074636,0.47516591934167235,0.7312893866531595,0.45050945571009243,0.4641713365340473,0.710597574710846,0.47249440124883935,"{""type"":""Point"",""coordinates"":[-48.42705477500983,-2.477686123044042]}"
0000000000000000002c,1,0.22551209164950184,0.4964059292143474,0.6908065070052617,0.46604215653895414,0.48818653869033746,0.7067224075434793,0.4704106950651616,0.0,0.0,0.0,0.0,0.0,0.0,0.0,0.0,0.0,0.0,0.0,0.0,0.0,0.0,0.22551209164950184,0.4964059292143474,0.6908065070052617,0.46604215653895414,0.48818653869033746,0.7067224075434793,0.4704106950651616,"{""type"":""Point"",""coordinates"":[-48.42696559298876,-2.477686123044042]}"
00000000000000000033,1,0.21311467192442324,0.5140658905115577,0.649330956921651,0.5232180485902787,0.5206927755319343,0.7248062486744644,0.4646850064982404,0.0,0.0,0.0,0.0,0.0,0.0,0.0,0.0,0.0,0.0,0.0,0.0,0.0,0.0,0.21311467192442324,0.5140658905115577,0.649330956921651,0.5232180485902787,0.5206927755319343,0.7248062486744644,0.4646850064982404,"{""type"":""Point"",""coordinates"":[-48.427861872300504,-2.4816413456784483]}"
00000000000000000035,1,0.2210192921618284,0.3920662134461914,0.724499354445074,0.369771584571706,0.44154808698134007,0.646685065683325,0.3700451329501083,0.0,0.0,0.0,0.0,0.0,-0.035477507969142175,0.0,0.0,0.0,0.0,0.0,0.0,-0.017738753984571087,0.0,0.2210192921618284,0.3920662134461914,0.724499354445074,0.369771584571706,0.44154808698134007,0.6821625736524671,0.3700451329501083,"{""type"":""Point"",""coordinates"":[-48.42445065999462,-2.479126412684305]}"
00000000000000000037,1,0.21912618585673188,0.5022921160708066,0.7611820945260346,0.46111289025254687,0.46976008971251215,0.7790989875793457,0.45390237708295683,0.0,0.0,0.0,0.0,0.0,0.2485576195294017,0.0,0.0,0.0,0.0,0.0,0.0,0.2485576195294017,0.0,0.21912618585673188,0.5022921160708066,0.7611820945260346,0.46111289025254687,0.46976008971251215,0.530541368049944,0.45390237708295683,"{""type"":""Point"",""coordinates"":[-48.428312241506895,-2.48262680701126]}"
00000000000000000039,0,0.24511701344944523,0.41993181990026107,0.8945229877479729,0.33060833649130694,0.4790753934312126,0.6150979694394404,0.37991097511405336,0.0,0.0,0.0,0.0,0.0,0.0,0.0,0.0,0.0,0.0,0.0,0.0,0.0,0.0,0.24511701344944523,0.41993181990026107,0.8945229877479729,0.33060833649130694,0.4790753934312126,0.6150979694394404,0.37991097511405336,"{""type"":""Point"",""coordinates"":[-48.42382192674608,-2.4840670966515233]}"
0000000000000000003a,0,0.25599238540077096,0.41587027215089395,0.8858777103401072,0.35253261627005966,0.4723196019576772,0.6962100583572567,0.3847748055044051,0.0,0.0,0.0,0.0,0.0,0.0,0.0,0.0,0.0,0.0,0.0,0.0,0.0,0.0,0.25599238540077096,0.41587027215089395,0.8858777103401072,0.35253261627005966,0.4723196019576772,0.6962100583572567,0.3847748055044051,"{""type"":""Point"",""coordinates"":[-48.42372828562396,-2.4840670966515233]}"
0000000000000000003c,0,0.26298001598664267,0.4307082366135325,0.9225636681796503,0.3341702399125449,0.487752724561268,0.4164607524871826,0.3955229818335545,0.0,0.0,0.0,0.0,0.0,-0.4206777039842642,0.0,0.0,0.0,0.0,0.0,0.0,-0.4206777039842642,0.0,0.26298001598664267,0.4307082366135325,0.9225636681796503,0.3341702399125449,0.487752724561268,0.8371384564714468,0.3955229818335545,"{""type"":""Point"",""coordinates"":[-48.42382192674608,-2.483977914630454]}"
0000000000000000003d,0,0.257744193406711,0.4179503525472374,0.9441924182706488,0.31476500089471215,0.475524674206396,0.69122440800615,0.38982315211040675,0.0,0.0,0.0,0.0,0.0,0.0,0.0,0.0,0.0,0.0,0.0,0.0,0.0,0.0,0.257744193406711,0.4179503525472374,0.9441924182706488,0.31476500089471215,0.475524674206396,0.69122440800615,0.38982315211040675,"{""type"":""Point"",""coordinates"":[-48.423728285623966,-2.483977914630454]}"
0000000000000000003f,0,0.25122499481944893,0.41253643613382385,0.9282841317687763,0.3107430823997774,0.46551005295739145,0.5924406171268403,0.38446651478816474,0.0,0.0,0.0,0.0,0.0,0.0,0.0,0.0,0.0,0.0,0.0,0.0,0.0,0.0,0.25122499481944893,0.41253643613382385,0.9282841317687763,0.3107430823997774,0.46551005295739145,0.5924406171268403,0.38446651478816474,"{""type"":""Point"",""coordinates"":[-48.42372828562396,-2.483888732609385]}"
00000000000000000051,0,0.15419042793732685,0.24843114267981523,1.2206318147239943,0.09400966621530002,0.22980542252569422,0.3709198832511902,0.21344769651835252,0.0,0.035545928964274,0.0,0.0,0.0,0.07342392252404861,0.0,0.0,0.035545928964274,0.0,0.0,0.0,0.07342392252404861,0.0,0.15419042793732685,0.21288521371554123,1.2206318147239943,0.09400966621530002,0.22980542252569422,0.2974959607271416,0.21344769651835252,"{""type"":""Point"",""coordinates"":[-48.42543612132744,-2.483527545424056]}"
00000000000000000052,0,0.16258758457057607,0.2376676637792414,1.0676671870269099,0.18093126082678337,0.3272942006587982,0.3483978947263581,0.2060165979162848,0.0,0.0,0.0,0.0,0.0,0.0,0.0,0.0,0.0,0.0,0.0,0.0,0.0,0.0,0.16258758457057607,0.2376676637792414,1.0676671870269099,0.18093126082678337,0.3272942006587982,0.3483978947263581,0.2060165979162848,"{""type"":""Point"",""coordinates"":[-48.42543612132744,-2.4834383634029873]}"
00000000000000000054,0,0.25097655367816735,0.4183318290982379,0.9465093627566252,0.38005199912713794,0.4093931189605168,0.6399781499697896,0.38279278465691674,0.0,0.0,0.2813930079183553,0.0,0.0,0.0,0.0,0.0,0.0,0.14069650395917765,0.0,0.0,0.0,0.0,0.25097655367816735,0.4183318290982379,0.6651163548382699,0.38005199912713794,0.4093931189605168,0.6399781499697896,0.38279278465691674,"{""type"":""Point"",""coordinates"":[-48.42948052598291,-2.4820917148848465]}"
00000000000000000055,0,0.2419205509974814,0.413580778836668,0.9149879505333869,0.35482193120921757,0.40571445652416777,0.6203080266422131,0.37382785485379344,0.0,0.0,0.207775108532943,0.0,0.0,0.0,0.0,0.0,0.0,0.1038875542664715,0.0,0.0,0.0,0.0,0.2419205509974814,0.413580778836668,0.7072128420004439,0.35482193120921757,0.40571445652416777,0.6203080266422131,0.37382785485379344,"{""type"":""Point"",""coordinates"":[-48.429569708003974,-2.482180896905915]}"
00000000000000000056,0,0.24163707460738956,0.4207315629302327,0.9344081639732075,0.3875448411418322,0.4130051808578749,0.6197983582610923,0.3785653613041204,0.0,0.0,0.26579390941914427,0.0,0.0,0.0,0.0,0.0,0.0,0.13289695470957213,0.0,0.0,0.0,0.0,0.24163707460738956,0.4207315629302327,0.6686142545540632,0.3875448411418322,0.4130051808578749,0.6197983582610923,0.3785653613041204,"{""type"":""Point"",""coordinates"":[-48.42948052598291,-2.4821808969059154]}"
00000000000000000067,0,0.24521911611090683,0.40689455446564615,1.1752689343774443,0.36251697713955433,0.3639454203453445,0.5742148373808179,0.3700476630410098,0.0,0.0,0.5982545941293167,0.0,0.0,0.0,0.0,0.0,0.0,0.19941819804310557,0.0,0.0,0.0,0.0,0.24521911611090683,0.40689455446564615,0.5770143402481276,0.36251697713955433,0.3639454203453445,0.5742148373808179,0.3700476630410098,"{""type"":""Point"",""coordinates"":[-46.775323480994516,-1.1369548320013096]}"
00000000000000000068,0,0.23352547744837007,0.45685285090779787,1.2195154680488307,0.37589513912397227,0.40922012420898274,0.6495860546653197,0.40741687672097876,0.0,0.0,0.5947855711299203,0.0,0.0,0.0,0.0,0.0,0.0,0.2973927855649601,0.0,0.0,0.0,0.0,0.23352547744837007,0.45685285090779787,0.6247298969189105,0.37589513912397227,0.40922012420898274,0.6495860546653197,0.40741687672097876,"{""type"":""Point"",""coordinates"":[-46.77505147583026,-1.1368611908791868]}"
00000000000000000069,0,0.22531293186058718,0.4175164037910534,1.3617173245573504,0.3460525278675582,0.36884265712329317,0.6082111169970669,0.3720496212148416,0.0,0.0,0.7022700273328609,0.0,0.0,0.0,0.0,0.0,0.0,0.35113501366643046,0.0,0.0,0.0,0.0,0.22531293186058718,0.4175164037910534,0.6594472972244895,0.3460525278675582,0.36884265712329317,0.6082111169970669,0.3720496212148416,"{""type"":""Point"",""coordinates"":[-46.77505147583026,-1.1370440140223783]}"
0000000000000000006a,0,0.2234883439936842,0.4465557799370556,0.8384423044499763,0.37182383775678607,0.3980283708076805,0.4906737506389618,0.3834504698147958,0.0,0.0,0.0,0.0,0.0,-0.24972965640152311,0.0,0.0,0.0,0.0,0.0,0.0,-0.24972965640152311,0.0,0.2234883439936842,0.4465557799370556,0.8384423044499763,0.37182383775678607,0.3980283708076805,0.7404034070404849,0.3834504698147958,"{""type"":""Point"",""coordinates"":[-46.77496229380918,-1.1365044627949115]}"
0000000000000000006b,0,0.20846151244592848,0.43096772993662696,1.1310111712964126,0.36491155462200936,0.3976912628623252,0.616342533584671,0.3833100391995226,0.0,0.0,0.4595483857887197,0.0,0.0,0.0,0.0,0.0,0.0,0.22977419289435985,0.0,0.0,0.0,0.0,0.20846151244592848,0.43096772993662696,0.6714627855076929,0.36491155462200936,0.3976912628623252,0.616342533584671,0.3833100391995226,"{""type"":""Point"",""coordinates"":[-46.774873111788125,-1.1368611908791868]}"
0000000000000000006d,0,0.2573024320830391,0.38742737467497573,1.059342898082919,0.3210645753877526,0.3641873808377368,0.5746123010131773,0.3489881331379131,0.0,0.0,0.36475436294283003,0.0,0.0,0.0,0.0,0.0,0.0,0.36475436294283003,0.0,0.0,0.0,0.0,0.2573024320830391,0.38742737467497573,0.6945885351400889,0.3210645753877526,0.3641873808377368,0.5746123010131773,0.3489881331379131,"{""type"":""Point"",""coordinates"":[-46.77522983987239,-1.137311560085585]}"
0000000000000000006f,0,0.25134601412980745,0.4172869629251886,1.235149119800028,0.35187608497294026,0.3850132573277264,0.39405399560928345,0.3717967923322539,0.0,0.0,0.6260995520317398,0.0,0.0,-0.3822527210224069,0.0,0.0,0.0,0.6260995520317398,0.0,0.0,-0.3822527210224069,0.0,0.25134601412980745,0.4172869629251886,0.6090495677682881,0.35187608497294026,0.3850132573277264,0.7763067166316904,0.3717967923322539,"{""type"":""Point"",""coordinates"":[-46.77541266301557,-1.1371331960434472]}"
00000000000000000070,0,0.2421091077493752,0.40619401872689165,1.0148256776977247,0.4210842297569442,0.4062343425255193,0.705949588720021,0.4319573184548623,0.0,-0.05252207279725962,0.3795591416172335,0.0,0.0,0.0,0.0,0.0,-0.05252207279725962,0.18977957080861674,0.0,0.0,0.0,0.0,0.2421091077493752,0.45871609152415127,0.6352665360804912,0.4210842297569442,0.4062343425255193,0.705949588720021,0.4319573184548623,"{""type"":""Point"",""coordinates"":[-46.775323480994516,-1.1367720088581181]}"
00000000000000000071,0,0.2460757046264388,0.4527808005607626,0.9472532966291783,0.44721554645470213,0.44599256770951407,0.6453087755611965,0.402814682620193,0.0,0.0,0.4255799139600731,0.0,0.0,0.0,0.0,0.0,0.0,0.14185997132002437,0.0,0.0,0.0,0.0,0.2460757046264388,0.4527808005607626,0.5216733826691052,0.44721554645470213,0.44599256770951407,0.6453087755611965,0.402814682620193,"{""type"":""Point"",""coordinates"":[-46.77541266301558,-1.1368611908791868]}"
00000000000000000072,0,0.2149145159510268,0.46963915589006244,0.7860166385025616,0.40777613566613546,0.4309785743210278,0.5744879245758057,0.41592625067616595,0.0,0.0,0.04838742258632567,0.0,0.0,-0.045554264335229355,0.0,0.0,0.0,0.024193711293162834,0.0,0.0,-0.045554264335229355,0.0,0.2149145159510268,0.46963915589006244,0.737629215916236,0.40777613566613546,0.4309785743210278,0.620042188911035,0.41592625067616595,"{""type"":""Point"",""coordinates"":[-46.774694747745976,-1.1368611908791868]}"
00000000000000000073,0,0.21386642624627364,0.4345504233151269,1.0669200268082086,0.37130898958710024,0.4050211949007852,0.641938396862575,0.393729589884535,0.0,0.0,0.37964362939872587,0.0,0.0,0.0,0.0,0.0,0.0,0.18982181469936293,0.0,0.0,0.0,0.0,0.21386642624627364,0.4345504233151269,0.6872763974094828,0.37130898958710024,0.4050211949007852,0.641938396862575,0.393729589884535,"{""type"":""Point"",""coordinates"":[-46.77478392976704,-1.1367720088581181]}"
00000000000000000074,0,0.22403786358233094,0.4493290337142821,1.2664130901029103,0.34825882422072546,0.38582426735333036,0.6355871047292437,0.39883160820399866,0.0,0.0,0.6022770240237352,0.0,0.0,0.0,0.0,0.0,0.0,0.3011385120118676,0.0,0.0,0.0,0.0,0.22403786358233094,0.4493290337142821,0.6641360660791751,0.34825882422072546,0.38582426735333036,0.6355871047292437,0.39883160820399866,"{""type"":""Point"",""coordinates"":[-46.774873111788125,-1.1367720088581181]}"
00000000000000000075,0,0.26296973565391724,0.38138559688726204,1.3090574663380836,0.2873072823187872,0.33227029809608893,0.5564007657064408,0.34675100852218316,0.0,0.0,0.6509564483403374,0.0,0.0,0.0,0.0,0.0,0.0,0.6509564483403374,0.0,0.0,0.0,0.0,0.26296973565391724,0.38138559688726204,0.6581010179977462,0.2873072823187872,0.33227029809608893,0.5564007657064408,0.34675100852218316,"{""type"":""Point"",""coordinates"":[-46.77514065785133,-1.137311560085585]}"
00000000000000000085,0,0.19957789274168866,0.19282484566458155,1.3282332542902002,0.05440263461566454,0.1427602618932724,0.2784012792188557,0.20002561931024138,0.0,0.0,0.0,0.0,0.0,0.0,0.0,0.0,0.0,0.0,0.0,0.0,0.0,0.0,0.19957789274168866,0.19282484566458155,1.3282332542902002,0.05440263461566454,0.1427602618932724,0.2784012792188557,0.20002561931024138,"{""type"":""Point"",""coordinates"":[-50.37621702749209,-9.583361751933225]}"
00000000000000000086,0,0.25131142552319785,0.09413763497948519,1.323539699035049,0.09435778111219406,0.18063871562480927,0.15872235596179962,0.10864044104461004,0.0,0.0,0.0847740342874348,0.0,0.0,0.0,0.0,0.0,0.0,0.0423870171437174,0.0,0.0,0.0,0.0,0.25131142552319785,0.09413763497948519,1.2387656647476142,0.09435778111219406,0.18063871562480927,0.15872235596179962,0.10864044104461004,"{""type"":""Point"",""coordinates"":[-50.37495956099502,-9.583183387891085]}"
00000000000000000087,0,0.2297026895885974,-3.1071465025570954E-4,3.7330668665716558,-0.26206135332135055,-0.3281453459179361,-0.015115836440941777,-7.180805091745006E-4,0.0,0.0,1.4194753933598414,0.0,0.0,0.0,0.0,0.0,0.0,0.7097376966799207,0.0,0.0,0.0,0.0,0.2297026895885974,-3.1071465025570954E-4,2.3135914732118144,-0.26206135332135055,-0.3281453459179361,-0.015115836440941777,-7.180805091745006E-4,"{""type"":""Point"",""coordinates"":[-50.374959560995016,-9.582733018684689]}"
00000000000000000089,0,0.21335014156146317,0.18653090139882525,1.269407081892874,0.20050542983513053,0.2289716799164066,0.43530755937456533,0.19088950464543744,0.0,0.0,0.31594396202284436,0.0,0.0,0.0,0.0,0.0,0.0,0.31594396202284436,0.0,0.0,0.0,0.0,0.21335014156146317,0.18653090139882525,0.9534631198700296,0.20050542983513053,0.2289716799164066,0.43530755937456533,0.19088950464543744,"{""type"":""Point"",""coordinates"":[-50.375048743016094,-9.58300502384895]}"
0000000000000000008b,0,0.24201614436232335,0.3580978969960333,1.2863461952321258,0.2855042732807175,0.33110446117171694,0.5391075271333389,0.32319739414806264,0.0,0.0,0.6553834104121021,0.0,0.0,0.0,0.0,0.0,0.0,0.21846113680403403,0.0,0.0,0.0,0.0,0.24201614436232335,0.3580978969960333,0.6309627848200237,0.2855042732807175,0.33110446117171694,0.5391075271333389,0.32319739414806264,"{""type"":""Point"",""coordinates"":[-46.77505147583026,-1.137222378064516]}"
0000000000000000008d,0,0.24726628509815585,0.3633349023532981,1.3046383593684105,0.27454124944515246,0.33000754178787833,0.5452014292989459,0.3334276478035175,0.0,0.0,0.6225476002839574,0.0,0.0,0.0,0.0,0.0,0.0,0.3112738001419787,0.0,0.0,0.0,0.0,0.24726628509815585,0.3633349023532981,0.6820907590844532,0.27454124944515246,0.33000754178787833,0.5452014292989459,0.3334276478035175,"{""type"":""Point"",""coordinates"":[-46.77496229380918,-1.137222378064516]}"
0000000000000000008e,0,0.24726628509815585,0.3633349023532981,1.3046383593684105,0.27454124944515246,0.33000754178787833,0.5452014292989459,0.3334276478035175,0.0,0.0,0.6225476002839574,0.0,0.0,0.0,0.0,0.0,0.0,0.3112738001419787,0.0,0.0,0.0,0.0,0.24726628509815585,0.3633349023532981,0.6820907590844532,0.27454124944515246,0.33000754178787833,0.5452014292989459,0.3334276478035175,"{""type"":""Point"",""coordinates"":[-46.77496229380918,-1.137222378064516]}"
00000000000000000090,0,0.24099252297737825,0.4133532576764017,1.414654602969581,0.33280228149761815,0.3529196230940254,0.5877489490168435,0.3703887123417151,0.0,0.0,0.7804669997238968,0.0,0.0,0.0,0.0,0.0,0.0,0.3902334998619484,0.0,0.0,0.0,0.0,0.24099252297737825,0.4133532576764017,0.6341876032456842,0.33280228149761815,0.3529196230940254,0.5877489490168435,0.3703887123417151,"{""type"":""Point"",""coordinates"":[-46.775140657851324,-1.1369548320013094]}"
00000000000000000093,0,0.24337357924245293,0.478174115196553,0.8206542267756468,0.3652769202606919,0.40930992574376807,0.6745334074598686,0.4195788095303861,0.0,0.0,0.0,0.0,0.0,0.0,0.0,0.0,0.0,0.0,0.0,0.0,0.0,0.0,0.24337357924245293,0.478174115196553,0.8206542267756468,0.3652769202606919,0.40930992574376807,0.6745334074598686,0.4195788095303861,"{""type"":""Point"",""coordinates"":[-46.77478392976705,-1.1371331960434472]}"
00000000000000000094,0,0.23363674506953752,0.41302208350886227,1.0571168595065654,0.3469126459083642,0.3979066000155758,0.602869070754432,0.3825794522887743,0.0,0.0,0.3919706544091397,0.0,0.0,0.0,0.0,0.0,0.0,0.3919706544091397,0.0,0.0,0.0,0.0,0.23363674506953752,0.41302208350886227,0.6651462050974257,0.3469126459083642,0.3979066000155758,0.602869070754432,0.3825794522887743,"{""type"":""Point"",""coordinates"":[-46.774873111788125,-1.1371331960434472]}"
00000000000000000095,0,0.2346618782022944,0.4066592522287866,1.0812128342975487,0.33657000028535794,0.38666374669825426,0.5836454054566078,0.3661969226887946,0.0,0.0,0.47644490286089913,0.0,0.0,0.0,0.0,0.0,0.0,0.47644490286089913,0.0,0.0,0.0,0.0,0.2346618782022944,0.4066592522287866,0.6047679314366495,0.33657000028535794,0.38666374669825426,0.5836454054566078,0.3661969226887946,"{""type"":""Point"",""coordinates"":[-46.774873111788125,-1.137222378064516]}"
00000000000000000096,0,0.219092917578749,0.4364713207309122,0.9125941087897609,0.37728860640925566,0.4073026356956784,0.614478089825064,0.38608762780976,0.0,0.0,0.25475986519759486,0.0,0.0,0.0,0.0,0.0,0.0,0.25475986519759486,0.0,0.0,0.0,0.0,0.219092917578749,0.4364713207309122,0.657834243592166,0.37728860640925566,0.4073026356956784,0.614478089825064,0.38608762780976,"{""type"":""Point"",""coordinates"":[-46.774873111788125,-1.137311560085585]}"
000000000000000000a7,0,0.23341133114313536,0.4367747158441997,0.8917931366937033,0.3476117865079614,0.37752387178112473,0.6224473626143865,0.39778002399064505,0.0,0.0,0.0,0.0,0.0,0.0,0.0,0.0,0.0,0.0,0.0,0.0,0.0,0.0,0.23341133114313536,0.4367747158441997,0.8917931366937033,0.3476117865079614,0.37752387178112473,0.6224473626143865,0.39778002399064505,"{""type"":""Point"",""coordinates"":[-46.722590151936465,-1.3830927510504685]}"
000000000000000000a8,0,0.242257239500101,0.5208221896354922,0.7268092624530583,0.44561081235143873,0.4118646242040778,0.6741665998618334,0.43911010178263227,0.0,0.0,0.0,0.0,0.0,0.0,0.0,0.0,0.0,0.0,0.0,0.0,0.0,0.0,0.242257239500101,0.5208221896354922,0.7268092624530583,0.44561081235143873,0.4118646242040778,0.6741665998618334,0.43911010178263227,"{""type"":""Point"",""coordinates"":[-46.72267933395753,-1.3834494791347438]}"
000000000000000000a9,0,0.24720376170227812,0.45919804463514524,1.2640911844460314,0.37447084194790153,0.39744974459216387,0.6444941405405054,0.3981677079318984,0.0,0.0,0.454229169140701,0.0,0.0,0.0,0.0,0.0,0.0,0.454229169140701,0.0,0.0,0.0,0.0,0.24720376170227812,0.45919804463514524,0.8098620153053304,0.37447084194790153,0.39744974459216387,0.6444941405405054,0.3981677079318984,"{""type"":""Point"",""coordinates"":[-46.72276851597861,-1.3830927510504685]}"
000000000000000000aa,0,0.24513516996526494,0.45735128662277325,1.2164859390278255,0.3883479796883682,0.4113841488257673,0.675763835029491,0.4121946708595204,0.0,0.0,0.44860524243186317,0.0,0.0,0.0,0.0,0.0,0.0,0.44860524243186317,0.0,0.0,0.0,0.0,0.24513516996526494,0.45735128662277325,0.7678806965959624,0.3883479796883682,0.4113841488257673,0.675763835029491,0.4121946708595204,"{""type"":""Point"",""coordinates"":[-46.72276851597861,-1.3831819330715374]}"
000000000000000000b6,0,0.2278375324780976,0.3880695985198593,0.9105819103255414,0.33010787410395487,0.4138204072202955,0.6178198438477669,0.367123826026222,0.0,0.0,0.0,0.0,0.0,0.0,0.0,0.0,0.0,0.0,0.0,0.0,0.0,0.0,0.2278375324780976,0.3880695985198593,0.9105819103255414,0.33010787410395487,0.4138204072202955,0.6178198438477669,0.367123826026222,"{""type"":""Point"",""coordinates"":[-51.83140006527362,-6.619910078328895]}"
000000000000000000bf,0,0.23883232707961533,0.31189786247390733,1.1097154388362032,0.1553042696173111,0.2778823081019222,0.46439776086544515,0.3017603967869625,0.0,0.0,0.0,0.0,0.0,0.0,0.0,0.0,0.0,0.0,0.0,0.0,0.0,0.0,0.23883232707961533,0.31189786247390733,1.1097154388362032,0.1553042696173111,0.2778823081019222,0.46439776086544515,0.3017603967869625,"{""type"":""Point"",""coordinates"":[-51.92940664732731,-6.505195244627947]}"
000000000000000000c0,0,0.23516505961135725,0.41909884979838713,0.9796983993454463,0.25568070347129834,0.38580153318924476,0.644867749308048,0.40413513079581925,0.0,0.0,0.0,0.0,0.0,0.0,0.0,0.0,0.0,0.0,0.0,0.0,0.0,0.0,0.23516505961135725,0.41909884979838713,0.9796983993454463,0.25568070347129834,0.38580153318924476,0.644867749308048,0.40413513079581925,"{""type"":""Point"",""coordinates"":[-51.92922382418411,-6.5053736086700855]}"
000000000000000000c7,0,0.26912670362128094,0.4207442817072974,0.7336738411628355,0.4920085147310077,0.38519278909915566,0.503722071647644,0.38866463782914024,0.0,0.0,0.0720304482171833,0.0,0.0,-0.11747360602601942,0.0,0.0,0.0,0.03601522410859165,0.0,0.0,-0.11747360602601942,0.0,0.26912670362128094,0.4207442817072974,0.6616433929456522,0.4920085147310077,0.38519278909915566,0.6211956776736635,0.38866463782914024,"{""type"":""Point"",""coordinates"":[-46.34035600963509,-1.7728716923342795]}"
000000000000000000c8,0,0.26912670362128094,0.4207442817072974,0.7336738411628355,0.4920085147310077,0.38519278909915566,0.503722071647644,0.38866463782914024,0.0,0.0,0.0720304482171833,0.0,0.0,-0.11747360602601942,0.0,0.0,0.0,0.03601522410859165,0.0,0.0,-0.11747360602601942,0.0,0.26912670362128094,0.4207442817072974,0.6616433929456522,0.4920085147310077,0.38519278909915566,0.6211956776736635,0.38866463782914024,"{""type"":""Point"",""coordinates"":[-46.34035600963509,-1.7728716923342795]}"
000000000000000000cc,0,0.22948785281505812,0.15713573752977897,1.150055210612443,0.14894604354964996,0.16501046072266717,0.27931806445121765,0.15597967071935973,0.0,0.0,0.0,0.0,0.0,0.06064502262819932,0.0,0.0,0.0,0.0,0.0,0.0,0.06064502262819932,0.0,0.22948785281505812,0.15713573752977897,1.150055210612443,0.14894604354964996,0.16501046072266717,0.21867304182301833,0.15597967071935973,"{""type"":""Point"",""coordinates"":[-50.54043234198735,-5.833253306884187]}"
000000000000000000cd,0,0.219143416880637,0.23503075408632837,1.0229370341651356,0.24228442720191676,0.24558535851481939,0.34335167825316343,0.21609068506828705,0.0,0.0,0.0,0.0,0.0,0.0,0.0,0.0,0.0,0.0,0.0,0.0,0.0,0.0,0.219143416880637,0.23503075408632837,1.0229370341651356,0.24228442720191676,0.24558535851481939,0.34335167825316343,0.21609068506828705,"{""type"":""Point"",""coordinates"":[-50.54052152400841,-5.83334694800631]}"
000000000000000000d0,0,0.2250979172536631,0.2622084242322537,1.049979549853139,0.24925727936914363,0.3020341566035598,0.3596983551979065,0.20762054754865697,0.0,0.05458566146607499,0.17466280780181198,0.0,0.0,0.07541385179760773,0.0,0.0,0.05458566146607499,0.058220935933937325,0.0,0.0,0.07541385179760773,0.0,0.2250979172536631,0.20762276276617872,0.875316742051327,0.24925727936914363,0.3020341566035598,0.28428450340029876,0.20762054754865697,"{""type"":""Point"",""coordinates"":[-50.53818495505641,-5.8337928581116545]}"
000000000000000000d4,0,0.15937369676147956,0.10630994551143122,1.2418760853402477,0.06370886263616464,0.09912419601555035,0.22893837464325784,0.10703346076974248,0.0,0.0,0.0,0.0,0.0,0.0,0.0,0.0,0.0,0.0,0.0,0.0,0.0,0.0,0.15937369676147956,0.10630994551143122,1.2418760853402477,0.06370886263616464,0.09912419601555035,0.22893837464325784,0.10703346076974248,"{""type"":""Point"",""coordinates"":[-50.56800742290185,-5.817356611628652]}"
000000000000000000d6,0,0.2080049756611537,0.4364213707744379,1.123042341203528,0.4636132317754938,0.46148096409740863,0.6605802149333788,0.39774178132688265,0.0,0.0,0.5518065523720536,0.0,0.0,0.0,0.0,0.0,0.0,0.2759032761860268,0.0,0.0,0.0,0.0,0.2080049756611537,0.4364213707744379,0.5712357888314744,0.4636132317754938,0.46148096409740863,0.6605802149333788,0.39774178132688265,"{""type"":""Point"",""coordinates"":[-50.56819024604504,-5.81762415769186]}"
000000000000000000d9,0,0.33203580597673477,0.2190287434233095,1.1196056045010974,0.13071984184637647,0.2083275243639946,0.35787278445042003,0.21388606660081025,0.0,0.0,0.0,0.0,0.0,0.0,0.0,0.0,0.0,0.0,0.0,0.0,0.0,0.0,0.33203580597673477,0.2190287434233095,1.1196056045010974,0.13071984184637647,0.2083275243639946,0.35787278445042003,0.21388606660081025,"{""type"":""Point"",""coordinates"":[-50.56782905885971,-5.816634237257995]}"
000000000000000000dc,0,0.21794849729996776,0.15974833816188555,1.651138968830789,-0.07698339305277158,0.12002970631253304,0.2518812113584524,0.14140579507604872,0.0,0.0,0.12973808391801622,0.0,0.0,0.0,0.0,0.0,0.0,0.12973808391801622,0.0,0.0,0.0,0.0,0.21794849729996776,0.15974833816188555,1.5214008849127727,-0.07698339305277158,0.12002970631253304,0.2518812113584524,0.14140579507604872,"{""type"":""Point"",""coordinates"":[-50.56881897929358,-5.773697553214364]}"
000000000000000000e0,0,0.2430148128007722,0.20958429561200922,1.436242861883931,0.060693640261888504,0.21137206256389618,0.3789299428462982,0.21057990131808055,0.0,0.0,0.0,0.0,0.0,0.0,0.0,0.0,0.0,0.0,0.0,0.0,0.0,0.0,0.2430148128007722,0.20958429561200922,1.436242861883931,0.060693640261888504,0.21137206256389618,0.3789299428462982,0.21057990131808055,"{""type"":""Point"",""coordinates"":[-50.56513576182344,-6.018488823745383]}"
000000000000000000e1,0,0.22239320814506763,0.24943550591625052,2.1505241188508926,0.07693879944937569,0.2273764409107284,0.46265525116333933,0.2483736126523631,0.0,0.0,1.065470483223816,0.0,0.0,0.0,0.0,0.0,0.0,0.532735241611908,0.0,0.0,0.0,0.0,0.22239320814506763,0.24943550591625052,1.0850536356270766,0.07693879944937569,0.2273764409107284,0.46265525116333933,0.2483736126523631,"{""type"":""Point"",""coordinates"":[-50.56522494384449,-6.0215433079669936]}"
000000000000000000e3,0,0.18960540599593254,0.18340924285935026,2.085463060023507,-0.05830027895809135,0.1859286493806884,0.2859371304512024,0.187695309480908,0.0,0.0,0.7145326050645062,0.0,0.0,-0.041547311664283215,0.0,0.0,0.0,0.3572663025322531,0.0,0.0,-0.041547311664283215,0.0,0.18960540599593254,0.18340924285935026,1.3709304549590007,-0.05830027895809135,0.1859286493806884,0.3274844421154856,0.187695309480908,"{""type"":""Point"",""coordinates"":[-50.56513576182344,-6.022261223236598]}"
000000000000000000e6,0,0.24566195858222498,0.28465380502141197,0.9414785867794055,0.2283531794177009,0.2538279891014099,0.3498695510273011,0.2492211247957716,0.0,0.0,0.0,0.0,0.0,-0.07744604593987076,0.0,0.0,0.0,0.0,0.0,0.0,-0.025815348646623586,0.0,0.24566195858222498,0.28465380502141197,0.9414785867794055,0.2283531794177009,0.2538279891014099,0.42731559696717186,0.2492211247957716,"{""type"":""Point"",""coordinates"":[-47.378720117344706,-2.307009571122348]}"
000000000000000000e7,0,0.23538649550302942,0.2751707803593911,1.0013615037973116,0.26385728127238084,0.2643385695882957,0.35284986348773784,0.24913514500947168,0.0,0.0,0.07070508806621056,0.0,0.0,0.0,0.0,0.0,0.0,0.023568362688736855,0.0,0.0,0.0,0.0,0.23538649550302942,0.2751707803593911,0.930656415731101,0.26385728127238084,0.2643385695882957,0.35284986348773784,0.24913514500947168,"{""type"":""Point"",""coordinates"":[-47.38051713506924,-2.3077274863919524]}"
000000000000000000eb,0,0.283277506372167,0.37929434497903813,0.8314958512771347,0.43068383574881547,0.3631959116945472,0.6139119698835886,0.36030033257887634,0.0,0.0,0.08409718848044023,0.0,0.0,0.0,0.0,0.0,0.0,0.028032396160146744,0.0,0.0,0.0,0.0,0.283277506372167,0.37929434497903813,0.7473986627966944,0.43068383574881547,0.3631959116945472,0.6139119698835886,0.36030033257887634,"{""type"":""Point"",""coordinates"":[-51.06900080355966,-6.522264683460539]}"
000000000000000000ed,0,0.25191712186116394,0.3778843848619174,0.7509268621503201,0.4654567155703697,0.4090825074617663,0.6188347673039358,0.36342793406865787,0.0,0.0,0.05944997041268485,0.0,0.0,0.0,0.0,0.0,0.0,0.05944997041268485,0.0,0.0,0.0,0.0,0.25191712186116394,0.3778843848619174,0.6914768917376353,0.4654567155703697,0.4090825074617663,0.6188347673039358,0.36342793406865787,"{""type"":""Point"",""coordinates"":[-51.069089985580725,-6.522532229523746]}"
000000000000000000ee,0,0.26878289683021706,0.37593915432139646,0.8157311669128507,0.45038912045947616,0.39089812642878474,0.6392755653517065,0.36582700795786516,0.0,0.0,0.09013829961132502,0.0,0.0,0.0,0.0,0.0,0.0,0.09013829961132502,0.0,0.0,0.0,0.0,0.26878289683021706,0.37593915432139646,0.7255928673015257,0.45038912045947616,0.39089812642878474,0.6392755653517065,0.36582700795786516,"{""type"":""Point"",""coordinates"":[-51.069179167601796,-6.522710593565883]}"
000000000000000000ef,0,0.26325510634481003,0.3711477371273262,0.7740393479801186,0.46319294229063296,0.41856521368026733,0.6148091675788079,0.3473396866050497,0.0,0.0,0.128058139895604,0.0,0.0,0.0,0.0,0.0,0.0,0.128058139895604,0.0,0.0,0.0,0.0,0.26325510634481003,0.3711477371273262,0.6459812080845146,0.46319294229063296,0.41856521368026733,0.6148091675788079,0.3473396866050497,"{""type"":""Point"",""coordinates"":[-51.06872879839539,-6.521725132233072]}"
000000000000000000f0,0,0.2360329827967225,0.11552250805487704,0.9425396542333735,0.24655324021949226,0.24213889568995292,0.2659235162294639,0.12673415119257428,0.0,0.0,0.0,0.0,0.0,0.08307087928324272,0.0,0.0,0.0,0.0,0.0,0.0,0.02076771982081068,0.0,0.2360329827967225,0.11552250805487704,0.9425396542333735,0.24655324021949226,0.24213889568995292,0.1828526369462212,0.12673415119257428,"{""type"":""Point"",""coordinates"":[-51.06729296785619,-6.521363945047741]}"
000000000000000000f1,0,0.17832011029170924,0.049916070324233605,1.2072597098435107,0.012368366195261049,0.01583268865942955,0.09340301901102066,0.05630288565849423,0.0,0.0,-0.08852909211813076,0.0,0.0,0.0,0.0,0.0,0.0,-0.017705818423626153,0.0,0.0,0.0,0.0,0.17832011029170924,0.049916070324233605,1.2957888019616415,0.012368366195261049,0.01583268865942955,0.09340301901102066,0.05630288565849423,"{""type"":""Point"",""coordinates"":[-51.0703474520778,-6.55235469736919]}"
000000000000000000f2,0,0.28745485994217307,0.3133510020311758,0.831386120024452,0.31472361418900063,0.386886730480851,0.6600155952514063,0.30166145931625465,0.0,0.0,0.0,0.0,0.0,0.0,0.0,0.0,0.0,0.0,0.0,0.0,0.0,0.0,0.28745485994217307,0.3133510020311758,0.831386120024452,0.31472361418900063,0.386886730480851,0.6600155952514063,0.30166145931625465,"{""type"":""Point"",""coordinates"":[-51.06980790085033,-6.555502822712923]}"
000000000000000000f9,0,0.21192554512589917,0.14176136656151503,0.9740427808249047,0.1727587231618863,0.1838717042172008,0.20545606523852705,0.1501697963372482,0.0,0.0,0.0,0.0,0.0,0.0,0.0,0.0,0.0,0.0,0.0,0.0,0.0,0.0,0.21192554512589917,0.14176136656151503,0.9740427808249047,0.1727587231618863,0.1838717042172008,0.20545606523852705,0.1501697963372482,"{""type"":""Point"",""coordinates"":[-47.71387952982486,-3.9850629386561542]}"
00000000000000000104,0,0.22003091873305178,0.3912174946424089,0.6751449597212126,0.5022072052087339,0.4507099836765218,0.46059312948816433,0.35895543079737535,0.0,0.0,0.0,0.0,0.0,-0.03547414963046225,0.0,0.0,0.0,0.0,0.0,0.0,-0.017737074815231124,0.0,0.22003091873305178,0.3912174946424089,0.6751449597212126,0.5022072052087339,0.4507099836765218,0.4960672791186266,0.35895543079737535,"{""type"":""Point"",""coordinates"":[-47.6664525310204,-4.016682424226138]}"
00000000000000000140,0,0.25395990176759614,0.4258493282417474,1.0879917184265009,0.46334490640979115,0.4737844925405585,0.38333332538604736,0.3949697381892819,0.0,0.0,0.45640458959381724,0.0,0.0,-0.31607547076304265,0.0,0.0,0.0,0.45640458959381724,0.0,0.0,-0.31607547076304265,0.0,0.25395990176759614,0.4258493282417474,0.6315871288326836,0.46334490640979115,0.4737844925405585,0.69940879614909,0.3949697381892819,"{""type"":""Point"",""coordinates"":[-47.72717656916623,-4.031954845334191]}"
0000000000000000015b,0,0.2410457863065358,0.2622732483296855,1.0220492866407265,0.2649712860584259,0.29022396734849715,0.4349115508178944,0.2593198648956209,0.0,0.0,0.0,0.0,0.0,0.0,0.0,0.0,0.0,0.0,0.0,0.0,0.0,0.0,0.2410457863065358,0.2622732483296855,1.0220492866407265,0.2649712860584259,0.29022396734849715,0.4349115508178944,0.2593198648956209,"{""type"":""Point"",""coordinates"":[-47.71639892192006,-3.9732953709761105]}"
0000000000000000015c,0,0.2667147365868358,0.3455974290655061,0.9658138147405273,0.3187869484999087,0.34255884635220946,0.5822552179086528,0.33197740801829057,0.0,0.0,0.0,0.0,0.0,0.0,0.0,0.0,0.0,0.0,0.0,0.0,0.0,0.0,0.2667147365868358,0.3455974290655061,0.9658138147405273,0.3187869484999087,0.34255884635220946,0.5822552179086528,0.33197740801829057,"{""type"":""Point"",""coordinates"":[-50.89877016174331,-9.085066127412755]}"
0000000000000000015d,0,0.25134338494540603,0.3267548948257856,0.9891096746450577,0.3153207651378057,0.3098950074283292,0.6039629747658327,0.32309281439207804,0.0,0.0,0.0,0.0,0.0,0.03443987321967601,0.0,0.0,0.0,0.0,0.0,0.0,0.008609968304919002,0.0,0.25134338494540603,0.3267548948257856,0.9891096746450577,0.3153207651378057,0.3098950074283292,0.5695231015461567,0.32309281439207804,"{""type"":""Point"",""coordinates"":[-50.89877016174331,-9.085155309433823]}"
00000000000000000201,0,0.24432374064334586,0.32556456539915235,1.3224569941308475,0.18818954904437346,0.30474446664353655,0.461109191855988,0.31472051303732934,0.0,0.0,0.3177279643837634,0.0,0.0,-0.06118117177023097,0.0,0.0,0.0,0.10590932146125447,0.0,0.0,-0.030590585885115484,0.0,0.24432374064334586,0.32556456539915235,1.0047290297470841,0.18818954904437346,0.30474446664353655,0.522290363626219,0.31472051303732934,"{""type"":""Point"",""coordinates"":[-51.8808069049458,-6.443481286048257]}"
00000000000000000203,0,0.2346260688277615,0.4705072004681317,0.7542253251135285,0.4440146337974672,0.43317187022961123,0.5827153412787238,0.4174916301209025,0.0,0.0,0.17074324850067413,0.0,0.0,-0.06540299482925938,0.0,0.0,0.0,0.04268581212516853,0.0,0.0,-0.021800998276419792,0.0,0.2346260688277615,0.4705072004681317,0.5834820766128543,0.4440146337974672,0.43317187022961123,0.6481183361079832,0.4174916301209025,"{""type"":""Point"",""coordinates"":[-48.06925650648134,-2.169477517330916]}"
0000000000000000020b,0,0.19180865216644674,0.24174704643374442,1.1549833721777114,0.29645731090806327,0.18137428760528568,0.5493144996741707,0.25020935546922746,0.0,-0.037377736974335746,0.20967031831390026,0.0,0.0,-0.04419033470333089,0.0,0.0,-0.009344434243583936,0.052417579578475065,0.0,0.0,-0.011047583675832723,0.0,0.19180865216644674,0.27912478340808017,0.9453130538638111,0.29645731090806327,0.18137428760528568,0.5935048343775016,0.25020935546922746,"{""type"":""Point"",""coordinates"":[-46.722050600709,-1.3560527622623724]}"
0000000000000000020e,0,0.2639957753682209,0.34541506347041195,0.8588726224689952,0.3232933007856409,0.34679433703422546,0.5356285572052002,0.31544896987949506,0.0,0.0,0.0,0.0,0.0,0.0,0.0,0.0,0.0,0.0,0.0,0.0,0.0,0.0,0.2639957753682209,0.34541506347041195,0.8588726224689952,0.3232933007856409,0.34679433703422546,0.5356285572052002,0.31544896987949506,"{""type"":""Point"",""coordinates"":[-46.67659898367122,-1.0672412461317364]}"
00000000000000000218,0,0.2332775026835076,0.2247703077311934,1.0363578274558942,0.2014218407630174,0.21492111815002307,0.32358446223122134,0.22463371887805436,0.0,0.0,0.0,0.0,0.0,0.0,0.0,0.0,0.0,0.0,0.0,0.0,0.0,0.0,0.2332775026835076,0.2247703077311934,1.0363578274558942,0.2014218407630174,0.21492111815002307,0.32358446223122134,0.22463371887805436,"{""type"":""Point"",""coordinates"":[-46.70111958036413,-1.3778800619189902]}"
00000000000000000219,0,0.23861488072344017,0.2830665353226076,0.9293375723262081,0.2866628279928832,0.3239155590451161,0.3957406340785256,0.2841230297125636,0.0,0.03021036970385904,0.0,0.0,0.0,0.0,0.0,0.0,0.03021036970385904,0.0,0.0,0.0,0.0,0.0,0.23861488072344017,0.2528561656187486,0.9293375723262081,0.2866628279928832,0.3239155590451161,0.3957406340785256,0.2841230297125636,"{""type"":""Point"",""coordinates"":[-46.70103039834305,-1.3776125158557835]}"
00000000000000000220,0,0.22311615018546874,0.4009185186670884,0.8871486382904951,0.30546167865408724,0.39769268778401673,0.553381438766207,0.3633193350326315,0.0,0.0,0.047031058268230175,0.0,0.0,0.0,0.0,0.0,0.0,0.011757764567057544,0.0,0.0,0.0,0.0,0.22311615018546874,0.4009185186670884,0.8401175800222649,0.30546167865408724,0.39769268778401673,0.553381438766207,0.3633193350326315,"{""type"":""Point"",""coordinates"":[-48.24739313446544,-2.5556624231656495]}"
00000000000000000222,0,0.22982546349578128,0.38466291296623395,0.8798209733619886,0.27958802622147666,0.38289356884655273,0.5178076361983565,0.34630904151930625,0.0,0.0,0.0,0.0,0.0,0.0,0.0,0.0,0.0,0.0,0.0,0.0,0.0,0.0,0.22982546349578128,0.38466291296623395,0.8798209733619886,0.27958802622147666,0.38289356884655273,0.5178076361983565,0.34630904151930625,"{""type"":""Point"",""coordinates"":[-48.24739313446544,-2.5558407872077877]}"
00000000000000000223,0,0.22036610390829545,0.3615971110426873,0.8491213525629692,0.31027954744745007,0.3961624189526084,0.47962896363057944,0.3244321615055453,0.0,0.0,0.0,0.0,0.0,0.0,0.0,0.0,0.0,0.0,0.0,0.0,0.0,0.0,0.22036610390829545,0.3615971110426873,0.8491213525629692,0.31027954744745007,0.3961624189526084,0.47962896363057944,0.3244321615055453,"{""type"":""Point"",""coordinates"":[-48.24739313446543,-2.55539041800139]}"
00000000000000000225,0,0.24680864803397126,0.4002647471272815,1.0692694267129792,0.19752518798244165,0.25139280148823984,0.5518045425415039,0.3136572627194432,0.0,0.06954336538902117,0.1172575809661267,0.0,0.0,0.0,0.0,0.0,0.06954336538902117,0.02345151619322534,0.0,0.0,0.0,0.0,0.24680864803397126,0.3307213817382603,0.9520118457468525,0.19752518798244165,0.25139280148823984,0.5518045425415039,0.3136572627194432,"{""type"":""Point"",""coordinates"":[-47.71639892192006,-3.973924104224646]}"
00000000000000000226,0,0.24680864803397126,0.4002647471272815,1.0692694267129792,0.19752518798244165,0.25139280148823984,0.5518045425415039,0.3136572627194432,0.0,0.06954336538902117,0.1172575809661267,0.0,0.0,0.0,0.0,0.0,0.06954336538902117,0.02345151619322534,0.0,0.0,0.0,0.0,0.24680864803397126,0.3307213817382603,0.9520118457468525,0.19752518798244165,0.25139280148823984,0.5518045425415039,0.3136572627194432,"{""type"":""Point"",""coordinates"":[-47.71639892192006,-3.973924104224646]}"
00000000000000000229,0,0.25039968079688596,0.2231549388427098,1.1079599196785592,0.17292552917329457,0.28491910367891826,0.38943277929482756,0.23186005899320788,0.0,0.0,-0.11187716575724527,0.0,0.0,0.0,0.0,0.0,0.0,-0.022375433151449055,0.0,0.0,0.0,0.0,0.25039968079688596,0.2231549388427098,1.2198370854358045,0.17292552917329457,0.28491910367891826,0.38943277929482756,0.23186005899320788,"{""type"":""Point"",""coordinates"":[-47.716488103941124,-3.97311254783292]}"
0000000000000000022b,0,0.24955771244288139,0.22375496325137473,1.178299220916797,0.1567219183911282,0.257751662035,0.4514047979298081,0.20436785671858398,0.0,0.0,0.06791803622774406,0.0,0.0,0.09458090917750889,0.0,0.0,0.0,0.016979509056936015,0.0,0.0,0.031526969725836296,0.0,0.24955771244288139,0.22375496325137473,1.110381184689053,0.1567219183911282,0.257751662035,0.3568238887522992,0.20436785671858398,"{""type"":""Point"",""coordinates"":[-47.716488103941124,-3.9729341837907803]}"
0000000000000000022d,0,0.25741638995749233,0.21441600997730925,0.9153843725402522,0.22554723326998713,0.22943246247935056,0.24792819936593383,0.19725998260935088,0.0,0.0,0.0,0.0,0.0,0.0,0.0,0.0,0.0,0.0,0.0,0.0,0.0,0.0,0.25741638995749233,0.21441600997730925,0.9153843725402522,0.22554723326998713,0.22943246247935056,0.24792819936593383,0.19725998260935088,"{""type"":""Point"",""coordinates"":[-47.37863093532363,-2.3070987531434164]}"
0000000000000000022e,0,0.25271903113169075,0.43174855265881673,0.80571855174583,0.3721314722172295,0.40419034733173137,0.6185872071571146,0.38782066027976203,0.0,0.0,0.09728497579259077,0.0,0.0,0.0,0.0,0.0,0.0,0.02432124394814769,0.0,0.0,0.0,0.0,0.25271903113169075,0.43174855265881673,0.7084335759532392,0.3721314722172295,0.40419034733173137,0.6185872071571146,0.38782066027976203,"{""type"":""Point"",""coordinates"":[-47.37908130453003,-2.3062916558527427]}"
0000000000000000022f,0,0.24437178098092677,0.30033318965490796,0.9381740288909595,0.21496113806843561,0.22630458163264344,0.34519619833339343,0.2371311588455865,0.0,0.04056110790040268,0.0,0.0,0.0,0.09763471375812183,0.0,0.0,0.04056110790040268,0.0,0.0,0.0,0.019526942751624365,0.0,0.24437178098092677,0.2597720817545053,0.9381740288909595,0.21496113806843561,0.22630458163264344,0.2475614845752716,0.2371311588455865,"{""type"":""Point"",""coordinates"":[-47.378630935323635,-2.307187935164485]}"
00000000000000000230,0,0.24437178098092677,0.30033318965490796,0.9381740288909595,0.21496113806843561,0.22630458163264344,0.34519619833339343,0.2371311588455865,0.0,0.04056110790040268,0.0,0.0,0.0,0.09763471375812183,0.0,0.0,0.04056110790040268,0.0,0.0,0.0,0.019526942751624365,0.0,0.24437178098092677,0.2597720817545053,0.9381740288909595,0.21496113806843561,0.22630458163264344,0.2475614845752716,0.2371311588455865,"{""type"":""Point"",""coordinates"":[-47.378630935323635,-2.307187935164485]}"
00000000000000000231,0,0.2456875152868645,0.4273334609322084,0.9177159409559287,0.32903049634660303,0.3676635046619988,0.6298443161404936,0.3827788851454578,0.0,0.0,0.0,0.0,0.0,0.0,0.0,0.0,0.0,0.0,0.0,0.0,0.0,0.0,0.2456875152868645,0.4273334609322084,0.9177159409559287,0.32903049634660303,0.3676635046619988,0.6298443161404936,0.3827788851454578,"{""type"":""Point"",""coordinates"":[-47.37898766340791,-2.3061980147306205]}"
00000000000000000232,0,0.2583635191490761,0.35277801990938684,0.8908890011607522,0.3071671181813769,0.34646340603513065,0.5462246839299533,0.32468203964224734,0.0,0.0,0.0370398638428715,0.0,0.0,0.0,0.0,0.0,0.0,0.0074079727685743,0.0,0.0,0.0,0.0,0.2583635191490761,0.35277801990938684,0.8538491373178807,0.3071671181813769,0.34646340603513065,0.5462246839299533,0.32468203964224734,"{""type"":""Point"",""coordinates"":[-47.37826974813831,-2.3061088327095516]}"
00000000000000000234,0,0.17199043046610907,0.03962608489926134,1.978892830925004,-0.21653757454133388,0.011513806008563363,0.07886132093238762,0.04573131087267613,0.0,0.0,0.2017299810132711,0.0,0.0,0.0,0.0,0.0,0.0,0.2017299810132711,0.0,0.0,0.0,0.0,0.17199043046610907,0.03962608489926134,1.777162849911733,-0.21653757454133388,0.011513806008563363,0.07886132093238762,0.04573131087267613,"{""type"":""Point"",""coordinates"":[-50.56674995640478,-6.02630116879102]}"
00000000000000000236,0,0.2635323590103756,0.27731888187632975,1.1560892479282885,0.19730076783239248,0.2719290566545158,0.46527848903484,0.26604848428528216,0.0,0.0,0.08347844286695971,0.0,0.0,0.0,0.0,0.0,0.0,0.041739221433479856,0.0,0.0,0.0,0.0,0.2635323590103756,0.27731888187632975,1.0726108050613288,0.19730076783239248,0.2719290566545158,0.46527848903484,0.26604848428528216,"{""type"":""Point"",""coordinates"":[-50.56711114359012,-6.02324668456941]}"
0000000000000000023a,0,0.21313622351586856,0.12012202508506901,2.1697926358719575,-0.2078775718400645,0.09536357003258936,0.223676136495004,0.12443653858470462,0.0,0.0,0.2960837757347825,0.0,0.0,0.0,0.0,0.0,0.0,0.14804188786739125,0.0,0.0,0.0,0.0,0.21313622351586856,0.12012202508506901,1.873708860137175,-0.2078775718400645,0.09536357003258936,0.223676136495004,0.12443653858470462,"{""type"":""Point"",""coordinates"":[-50.56648241034157,-6.026033622727814]}"
0000000000000000023b,0,0.23452762242434846,0.10917531537469514,1.0934903072311442,0.10679569370184006,0.09331911116497385,0.221114005252743,0.11753154164795747,0.0,0.0,-0.06115595792291839,0.0,0.0,0.0,0.0,0.0,0.0,-0.06115595792291839,0.0,0.0,0.0,0.0,0.23452762242434846,0.10917531537469514,1.1546462651540625,0.10679569370184006,0.09331911116497385,0.221114005252743,0.11753154164795747,"{""type"":""Point"",""coordinates"":[-51.070075446913535,-6.552354697369191]}"
0000000000000000023c,0,0.23452762242434846,0.10917531537469514,1.0934903072311442,0.10679569370184006,0.09331911116497385,0.221114005252743,0.11753154164795747,0.0,0.0,-0.06115595792291839,0.0,0.0,0.0,0.0,0.0,0.0,-0.06115595792291839,0.0,0.0,0.0,0.0,0.23452762242434846,0.10917531537469514,1.1546462651540625,0.10679569370184006,0.09331911116497385,0.221114005252743,0.11753154164795747,"{""type"":""Point"",""coordinates"":[-51.070075446913535,-6.552354697369191]}"
0000000000000000023e,0,0.21690218442886586,0.04660682602828723,1.173732570392008,0.05728967948507005,0.06656285021656996,0.09118252444942083,0.05391496020817137,0.0,0.0,0.0,0.0,0.0,0.0,0.0,0.0,0.0,0.0,0.0,0.0,0.0,0.0,0.21690218442886586,0.04660682602828723,1.173732570392008,0.05728967948507005,0.06656285021656996,0.09118252444942083,0.05391496020817137,"{""type"":""Point"",""coordinates"":[-51.07016908803566,-6.552265515348123]}"
0000000000000000023f,0,0.21690218442886586,0.04660682602828723,1.173732570392008,0.05728967948507005,0.06656285021656996,0.09118252444942083,0.05391496020817137,0.0,0.0,0.0,0.0,0.0,0.0,0.0,0.0,0.0,0.0,0.0,0.0,0.0,0.0,0.21690218442886586,0.04660682602828723,1.173732570392008,0.05728967948507005,0.06656285021656996,0.09118252444942083,0.05391496020817137,"{""type"":""Point"",""coordinates"":[-51.07016908803566,-6.552265515348123]}"
00000000000000000241,0,0.22600401361824138,0.053467440986379636,1.0980212362594814,0.10754942166432327,0.13212511436210533,0.09922060043532596,0.06502717385914286,0.0,0.0,0.0,0.0,0.0,0.0,0.0,0.0,0.0,0.0,0.0,0.0,0.0,0.0,0.22600401361824138,0.053467440986379636,1.0980212362594814,0.10754942166432327,0.13212511436210533,0.09922060043532596,0.06502717385914286,"{""type"":""Point"",""coordinates"":[-51.07016908803566,-6.552354697369191]}"
00000000000000000242,0,0.22996982059627785,0.08039664995678937,1.1792833951101622,0.03433996996852266,0.0500971268209683,0.15771987412164992,0.0900229667399129,0.0,0.0,-0.04149014718533439,0.0,0.0,0.0,0.0,0.0,0.0,-0.010372536796333598,0.0,0.0,0.0,0.0,0.22996982059627785,0.08039664995678937,1.2207735422954966,0.03433996996852266,0.0500971268209683,0.15771987412164992,0.0900229667399129,"{""type"":""Point"",""coordinates"":[-51.07007544691354,-6.552265515348122]}"
0000000000000000024b,0,0.21046192415170034,0.31602785062461003,1.0783215290975663,0.2644616249387152,0.3416040180492907,0.5565440162242808,0.3078069936947612,0.0,0.0,0.0,0.0,0.0,0.0,0.0,0.0,0.0,0.0,0.0,0.0,0.0,0.0,0.21046192415170034,0.31602785062461003,1.0783215290975663,0.2644616249387152,0.3416040180492907,0.5565440162242808,0.3078069936947612,"{""type"":""Point"",""coordinates"":[-47.704091803012545,-3.9826371876830806]}"
0000000000000000024d,0,0.2290742984943532,0.5799945188824113,0.5650901042392723,0.563849651813507,0.473519997966791,0.7797938585281372,0.5109790200075021,0.0,0.0,0.0,0.0,0.0,0.0,0.0,0.0,0.0,0.0,0.0,0.0,0.0,0.0,0.2290742984943532,0.5799945188824113,0.5650901042392723,0.563849651813507,0.473519997966791,0.7797938585281372,0.5109790200075021,"{""type"":""Point"",""coordinates"":[-48.0693456885024,-2.169205512166656]}"
0000000000000000024e,0,0.22771281010795907,0.432248514696101,0.8490678368472189,0.4323903678581876,0.4608231683707893,0.637538659236717,0.39874427558939624,0.0,0.0,0.19215736237622982,0.0,0.0,0.0,0.0,0.0,0.0,0.06405245412540994,0.0,0.0,0.0,0.0,0.22771281010795907,0.432248514696101,0.656910474470989,0.4323903678581876,0.4608231683707893,0.637538659236717,0.39874427558939624,"{""type"":""Point"",""coordinates"":[-48.06772703482,-2.1695666993519853]}"
00000000000000000252,0,0.22379785342982933,0.4521888276072435,0.7478896676306448,0.4458587079924836,0.44419161001713137,0.5739209693945818,0.3973558643673439,0.0,0.0,0.14691286043993945,0.0,0.0,0.0,0.0,0.0,0.0,0.03672821510998486,0.0,0.0,0.0,0.0,0.22379785342982933,0.4521888276072435,0.6009768071907053,0.4458587079924836,0.44419161001713137,0.5739209693945818,0.3973558643673439,"{""type"":""Point"",""coordinates"":[-48.06925650648134,-2.1695666993519853]}"
00000000000000000253,0,0.23061073017275868,0.44628184210892524,0.7710008294004734,0.38668313657458075,0.43950783342142546,0.6204712776440834,0.4021060792473253,0.0,0.0,0.05054817290732139,0.0,0.0,0.0,0.0,0.0,0.0,0.012637043226830347,0.0,0.0,0.0,0.0,0.23061073017275868,0.44628184210892524,0.720452656493152,0.38668313657458075,0.43950783342142546,0.6204712776440834,0.4021060792473253,"{""type"":""Point"",""coordinates"":[-48.06772703482,-2.1697450633941227]}"
00000000000000000258,0,0.27872091846908487,0.5695394440585047,0.5849074938103234,0.5774907030208896,0.45681257785563395,0.7558701639105927,0.4944972022816412,0.0,0.0,0.0,0.0,0.0,0.0,0.0,0.0,0.0,0.0,0.0,0.0,0.0,0.0,0.27872091846908487,0.5695394440585047,0.5849074938103234,0.5774907030208896,0.45681257785563395,0.7558701639105927,0.4944972022816412,"{""type"":""Point"",""coordinates"":[-46.34044519165616,-1.7728716923342793]}"
00000000000000000259,0,0.2730007963491847,0.4339054971987344,0.7198760464836296,0.47205156891252953,0.36198982719289224,0.6347803783239938,0.35259999054978025,0.0,0.06568782959054287,0.0,0.0,0.0,0.0,0.0,0.0,0.06568782959054287,0.0,0.0,0.0,0.0,0.0,0.2730007963491847,0.3682176676081915,0.7198760464836296,0.47205156891252953,0.36198982719289224,0.6347803783239938,0.35259999054978025,"{""type"":""Point"",""coordinates"":[-46.340177645592945,-1.7729608743553484]}"
0000000000000000025e,0,0.2395816527883057,0.2652197781348961,1.5359291692101955,0.13611892720286034,0.2921250355323212,0.473382023416603,0.26146830501836554,0.0,0.0,0.34653590205540463,0.0,0.0,0.0,0.0,0.0,0.0,0.17326795102770232,0.0,0.0,0.0,0.0,0.2395816527883057,0.2652197781348961,1.1893932671547909,0.13611892720286034,0.2921250355323212,0.473382023416603,0.26146830501836554,"{""type"":""Point"",""coordinates"":[-50.05210726742238,-9.181993607011506]}"
0000000000000000025f,0,0.2639342167279687,0.31548043489674077,1.338934197179917,0.224776964653796,0.29572230536073363,0.5269607882158256,0.30843871479581103,0.0,0.0,0.374031457154286,0.0,0.0,0.0,0.0,0.0,0.0,0.187015728577143,0.0,0.0,0.0,0.0,0.2639342167279687,0.31548043489674077,0.9649027400256309,0.224776964653796,0.29572230536073363,0.5269607882158256,0.30843871479581103,"{""type"":""Point"",""coordinates"":[-50.05192890338024,-9.18208278903258]}"
00000000000000000262,0,0.3046738091989863,0.22535182744269738,1.3278794739668742,0.27646647667723345,0.26925274347847095,0.5022166368021814,0.29650048040963395,0.0,-0.11118186270726232,0.5258948529373043,0.0,0.0,0.0,0.0,0.0,-0.05559093135363116,0.26294742646865216,0.0,0.0,0.0,0.0,0.3046738091989863,0.3365336901499597,0.8019846210295699,0.27646647667723345,0.26925274347847095,0.5022166368021814,0.29650048040963395,"{""type"":""Point"",""coordinates"":[-50.050760618904235,-9.181815242969371]}"
00000000000000000269,0,0.22973996898364235,0.3500180373625839,0.8882358676440253,0.331587005790531,0.37467572786268327,0.5339357534865204,0.32743116215564844,0.0,0.0,0.09000189201637065,0.0,0.0,0.0,0.0,0.0,0.0,0.022500473004092664,0.0,0.0,0.0,0.0,0.22973996898364235,0.3500180373625839,0.7982339756276546,0.331587005790531,0.37467572786268327,0.5339357534865204,0.32743116215564844,"{""type"":""Point"",""coordinates"":[-48.274250300110346,-2.530241088059955]}"
0000000000000000026a,0,0.23315245763740294,0.3615670459936266,1.0395570742407183,0.2716494281347934,0.32459387054260397,0.5300958622440267,0.3136093570261473,0.0,0.040212212830965266,0.14791605322515278,0.0,0.0,0.0,0.0,0.0,0.008042442566193053,0.04930535107505093,0.0,0.0,0.0,0.0,0.23315245763740294,0.32135483316266134,0.8916410210155655,0.2716494281347934,0.32459387054260397,0.5300958622440267,0.3136093570261473,"{""type"":""Point"",""coordinates"":[-48.27452230527461,-2.530330270081024]}"
0000000000000000026c,0,0.22085955053874648,0.3306934357589298,0.8905657445482298,0.30369020501017713,0.348498672246933,0.5109978046994309,0.32015201679406013,0.0,0.0,0.0,0.0,0.0,0.0,0.0,0.0,0.0,0.0,0.0,0.0,0.0,0.0,0.22085955053874648,0.3306934357589298,0.8905657445482298,0.30369020501017713,0.348498672246933,0.5109978046994309,0.32015201679406013,"{""type"":""Point"",""coordinates"":[-48.27362156686181,-2.5305086341231617]}"
0000000000000000026f,0,0.26326214980555335,0.3082946304585633,0.8829816913150162,0.318903241381245,0.27630276259635045,0.3687720007288181,0.2661975795319946,0.0,0.0,0.0,0.0,0.0,0.0,0.0,0.0,0.0,0.0,0.0,0.0,0.0,0.0,0.26326214980555335,0.3082946304585633,0.8829816913150162,0.318903241381245,0.27630276259635045,0.3687720007288181,0.2661975795319946,"{""type"":""Point"",""coordinates"":[-47.376655553556965,-2.2961382827540464]}"
00000000000000000274,0,0.2732291675091169,0.28683446285627145,0.9250292639822892,0.28659112879356385,0.31857381227097054,0.4569868139387427,0.2548354954062821,0.0,0.0,0.0,0.0,0.0,0.0,0.0,0.0,0.0,0.0,0.0,0.0,0.0,0.0,0.2732291675091169,0.28683446285627145,0.9250292639822892,0.28659112879356385,0.31857381227097054,0.4569868139387427,0.2548354954062821,"{""type"":""Point"",""coordinates"":[-47.376383548392695,-2.2964994699393757]}"
00000000000000000277,0,0.2444327905040627,0.4074128865266728,0.7680609068253509,0.3969638354873898,0.4006032347679138,0.6545690298080444,0.39534325492078737,0.0,0.0,-0.03913561250020636,0.0,0.0,0.0,0.0,0.0,0.0,-0.007827122500041273,0.0,0.0,0.0,0.0,0.2444327905040627,0.4074128865266728,0.8071965193255572,0.3969638354873898,0.4006032347679138,0.6545690298080444,0.39534325492078737,"{""type"":""Point"",""coordinates"":[-47.982210394817024,-2.2116962861049414]}"
0000000000000000027c,0,0.2524605071264575,0.38749375393644664,0.8642924559598907,0.38495069382272856,0.35401491952181635,0.6657868499584905,0.3774193582449467,0.0,0.0,0.0,0.0,0.0,0.048961366387009764,0.0,0.0,0.0,0.0,0.0,0.0,0.012240341596752441,0.0,0.2524605071264575,0.38749375393644664,0.8642924559598907,0.38495069382272856,0.35401491952181635,0.6168254835714807,0.3774193582449467,"{""type"":""Point"",""coordinates"":[-50.89786942333052,-9.08470939932848]}"
0000000000000000027d,0,0.25443933020732257,0.3982138120368595,0.9249127666610909,0.347035952813449,0.35141582795353604,0.6647717952728271,0.3781636147556609,0.0,0.0,0.0,0.0,0.0,0.0948076013148681,0.0,0.0,0.0,0.0,0.0,0.0,0.0948076013148681,0.0,0.25443933020732257,0.3982138120368595,0.9249127666610909,0.347035952813449,0.35141582795353604,0.569964193957959,0.3781636147556609,"{""type"":""Point"",""coordinates"":[-50.899126889827585,-9.08587322470343]}"
00000000000000000283,0,0.20224379017447555,0.29005739583343443,1.3080012402349925,0.18612013966530583,0.32603786930957124,0.3998227522691603,0.25572492420541476,0.0,0.0,0.24277233092244987,0.0,0.0,0.0,0.0,0.0,0.0,0.12138616546122494,0.0,0.0,0.0,0.0,0.20224379017447555,0.29005739583343443,1.0652289093125427,0.18612013966530583,0.32603786930957124,0.3998227522691603,0.25572492420541476,"{""type"":""Point"",""coordinates"":[-51.88026735371834,-6.442674188757583]}"
00000000000000000284,0,0.22426312070097426,0.39085584745112684,1.4086552480745058,0.3456348231366974,0.40637643009637214,0.6284984216077101,0.3802025665649761,0.0,0.0,0.6215236618415952,0.0,0.0,0.0,0.0,0.0,0.0,0.3107618309207976,0.0,0.0,0.0,0.0,0.22426312070097426,0.39085584745112684,0.7871315862329106,0.3456348231366974,0.40637643009637214,0.6284984216077101,0.3802025665649761,"{""type"":""Point"",""coordinates"":[-51.92904546014198,-6.504834057442618]}"
00000000000000000286,0,0.22937682000559664,0.3655870644245681,1.0495674557764763,0.2516621800744107,0.34986930688769124,0.5633673837872877,0.3605420109871114,0.0,0.0,0.0,0.0,0.0,0.0,0.0,0.0,0.0,0.0,0.0,0.0,0.0,0.0,0.22937682000559664,0.3655870644245681,1.0495674557764763,0.2516621800744107,0.34986930688769124,0.5633673837872877,0.3605420109871114,"{""type"":""Point"",""coordinates"":[-51.92913464216304,-6.505195244627947]}"
0000000000000000028f,0,0.23429859209508544,0.30748482322595116,1.0601959630913314,0.31677716705348963,0.3180082605534695,0.5401071036684854,0.30305198311690146,0.0,0.0,0.23561329519255325,0.0,0.0,0.0,0.0,0.0,0.0,0.11780664759627663,0.0,0.0,0.0,0.0,0.23429859209508544,0.30748482322595116,0.8245826678987781,0.31677716705348963,0.3180082605534695,0.5401071036684854,0.30305198311690146,"{""type"":""Point"",""coordinates"":[-50.56091299312582,-6.019835472263524]}"
00000000000000000299,0,0.2145263956644396,0.20196502323449692,1.1927074301276712,0.15993211907932844,0.22895735887576668,0.2503668864303819,0.1803880262958643,0.0,0.0,0.16847641248485568,0.0,0.0,0.0,0.0,0.0,0.0,0.08423820624242784,0.0,0.0,0.0,0.0,0.2145263956644396,0.20196502323449692,1.0242310176428155,0.15993211907932844,0.22895735887576668,0.2503668864303819,0.1803880262958643,"{""type"":""Point"",""coordinates"":[-50.539620785595616,-5.83316412486312]}"
0000000000000000029a,0,0.2640114761349145,0.20188836328349755,1.0850540183244017,0.1663320777992931,0.21369622280431216,0.36348122358322144,0.21355983929130906,0.0,0.0,0.030373255632220042,0.0,0.0,0.03680307334618915,0.0,0.0,0.0,0.010124418544073347,0.0,0.0,0.03680307334618915,0.0,0.2640114761349145,0.20188836328349755,1.0546807626921817,0.1663320777992931,0.21369622280431216,0.3266781502370323,0.21355983929130906,"{""type"":""Point"",""coordinates"":[-50.53890287032602,-5.8333469480063105]}"
000000000000000002a3,0,0.2379737592212673,0.41894913827314273,0.965147174730726,0.2701307149169091,0.349004609352417,0.5297291241224753,0.3442214299980575,0.0,0.05314854663388757,0.0,0.0,0.0,-0.05830645937361845,0.0,0.0,0.017716182211295856,0.0,0.0,0.0,-0.01166129187472369,0.0,0.2379737592212673,0.36580059163925516,0.965147174730726,0.2701307149169091,0.349004609352417,0.5880355834960938,0.3442214299980575,"{""type"":""Point"",""coordinates"":[-48.40854950563802,-2.4774185769808352]}"
000000000000000002b4,0,0.25189132106562206,0.3019733250436486,0.884808156694087,0.35500219730496024,0.35779419667299883,0.5373426079750061,0.2914197469384425,0.0,0.0,0.0,0.0,0.0,0.0,0.0,0.0,0.0,0.0,0.0,0.0,0.0,0.0,0.25189132106562206,0.3019733250436486,0.884808156694087,0.35500219730496024,0.35779419667299883,0.5373426079750061,0.2914197469384425,"{""type"":""Point"",""coordinates"":[-51.0603769021223,-6.54337406784755]}"
000000000000000002b5,0,0.2624440936459972,0.21455060666357828,1.0997157654938783,0.06962262985542189,0.2282483103156232,0.32556316935231144,0.19782614897618966,0.0,0.0,0.0,0.0,0.0,0.0398831504027225,0.0,0.0,0.0,0.0,0.0,0.0,0.0079766300805445,0.0,0.2624440936459972,0.21455060666357828,1.0997157654938783,0.06962262985542189,0.2282483103156232,0.28568001894958894,0.19782614897618966,"{""type"":""Point"",""coordinates"":[-51.90380248907843,-6.446446588248799]}"
000000000000000002be,0,0.19153331464031775,0.20376680992935703,1.2999665806357033,0.07112254320694987,0.1847314391005065,0.32868546065033943,0.21045779173775733,0.0,0.0,0.0,0.0,0.0,0.0,0.0,0.0,0.0,0.0,0.0,0.0,0.0,0.0,0.19153331464031775,0.20376680992935703,1.2999665806357033,0.07112254320694987,0.1847314391005065,0.32868546065033943,0.21045779173775733,"{""type"":""Point"",""coordinates"":[-50.37567747626463,-9.583540115975362]}"
000000000000000002c1,0,0.21840334626697605,0.28728578338318567,1.2434069563384957,0.09602033947756725,0.19849035143852234,0.479872465133667,0.24600391822228732,0.0,0.032548951210354726,0.0,0.0,0.0,0.047544519106547056,0.0,0.0,0.032548951210354726,0.0,0.0,0.0,0.047544519106547056,0.0,0.21840334626697605,0.25473683217283094,1.2434069563384957,0.09602033947756725,0.19849035143852234,0.43232794602711994,0.24600391822228732,"{""type"":""Point"",""coordinates"":[-50.56881897929358,-5.774147922420762]}"
000000000000000002c3,0,0.2139420991826201,0.4018551036860855,0.8749097558826481,0.3631230592727661,0.4177102407999877,0.6140243001009171,0.3727845581929712,0.0,0.0,0.0,0.0,0.0,0.0,0.0,0.0,0.0,0.0,0.0,0.0,0.0,0.0,0.2139420991826201,0.4018551036860855,0.8749097558826481,0.3631230592727661,0.4177102407999877,0.6140243001009171,0.3727845581929712,"{""type"":""Point"",""coordinates"":[-51.831221701231485,-6.620177624392103]}"
000000000000000002c6,0,0.25176618384745447,0.12089247157742955,1.003236590594793,0.24113297560160987,0.19904151148787924,0.2683937657200267,0.13414231288170797,0.0,0.0,0.08186014165311117,0.0,0.0,0.0,0.0,0.0,0.0,0.04093007082655559,0.0,0.0,0.0,0.0,0.25176618384745447,0.12089247157742955,0.9213764489416819,0.24113297560160987,0.19904151148787924,0.2683937657200267,0.13414231288170797,"{""type"":""Point"",""coordinates"":[-51.06828288829005,-6.5206460297781375]}"
000000000000000002c7,0,0.24356167586687333,0.19736431864659337,0.968368906198448,0.28173366682979173,0.2744871638313694,0.32838154474465026,0.1995794378814338,0.0,0.0,0.06564566321713095,0.0,0.0,0.0,0.0,0.0,0.0,0.02188188773904365,0.0,0.0,0.0,0.0,0.24356167586687333,0.19736431864659337,0.902723242981317,0.28173366682979173,0.2744871638313694,0.32838154474465026,0.1995794378814338,"{""type"":""Point"",""coordinates"":[-51.066575052586586,-6.521992678296278]}"
000000000000000002c9,0,0.21678247238494203,0.42962170515203746,0.5989712730789254,0.5158237412850841,0.4508239574540789,0.5939949750900269,0.39280942115385864,0.0,0.0,-0.05364499404388956,0.0,0.0,0.03476357672605501,0.0,0.0,0.0,-0.01341124851097239,0.0,0.0,0.03476357672605501,0.0,0.21678247238494203,0.42962170515203746,0.652616267122815,0.5158237412850841,0.4508239574540789,0.5592313983639718,0.39280942115385864,"{""type"":""Point"",""coordinates"":[-47.715498183507265,-3.987395048507107]}"
000000000000000002ca,0,0.23017678385357518,0.26612806281651663,0.7423336692559801,0.41046533912219596,0.3508373774879211,0.41076036906059415,0.2710907077806228,0.0,0.0,0.0,0.0,0.0,0.0,0.0,0.0,0.0,0.0,0.0,0.0,0.0,0.0,0.23017678385357518,0.26612806281651663,0.7423336692559801,0.41046533912219596,0.3508373774879211,0.41076036906059415,0.2710907077806228,"{""type"":""Point"",""coordinates"":[-47.718552667728865,-3.9870383204228297]}"
000000000000000002cc,0,0.19901170395539672,0.1926041153476849,1.0139462079114263,0.19176618476544124,0.22976481369906415,0.2675443817229242,0.1946086338316343,0.0,0.0,0.0,0.0,0.0,0.0,0.0,0.0,0.0,0.0,0.0,0.0,0.0,0.0,0.19901170395539672,0.1926041153476849,1.0139462079114263,0.19176618476544124,0.22976481369906415,0.2675443817229242,0.1946086338316343,"{""type"":""Point"",""coordinates"":[-47.71379034780378,-3.9846125694497556]}"
000000000000000002d7,1,0.24396125446514813,0.4667398944877195,0.6529599588971826,0.48693738802599923,0.45796125749522376,0.7082731080001466,0.42222113544563544,0.0,0.0,-0.1682910279822476,0.0,0.0,0.0,0.0,0.0,0.0,-0.03365820559644952,0.0,0.0,0.0,0.0,0.24396125446514813,0.4667398944877195,0.8212509868794302,0.48693738802599923,0.45796125749522376,0.7082731080001466,0.42222113544563544,"{""type"":""Point"",""coordinates"":[-48.02631536333665,-2.1745965653402726]}"
000000000000000002d9,1,0.23407197438008054,0.45244737730038237,0.6791661478162634,0.4803448463648818,0.47103789535787444,0.6992846585499929,0.4054059998649138,0.0,0.0,0.0,0.0,0.0,0.102546558498113,0.0,0.0,0.0,0.0,0.0,0.0,0.0205093116996226,0.0,0.23407197438008054,0.45244737730038237,0.6791661478162634,0.4803448463648818,0.47103789535787444,0.5967381000518799,0.4054059998649138,"{""type"":""Point"",""coordinates"":[-48.025597448067046,-2.174235378154943]}"
000000000000000002db,1,0.25882947298721204,0.448592793712628,0.7978851416244025,0.4155860318664753,0.42842609711720486,0.8045322429395102,0.41273537081757106,0.0,0.0,0.0,0.0,0.0,0.18282969668888016,0.0,0.0,0.0,0.0,0.0,0.0,0.09141484834444008,0.0,0.25882947298721204,0.448592793712628,0.7978851416244025,0.4155860318664753,0.42842609711720486,0.62170254625063,0.41273537081757106,"{""type"":""Point"",""coordinates"":[-48.02550826604597,-2.1743290192770655]}"
000000000000000002dd,1,0.2276171783787907,0.6188732753368152,0.5163980312339495,0.6249609771717233,0.5507241686185201,0.8297680375278977,0.548646542411481,0.0,0.0,0.0,0.0,0.0,0.0,0.0,0.0,0.0,0.0,0.0,0.0,0.0,0.0,0.2276171783787907,0.6188732753368152,0.5163980312339495,0.6249609771717233,0.5507241686185201,0.8297680375278977,0.548646542411481,"{""type"":""Point"",""coordinates"":[-46.34143511209002,-1.7689164696998727]}"
000000000000000002e1,1,0.22605589723080838,0.588341594806019,0.5605661243133196,0.6480558342804837,0.5475940704345703,0.8123793372030674,0.5069913479475063,0.0,0.0,0.09865226572204677,0.0,0.0,0.0,0.0,0.0,0.0,0.049326132861023386,0.0,0.0,0.0,0.0,0.22605589723080838,0.588341594806019,0.4619138585912729,0.6480558342804837,0.5475940704345703,0.8123793372030674,0.5069913479475063,"{""type"":""Point"",""coordinates"":[-46.341345930068954,-1.764515336960122]}"
000000000000000002e3,1,0.21232084795433734,0.5981118266911248,0.5250665674965297,0.6566288066785677,0.5776556510352139,0.8427078449047344,0.5289839339612399,0.0,0.0,0.04302781765397384,0.0,0.0,0.0,0.0,0.0,0.0,0.014342605884657947,0.0,0.0,0.0,0.0,0.21232084795433734,0.5981118266911248,0.48203874984255585,0.6566288066785677,0.5776556510352139,0.8427078449047344,0.5289839339612399,"{""type"":""Point"",""coordinates"":[-46.34026682761402,-1.7643369729179843]}"
000000000000000002e5,1,0.20334585485167564,0.6258239163279969,0.5525026230709552,0.6053166826501392,0.5031136557933218,0.8190393525764499,0.5375732232219635,0.0,0.0,0.0,0.0,0.0,0.0,0.0,0.0,0.0,0.0,0.0,0.0,0.0,0.0,0.20334585485167564,0.6258239163279969,0.5525026230709552,0.6053166826501392,0.5031136557933218,0.8190393525764499,0.5375732232219635,"{""type"":""Point"",""coordinates"":[-46.34089556086254,-1.7629903243998433]}"
000000000000000002e6,1,0.24952811120337526,0.6444122448977918,0.5301321068822723,0.6197044021768462,0.5103007527343942,0.8149781664072481,0.538832019148011,0.0,0.0,0.0,0.0,0.0,0.0,0.0,0.0,0.0,0.0,0.0,0.0,0.0,0.0,0.24952811120337526,0.6444122448977918,0.5301321068822723,0.6197044021768462,0.5103007527343942,0.8149781664072481,0.538832019148011,"{""type"":""Point"",""coordinates"":[-46.340717196820414,-1.7630795064209124]}"
000000000000000002e7,1,0.21380752630551886,0.646117246086052,0.49135008688525705,0.6695252060890198,0.5944636228121588,0.8509343946965024,0.5809412209924,0.0,-0.062130874523774526,0.0,0.0,0.0,0.0,0.0,0.0,-0.062130874523774526,0.0,0.0,0.0,0.0,0.0,0.21380752630551886,0.7082481206098266,0.49135008688525705,0.6695252060890198,0.5944636228121588,0.8509343946965024,0.5809412209924,"{""type"":""Point"",""coordinates"":[-46.34116756602681,-1.7629903243998435]}"
000000000000000002e9,1,0.27166822160633386,0.5995949491488025,0.5488412014237997,0.6155775260567017,0.5107495871467674,0.8136423613100227,0.5266750581340313,0.0,0.0,0.0,0.0,0.0,0.0,0.0,0.0,0.0,0.0,0.0,0.0,0.0,0.0,0.27166822160633386,0.5995949491488025,0.5488412014237997,0.6155775260567017,0.5107495871467674,0.8136423613100227,0.5266750581340313,"{""type"":""Point"",""coordinates"":[-46.34062801479934,-1.7631686884419813]}"
000000000000000002ec,1,0.2698026205443379,0.6362893035010779,0.5634787270147013,0.544170148679952,0.4720449149608612,0.8126438744892454,0.5092790588507012,0.0,0.0515689563228271,-0.07279261663945868,0.0,0.0,0.0,0.0,0.0,0.0515689563228271,-0.014558523327891737,0.0,0.0,0.0,0.0,0.2698026205443379,0.5847203471782508,0.6362713436541599,0.544170148679952,0.4720449149608612,0.8126438744892454,0.5092790588507012,"{""type"":""Point"",""coordinates"":[-46.34062801479934,-1.7632578704630504]}"
000000000000000002ed,1,0.2024084056392761,0.6475303828191726,0.5575030872012934,0.5781192568512855,0.5424799782820796,0.8110742713758441,0.5541403040756564,0.0,0.0,0.0,0.0,0.0,0.0,0.0,0.0,0.0,0.0,0.0,0.0,0.0,0.0,0.2024084056392761,0.6475303828191726,0.5575030872012934,0.5781192568512855,0.5424799782820796,0.8110742713758441,0.5541403040756564,"{""type"":""Point"",""coordinates"":[-46.73858048831413,-1.1126973222705638]}"
000000000000000002ef,1,0.2434352178856548,0.6270428798678117,0.5594854290293142,0.5713589696091633,0.5481175107102099,0.8096014873898597,0.5454939570799645,0.0,0.0,0.0,0.0,0.0,0.0,0.0,0.0,0.0,0.0,0.0,0.0,0.0,0.0,0.2434352178856548,0.6270428798678117,0.5594854290293142,0.5713589696091633,0.5481175107102099,0.8096014873898597,0.5454939570799645,"{""type"":""Point"",""coordinates"":[-46.67614861446482,-1.0738005837813556]}"
000000000000000002f2,1,0.263248158866246,0.5849808585387137,0.5812012167626932,0.5562222497967891,0.5023839114418893,0.7685297814726918,0.506810036635133,0.0,0.0,0.0,0.0,0.0,0.0,0.0,0.0,0.0,0.0,0.0,0.0,0.0,0.0,0.263248158866246,0.5849808585387137,0.5812012167626932,0.5562222497967891,0.5023839114418893,0.7685297814726918,0.506810036635133,"{""type"":""Point"",""coordinates"":[-46.6757874272795,-1.073889765802424]}"
000000000000000002f3,1,0.24964416334845915,0.5749676419827694,0.6263846368006355,0.5464043726985147,0.49386136393960095,0.7632683156165389,0.49857442504748306,0.0,0.0,0.0,0.0,0.0,0.0,0.0,0.0,0.0,0.0,0.0,0.0,0.0,0.0,0.24964416334845915,0.5749676419827694,0.6263846368006355,0.5464043726985147,0.49386136393960095,0.7632683156165389,0.49857442504748306,"{""type"":""Point"",""coordinates"":[-46.675876609300566,-1.0733502145749574]}"
000000000000000002fc,1,0.24144090695745762,0.5536488549905337,0.6565973039387937,0.5300117663047874,0.487147513577875,0.7490456024293618,0.4845831262652486,0.0,0.0,0.0,0.0,0.0,0.0,0.0,0.0,0.0,0.0,0.0,0.0,0.0,0.0,0.24144090695745762,0.5536488549905337,0.6565973039387937,0.5300117663047874,0.487147513577875,0.7490456024293618,0.4845831262652486,"{""type"":""Point"",""coordinates"":[-48.06889531929601,-2.1694775173309164]}"
000000000000000002fd,1,0.25650020043777133,0.5478799305641965,0.6549205628080731,0.5339264627766027,0.4929516048932395,0.7662225925391689,0.48026324314000074,0.0,0.0,0.0,0.0,0.0,0.0,0.0,0.0,0.0,0.0,0.0,0.0,0.0,0.0,0.25650020043777133,0.5478799305641965,0.6549205628080731,0.5339264627766027,0.4929516048932395,0.7662225925391689,0.48026324314000074,"{""type"":""Point"",""coordinates"":[-48.068895319296004,-2.169923427436261]}"
000000000000000002fe,1,0.22558726525384404,0.4237364390559495,0.66701958898117,0.5672149658203125,0.5608075983205331,0.8515243530273438,0.405578901851127,0.0,0.0,0.0,0.0,0.0,0.0,0.0,0.0,0.0,0.0,0.0,0.0,0.0,0.0,0.22558726525384404,0.4237364390559495,0.66701958898117,0.5672149658203125,0.5608075983205331,0.8515243530273438,0.405578901851127,"{""type"":""Point"",""coordinates"":[-51.940184294573484,-6.537086735362192]}"
000000000000000002ff,1,0.24595763585568162,0.5487800215012383,0.592723459965759,0.5746408365676408,0.5802967331802203,0.8246982147468855,0.49718708322399524,0.0,0.0,0.0,0.0,0.0,0.0,0.0,0.0,0.0,0.0,0.0,0.0,0.0,0.0,0.24595763585568162,0.5487800215012383,0.592723459965759,0.5746408365676408,0.5802967331802203,0.8246982147468855,0.49718708322399524,"{""type"":""Point"",""coordinates"":[-51.940095112552406,-6.537983014673935]}"
00000000000000000304,1,0.2271639248326578,0.6266951605110167,0.550230052674294,0.6118641608104846,0.5820031865556834,0.8154031536772767,0.5369198681751685,0.0,0.0,0.0,0.0,0.0,0.0,0.0,0.0,0.0,0.0,0.0,0.0,0.0,0.0,0.2271639248326578,0.6266951605110167,0.550230052674294,0.6118641608104846,0.5820031865556834,0.8154031536772767,0.5369198681751685,"{""type"":""Point"",""coordinates"":[-48.273171197655415,-2.524221301637803]}"
00000000000000000305,1,0.22874824717401535,0.6246481517517901,0.5496010971836389,0.6122599489537703,0.5674149155563765,0.8170670480929795,0.5440109097253479,0.0,0.0,0.0,0.0,0.0,0.0,0.0,0.0,0.0,0.0,0.0,0.0,0.0,0.0,0.22874824717401535,0.6246481517517901,0.5496010971836389,0.6122599489537703,0.5674149155563765,0.8170670480929795,0.5440109097253479,"{""type"":""Point"",""coordinates"":[-48.27326037967647,-2.523953755574597]}"
00000000000000000309,1,0.2616546418724905,0.6680810660745111,0.4464884267125193,0.6771367121607547,0.6042339541611773,0.849374465025902,0.5723384617962849,0.0,0.0,0.0,0.0,0.0,0.0,0.0,0.0,0.0,0.0,0.0,0.0,0.0,0.0,0.2616546418724905,0.6680810660745111,0.4464884267125193,0.6771367121607547,0.6042339541611773,0.849374465025902,0.5723384617962849,"{""type"":""Point"",""coordinates"":[-46.6765053425491,-1.0659837796346647]}"
0000000000000000030a,1,0.2541238517257249,0.6820430387862166,0.47511231303392704,0.6585332969033785,0.604248499099549,0.8463124971031616,0.5883012363623102,0.0,0.0,0.0,0.0,0.0,0.0,0.0,0.0,0.0,0.0,0.0,0.0,0.0,0.0,0.2541238517257249,0.6820430387862166,0.47511231303392704,0.6585332969033785,0.604248499099549,0.8463124971031616,0.5883012363623102,"{""type"":""Point"",""coordinates"":[-46.67659898367122,-1.0663449668199938]}"
0000000000000000030b,1,0.25011583758824424,0.6302384329601453,0.4963796194654652,0.6401949855910863,0.5873038582379794,0.8523304863056187,0.54927955218602,0.0,0.0,0.0,0.0,0.0,0.04233224054527063,0.0,0.0,0.0,0.0,0.0,0.0,0.014110746848423542,0.0,0.25011583758824424,0.6302384329601453,0.4963796194654652,0.6401949855910863,0.5873038582379794,0.8099982457603481,0.54927955218602,"{""type"":""Point"",""coordinates"":[-46.6765053425491,-1.066706154005323]}"
0000000000000000030c,1,0.22100658227483286,0.6434105726114822,0.5114104578597604,0.6332158343289808,0.5760950037328828,0.8363376282160184,0.5503861523527588,0.0,0.0,0.0,0.0,0.0,0.0,0.0,0.0,0.0,0.0,0.0,0.0,0.0,0.0,0.22100658227483286,0.6434105726114822,0.5114104578597604,0.6332158343289808,0.5760950037328828,0.8363376282160184,0.5503861523527588,"{""type"":""Point"",""coordinates"":[-46.77550184503664,-1.1361432756095822]}"
0000000000000000030d,1,0.23639441438330458,0.5743673310916811,0.5461308833181948,0.6245297564576283,0.5504160536083591,0.8242495280270917,0.5047909073203461,0.0,0.0,0.0,0.0,0.0,0.0,0.0,0.0,0.0,0.0,0.0,0.0,0.0,0.0,0.23639441438330458,0.5743673310916811,0.5461308833181948,0.6245297564576283,0.5504160536083591,0.8242495280270917,0.5047909073203461,"{""type"":""Point"",""coordinates"":[-46.77550184503664,-1.1365044627949115]}"
0000000000000000030e,1,0.2064914896416639,0.606295632634774,0.5139485323875757,0.6431733589097601,0.5500024635276927,0.8453460387412499,0.5410532234538036,0.0,0.0,0.0,0.0,0.0,0.03136577547660069,0.0,0.0,0.0,0.0,0.0,0.0,0.010455258492200229,0.0,0.2064914896416639,0.606295632634774,0.5139485323875757,0.6431733589097601,0.5500024635276927,0.8139802632646492,0.5410532234538036,"{""type"":""Point"",""coordinates"":[-46.77576939109986,-1.1365044627949115]}"
00000000000000000310,1,0.22463596446146064,0.6196093587094288,0.5871097709142721,0.5413400921636105,0.5454960027520309,0.8134739322008075,0.5565434235320862,0.0,0.0,0.0,0.0,0.0,0.0,0.0,0.0,0.0,0.0,0.0,0.0,0.0,0.0,0.22463596446146064,0.6196093587094288,0.5871097709142721,0.5413400921636105,0.5454960027520309,0.8134739322008075,0.5565434235320862,"{""type"":""Point"",""coordinates"":[-46.774601106623855,-1.1373115600855848]}"
00000000000000000314,1,0.24897389086370333,0.6198539475726108,0.6493452172575479,0.52560169065383,0.48228144021073205,0.8367432328961975,0.5500724990746528,0.0,0.0,0.0,0.0,0.0,0.07708294753460465,0.0,0.0,0.0,0.0,0.0,0.0,0.019270736883651163,0.0,0.24897389086370333,0.6198539475726108,0.6493452172575479,0.52560169065383,0.48228144021073205,0.7596602853615928,0.5500724990746528,"{""type"":""Point"",""coordinates"":[-46.72241178789432,-1.3570382235951843]}"
00000000000000000315,1,0.2468784682361463,0.6792879304346069,0.49597587899761825,0.6498617341050605,0.6231194824496536,0.8512581310048694,0.5894705358404483,0.0,0.0,0.0,0.0,0.0,0.0,0.0,0.0,0.0,0.0,0.0,0.0,0.0,0.0,0.2468784682361463,0.6792879304346069,0.49597587899761825,0.6498617341050605,0.6231194824496536,0.8512581310048694,0.5894705358404483,"{""type"":""Point"",""coordinates"":[-46.72250096991539,-1.356949041574115]}"
0000000000000000031e,1,0.2232941383375797,0.46578102175839764,0.7399867819534399,0.4924958682837818,0.4847315858347769,0.7205879571551572,0.41545036926503215,0.0,0.0,0.04673684848241488,0.0,0.0,0.0,0.0,0.0,0.0,0.02336842424120744,0.0,0.0,0.0,0.0,0.2232941383375797,0.46578102175839764,0.693249933471025,0.4924958682837818,0.4847315858347769,0.7205879571551572,0.41545036926503215,"{""type"":""Point"",""coordinates"":[-48.27425030011035,-2.5311373673716973]}"
0000000000000000031f,1,0.21585145709260495,0.45985538321543534,0.7412530654337274,0.49716628707117566,0.4999757692891058,0.7545828657418173,0.4283015467622887,0.0,0.0,0.10007308590312092,0.0,0.0,0.0,0.0,0.0,0.0,0.033357695301040304,0.0,0.0,0.0,0.0,0.21585145709260495,0.45985538321543534,0.6411799795306065,0.49716628707117566,0.4999757692891058,0.7545828657418173,0.4283015467622887,"{""type"":""Point"",""coordinates"":[-48.27425030011035,-2.531315731413836]}"
00000000000000000320,1,0.23585186063489083,0.49764364243361,0.6589435427594671,0.5175858570610471,0.509420741151536,0.7456146132669055,0.4636122001900625,0.0,0.0,0.0,0.0,0.0,0.0,0.0,0.0,0.0,0.0,0.0,0.0,0.0,0.0,0.23585186063489083,0.49764364243361,0.6589435427594671,0.5175858570610471,0.509420741151536,0.7456146132669055,0.4636122001900625,"{""type"":""Point"",""coordinates"":[-48.274161118089275,-2.53095900332956]}"
00000000000000000323,1,0.24222034471973158,0.6018466981994528,0.7373503875054127,0.45930439794980144,0.4497928650506995,0.7402271043632144,0.449197638970038,0.0,0.1958777285559382,0.0,0.0,0.0,0.04392481528145897,0.0,0.0,0.1958777285559382,0.0,0.0,0.0,0.021962407640729487,0.0,0.24222034471973158,0.4059689696435146,0.7373503875054127,0.45930439794980144,0.4497928650506995,0.6963022890817554,0.449197638970038,"{""type"":""Point"",""coordinates"":[-48.40827750047377,-2.4789480486421667]}"
00000000000000000324,1,0.22914869490256484,0.5108956275804702,0.7436147183538842,0.4513710929220062,0.4574655974680266,0.7348758990882363,0.4648832907426567,0.0,0.0,0.0,0.0,0.0,0.0,0.0,0.0,0.0,0.0,0.0,0.0,0.0,0.0,0.22914869490256484,0.5108956275804702,0.7436147183538842,0.4513710929220062,0.4574655974680266,0.7348758990882363,0.4648832907426567,"{""type"":""Point"",""coordinates"":[-48.4089062337223,-2.478765225498976]}"
0000000000000000032e,1,0.2297475699168595,0.5082240165602837,0.7422278332140605,0.5026787258805518,0.48196677325573967,0.756986198979627,0.4606752877605539,0.0,0.0,0.0815513779772371,0.0,0.0,0.0,0.0,0.0,0.0,0.04077568898861855,0.0,0.0,0.0,0.0,0.2297475699168595,0.5082240165602837,0.6606764552368234,0.5026787258805518,0.48196677325573967,0.756986198979627,0.4606752877605539,"{""type"":""Point"",""coordinates"":[-48.27407193606821,-2.5305086341231613]}"
0000000000000000032f,1,0.20146160357083667,0.4824011094023986,0.6479867067065351,0.4963333159497075,0.49872763676308696,0.6698177810233665,0.4317383626764833,0.0,0.0,0.0,0.0,0.0,-0.035641456075327316,0.0,0.0,0.0,0.0,0.0,0.0,-0.007128291215065463,0.0,0.20146160357083667,0.4824011094023986,0.6479867067065351,0.4963333159497075,0.49872763676308696,0.7054592370986938,0.4317383626764833,"{""type"":""Point"",""coordinates"":[-48.27379993090395,-2.5308698213084915]}"
00000000000000000334,1,0.26735869605987594,0.588300787839951,0.5881229422553084,0.6004010613062322,0.5828627347946167,0.831559956073761,0.5284743499169259,0.0,0.0,0.05629772318306547,0.0,0.0,0.0,0.0,0.0,0.0,0.028148861591532737,0.0,0.0,0.0,0.0,0.26735869605987594,0.588300787839951,0.5318252190722429,0.6004010613062322,0.5828627347946167,0.831559956073761,0.5284743499169259,"{""type"":""Point"",""coordinates"":[-50.37621702749209,-9.582554654642552]}"
0000000000000000033e,1,0.20780870703159673,0.5411668837006496,0.6381456913926662,0.5359197166739136,0.5336334915070323,0.7479681511172428,0.46282584801432375,0.0,0.037630518328945595,0.0,0.0,0.0,0.0,0.0,0.0,0.037630518328945595,0.0,0.0,0.0,0.0,0.0,0.20780870703159673,0.503536365371704,0.6381456913926662,0.5359197166739136,0.5336334915070323,0.7479681511172428,0.46282584801432375,"{""type"":""Point"",""coordinates"":[-51.90317375582988,-6.46010035567445]}"
00000000000000000341,1,0.23773307599400506,0.5391162545002982,0.6558511152851776,0.561706486201522,0.5565582869142356,0.793434202671051,0.4822423644117613,0.0,0.0,0.047390192148412336,0.0,0.0,0.0,0.0,0.0,0.0,0.015796730716137446,0.0,0.0,0.0,0.0,0.23773307599400506,0.5391162545002982,0.6084609231367653,0.561706486201522,0.5565582869142356,0.793434202671051,0.4822423644117613,"{""type"":""Point"",""coordinates"":[-51.90299539178775,-6.460367901737657]}"
00000000000000000343,1,0.22237064952790234,0.44554728409150923,0.7080412547118332,0.4762756712824217,0.4974366834306071,0.6608534512525244,0.4092592900305569,0.0,0.0,0.0,0.0,0.0,0.0,0.0,0.0,0.0,0.0,0.0,0.0,0.0,0.0,0.22237064952790234,0.44554728409150923,0.7080412547118332,0.4762756712824217,0.4974366834306071,0.6608534512525244,0.4092592900305569,"{""type"":""Point"",""coordinates"":[-51.90317375582988,-6.460278719716587]}"
00000000000000000346,1,0.22414500127539597,0.4673755283884716,0.7900047921482797,0.41443519738104256,0.4519328095407064,0.748328369011064,0.4275742092797689,0.0,0.0,0.0,0.0,0.0,0.0,0.0,0.0,0.0,0.0,0.0,0.0,0.0,0.0,0.22414500127539597,0.4673755283884716,0.7900047921482797,0.41443519738104256,0.4519328095407064,0.748328369011064,0.4275742092797689,"{""type"":""Point"",""coordinates"":[-51.90308457380882,-6.460189537695519]}"
00000000000000000348,1,0.21651111416795737,0.5339491620285259,0.679714568954404,0.5092565929744352,0.5124806272502113,0.7650404028119723,0.46305034039541987,0.0,0.04630020310725419,0.0,0.0,0.0,0.0,0.0,0.0,0.04630020310725419,0.0,0.0,0.0,0.0,0.0,0.21651111416795737,0.48764895892127175,0.679714568954404,0.5092565929744352,0.5124806272502113,0.7650404028119723,0.46305034039541987,"{""type"":""Point"",""coordinates"":[-51.90308457380882,-6.46010035567445]}"
00000000000000000349,1,0.20135686479506018,0.4908934881451691,0.6384061503351113,0.5181349385422557,0.5200828923584132,0.7305168349179446,0.4561459353039487,0.0,0.0,0.0,0.0,0.0,0.0,0.0,0.0,0.0,0.0,0.0,0.0,0.0,0.0,0.20135686479506018,0.4908934881451691,0.6384061503351113,0.5181349385422557,0.5200828923584132,0.7305168349179446,0.4561459353039487,"{""type"":""Point"",""coordinates"":[-51.90317375582988,-6.46001117365338]}"
0000000000000000034b,1,0.20780870703159673,0.5411668837006496,0.6381456913926662,0.5359197166739136,0.5336334915070323,0.7479681511172428,0.46282584801432375,0.0,0.037630518328945595,0.0,0.0,0.0,0.0,0.0,0.0,0.037630518328945595,0.0,0.0,0.0,0.0,0.0,0.20780870703159673,0.503536365371704,0.6381456913926662,0.5359197166739136,0.5336334915070323,0.7479681511172428,0.46282584801432375,"{""type"":""Point"",""coordinates"":[-51.90317375582988,-6.46010035567445]}"
0000000000000000034c,1,0.22860156197672588,0.6123745065742222,0.5705452977682265,0.6050595612635447,0.5668684326597829,0.8197720054938795,0.5389135309908426,0.0,0.0,0.0,0.0,0.0,0.0,0.0,0.0,0.0,0.0,0.0,0.0,0.0,0.0,0.22860156197672588,0.6123745065742222,0.5705452977682265,0.6050595612635447,0.5668684326597829,0.8197720054938795,0.5389135309908426,"{""type"":""Point"",""coordinates"":[-48.27326037967648,-2.5240429375956657]}"
0000000000000000034e,1,0.2272699079019215,0.5954761946142975,0.5733998518344574,0.5990492579631204,0.5343037501398465,0.8503883481025696,0.5178190507776429,0.0,0.0,0.0,0.0,0.0,0.04164042567401993,0.0,0.0,0.0,0.0,0.0,0.0,0.04164042567401993,0.0,0.2272699079019215,0.5954761946142975,0.5733998518344574,0.5990492579631204,0.5343037501398465,0.8087479224285496,0.5178190507776429,"{""type"":""Point"",""coordinates"":[-48.272992833613266,-2.523860114452474]}"
00000000000000000350,1,0.23175169921206698,0.6187191784236846,0.5940168870443003,0.6004729212636999,0.5580516259524086,0.8128521243483238,0.5431138822728555,0.0,0.0,0.09385736691490276,0.0,0.0,0.0,0.0,0.0,0.0,0.04692868345745138,0.0,0.0,0.0,0.0,0.23175169921206698,0.6187191784236846,0.5001595201293976,0.6004729212636999,0.5580516259524086,0.8128521243483238,0.5431138822728555,"{""type"":""Point"",""coordinates"":[-48.2733540207986,-2.5240429375956657]}"
00000000000000000355,1,0.19517230442021863,0.44098014531499824,0.8484687665043951,0.37678003311157227,0.42557712485247196,0.7152360356239083,0.40266853184855833,0.0,0.0,-0.03241352013069676,0.0,0.0,0.0,0.0,0.0,0.0,-0.006482704026139352,0.0,0.0,0.0,0.0,0.19517230442021863,0.44098014531499824,0.8808822866350918,0.37678003311157227,0.42557712485247196,0.7152360356239083,0.40266853184855833,"{""type"":""Point"",""coordinates"":[-51.8808069049458,-6.442852552799721]}"
00000000000000000357,1,0.2301179444776627,0.4544564854249714,0.712632601930772,0.4546528473515757,0.4861962293594324,0.8009628653526306,0.4099559997867874,0.0,0.0,0.0,0.0,0.0,0.07930288972519905,0.0,0.0,0.0,0.0,0.0,0.0,0.07930288972519905,0.0,0.2301179444776627,0.4544564854249714,0.712632601930772,0.4546528473515757,0.4861962293594324,0.7216599756274316,0.4099559997867874,"{""type"":""Point"",""coordinates"":[-51.88071772292473,-6.443030916841859]}"
0000000000000000035f,1,0.22282178303260952,0.3529318520931497,1.0109067532105032,0.26549374023727523,0.3521069114694801,0.4934971231165498,0.32452752327892515,0.0,0.0,0.0,0.0,0.0,0.0,0.0,0.0,0.0,0.0,0.0,0.0,0.0,0.0,0.22282178303260952,0.3529318520931497,1.0109067532105032,0.26549374023727523,0.3521069114694801,0.4934971231165498,0.32452752327892515,"{""type"":""Point"",""coordinates"":[-48.24792822659186,-2.5538654054411114]}"
00000000000000000360,1,0.23532743433690761,0.5731436761017624,0.699708650515866,0.4483751514178991,0.4296699644051881,0.7628840394091709,0.48529131908207607,0.0,0.0,0.0,0.0,0.0,0.06744032074088646,0.0,0.0,0.0,0.0,0.0,0.0,0.03372016037044323,0.0,0.23532743433690761,0.5731436761017624,0.699708650515866,0.4483751514178991,0.4296699644051881,0.6954437186682845,0.48529131908207607,"{""type"":""Point"",""coordinates"":[-46.676326978506964,-1.0734438556970798]}"
00000000000000000361,1,0.24334075414265716,0.5036209001731843,0.6887396829816391,0.5267156043864951,0.44708355388130494,0.7043550043991287,0.44953970824938444,0.0,0.0,0.041208829077132414,0.0,0.0,0.0,0.0,0.0,0.0,0.020604414538566207,0.0,0.0,0.0,0.0,0.24334075414265716,0.5036209001731843,0.6475308539045067,0.5267156043864951,0.44708355388130494,0.7043550043991287,0.44953970824938444,"{""type"":""Point"",""coordinates"":[-46.67551988121629,-1.0738005837813556]}"
00000000000000000364,1,0.2502482461808918,0.4135097613495607,0.7775429054898266,0.3467833560379456,0.3862622094057705,0.6463170026301588,0.3593550677858747,0.0,0.0,0.0,0.0,0.0,0.0,0.0,0.0,0.0,0.0,0.0,0.0,0.0,0.0,0.2502482461808918,0.4135097613495607,0.7775429054898266,0.3467833560379456,0.3862622094057705,0.6463170026301588,0.3593550677858747,"{""type"":""Point"",""coordinates"":[-46.6765053425491,-1.0741617709666844]}"
0000000000000000036d,1,0.21126449698772332,0.558700338727226,0.7029310803698046,0.5023296775393262,0.46220422535945194,0.7225458751023446,0.47458411012758656,0.0,0.1809021088579007,0.0,0.0,0.0,0.0,0.0,0.0,0.1809021088579007,0.0,0.0,0.0,0.0,0.0,0.21126449698772332,0.3777982298693253,0.7029310803698046,0.5023296775393262,0.46220422535945194,0.7225458751023446,0.47458411012758656,"{""type"":""Point"",""coordinates"":[-46.738312942250914,-1.1126973222705638]}"
0000000000000000036e,1,0.22734824828336325,0.48480188184272877,0.7268268303932275,0.361998863964842,0.4058142943055601,0.6454372816642377,0.4181530644207236,0.0,0.0,-0.33373790186886687,0.0,0.0,0.0,0.0,0.0,0.0,-0.06674758037377337,0.0,0.0,0.0,0.0,0.22734824828336325,0.48480188184272877,1.0605647322620944,0.361998863964842,0.4058142943055601,0.6454372816642377,0.4181530644207236,"{""type"":""Point"",""coordinates"":[-46.72241178789432,-1.3833602971136751]}"
00000000000000000378,1,0.22777427758152768,0.525567081030042,0.7774738093162817,0.39494052361620213,0.47012142709280136,0.7488760309908298,0.46958386630038335,0.0,0.0,0.0,0.0,0.0,0.0,0.0,0.0,0.0,0.0,0.0,0.0,0.0,0.0,0.22777427758152768,0.525567081030042,0.7774738093162817,0.39494052361620213,0.47012142709280136,0.7488760309908298,0.46958386630038335,"{""type"":""Point"",""coordinates"":[-51.928867096099836,-6.5056456138343455]}"
00000000000000000379,1,0.20297419397844146,0.41928626532716656,0.4949639787630145,0.6453299094768852,0.5411603821177267,0.7928378315989827,0.40770467559522544,0.0,0.0,0.0,0.0,0.0,0.0,0.0,0.0,0.0,0.0,0.0,0.0,0.0,0.0,0.20297419397844146,0.41928626532716656,0.4949639787630145,0.6453299094768852,0.5411603821177267,0.7928378315989827,0.40770467559522544,"{""type"":""Point"",""coordinates"":[-51.08570905520692,-6.493606040990042]}"
0000000000000000037a,1,0.23265301449337603,0.6111265896508256,0.532399235069138,0.6227715295439779,0.5753753421595081,0.8317176398971516,0.530207975980746,0.0,0.0,0.03531771070121914,0.0,0.0,0.0,0.0,0.0,0.0,0.03531771070121914,0.0,0.0,0.0,0.0,0.23265301449337603,0.6111265896508256,0.49708152436791886,0.6227715295439779,0.5753753421595081,0.8317176398971516,0.530207975980746,"{""type"":""Point"",""coordinates"":[-46.33442986433505,-1.7667627238910588]}"
0000000000000000037e,1,0.22870995507568675,0.6111344699477037,0.5418030205610654,0.6160561190254382,0.6224258349588777,0.8427525645829529,0.5498614958448754,0.0,0.0,0.0,0.0,0.0,0.0,0.0,0.0,0.0,0.0,0.0,0.0,0.0,0.0,0.22870995507568675,0.6111344699477037,0.5418030205610654,0.6160561190254382,0.6224258349588777,0.8427525645829529,0.5498614958448754,"{""type"":""Point"",""coordinates"":[-50.53998197278094,-5.833525312048448]}"
0000000000000000037f,1,0.22560212210618671,0.5640308360278048,0.5546439613687758,0.5429961819433822,0.509421873543941,0.8256656142384893,0.5098885107782702,0.0,0.0,0.0,0.0,0.0,0.0,0.0,0.0,0.0,0.0,0.0,0.0,0.0,0.0,0.22560212210618671,0.5640308360278048,0.5546439613687758,0.5429961819433822,0.509421873543941,0.8256656142384893,0.5098885107782702,"{""type"":""Point"",""coordinates"":[-50.54087825209269,-5.833614494069517]}"
00000000000000000382,1,0.2570427228818382,0.5326161010205247,0.626255552457614,0.5651735663414001,0.5757005731754375,0.8097867020149546,0.4822356210875075,0.0,0.0,0.0,0.0,0.0,0.0,0.0,0.0,0.0,0.0,0.0,0.0,0.0,0.0,0.2570427228818382,0.5326161010205247,0.626255552457614,0.5651735663414001,0.5757005731754375,0.8097867020149546,0.4822356210875075,"{""type"":""Point"",""coordinates"":[-50.56881897929358,-5.816995424443324]}"
00000000000000000383,1,0.24529227598118358,0.5252173517769136,0.6321031874268465,0.5727150404003949,0.5574043393135071,0.8126443947499065,0.46610317891827674,0.0,0.0,0.035622144194013106,0.0,0.0,0.0,0.0,0.0,0.0,0.035622144194013106,0.0,0.0,0.0,0.0,0.24529227598118358,0.5252173517769136,0.5964810432328334,0.5727150404003949,0.5574043393135071,0.8126443947499065,0.46610317891827674,"{""type"":""Point"",""coordinates"":[-50.568997343335724,-5.817356611628652]}"
00000000000000000384,1,0.20969748778561423,0.4814967560744772,0.6289670101968198,0.532210096521689,0.5854279133009699,0.7926234738480785,0.44847522872888523,0.0,0.0,0.0,0.0,0.0,0.0,0.0,0.0,0.0,0.0,0.0,0.0,0.0,0.0,0.20969748778561423,0.4814967560744772,0.6289670101968198,0.532210096521689,0.5854279133009699,0.7926234738480785,0.44847522872888523,"{""type"":""Point"",""coordinates"":[-50.56827942806611,-5.773875917256502]}"
00000000000000000387,1,0.24915433723161445,0.477356697402318,0.8062788351767137,0.407710750521417,0.42942902723415344,0.6860615853018965,0.43159273344883153,0.0,0.0,0.0,0.0,0.0,0.0,0.0,0.0,0.0,0.0,0.0,0.0,0.0,0.0,0.24915433723161445,0.477356697402318,0.8062788351767137,0.407710750521417,0.42942902723415344,0.6860615853018965,0.43159273344883153,"{""type"":""Point"",""coordinates"":[-47.379527214635374,-2.3070095711223475]}"
00000000000000000388,1,0.2544672833263313,0.5178939803591756,0.6520539642286443,0.4989996762230909,0.4619860193653827,0.6854014977114259,0.48350531864323126,0.0,0.0,0.0,0.0,0.0,-0.07624066401686014,0.0,0.0,0.0,0.0,0.0,0.0,-0.025413554672286714,0.0,0.2544672833263313,0.5178939803591756,0.6520539642286443,0.4989996762230909,0.4619860193653827,0.761642161728286,0.48350531864323126,"{""type"":""Point"",""coordinates"":[-47.37971003777856,-2.3065592019159493]}"
00000000000000000389,1,0.2552688305913699,0.5046150244665697,0.7405595739966725,0.4528933987739541,0.44935425862377826,0.7149318741022642,0.4467837484686888,0.0,0.0,0.0,0.0,0.0,0.0,0.0,0.0,0.0,0.0,0.0,0.0,0.0,0.0,0.2552688305913699,0.5046150244665697,0.7405595739966725,0.4528933987739541,0.44935425862377826,0.7149318741022642,0.4467837484686888,"{""type"":""Point"",""coordinates"":[-47.37961639665645,-2.307277117185554]}"
00000000000000000390,1,0.22680984830431816,0.6536194538978795,0.4769596545636418,0.6739271618991131,0.565934419631958,0.8511570692062378,0.5646580127249267,0.0,0.03676170537501988,0.0,0.0,0.0,0.0,0.0,0.0,0.00919042634375497,0.0,0.0,0.0,0.0,0.0,0.22680984830431816,0.6168577485228596,0.4769596545636418,0.6739271618991131,0.565934419631958,0.8511570692062378,0.5646580127249267,"{""type"":""Point"",""coordinates"":[-47.66600216181401,-4.0157816858133435]}"
00000000000000000391,1,0.24439188491696864,0.5830947303446965,0.5325720039272055,0.62196484084855,0.5672555565834045,0.851362943649292,0.5226400048085724,0.0,0.0,0.0,0.0,0.0,0.0,0.0,0.0,0.0,0.0,0.0,0.0,0.0,0.0,0.24439188491696864,0.5830947303446965,0.5325720039272055,0.62196484084855,0.5672555565834045,0.851362943649292,0.5226400048085724,"{""type"":""Point"",""coordinates"":[-47.665823797771864,-4.017761526681072]}"
00000000000000000393,1,0.24047659075559152,0.4998457740559563,0.5131979956706346,0.6312202044895717,0.5837600491667363,0.8170001643153977,0.45764572686706195,0.0,0.0,0.0,0.0,0.0,0.0,0.0,0.0,0.0,0.0,0.0,0.0,0.0,0.0,0.24047659075559152,0.4998457740559563,0.5131979956706346,0.6312202044895717,0.5837600491667363,0.8170001643153977,0.45764572686706195,"{""type"":""Point"",""coordinates"":[-47.6652842465444,-4.020994374944821]}"
00000000000000000398,1,0.24781479485225585,0.6661516750967679,0.5128975984966978,0.6169086143909863,0.5815505718931693,0.8308403871085542,0.5777971049573274,0.0,0.0,0.0,0.0,0.0,0.0,0.0,0.0,0.0,0.0,0.0,0.0,0.0,0.0,0.24781479485225585,0.6661516750967679,0.5128975984966978,0.6169086143909863,0.5815505718931693,0.8308403871085542,0.5777971049573274,"{""type"":""Point"",""coordinates"":[-49.93811034899104,-6.3807774070347]}"
00000000000000000399,1,0.2522652373839809,0.716132222049388,0.4624832847040649,0.6199637981898407,0.5990670859096369,0.8495136421961075,0.6062764038680054,0.0,0.0,0.0,0.0,0.0,0.0,0.0,0.0,0.0,0.0,0.0,0.0,0.0,0.0,0.2522652373839809,0.716132222049388,0.4624832847040649,0.6199637981898407,0.5990670859096369,0.8495136421961075,0.6062764038680054,"{""type"":""Point"",""coordinates"":[-49.93802116696997,-6.3807774070347]}"
0000000000000000039b,1,0.23600093102820352,0.6233461423544223,0.5302197566204272,0.6006980194364804,0.5893941265421169,0.81496377945331,0.5600174171319219,0.0,0.0,0.0,0.0,0.0,0.0,0.0,0.0,0.0,0.0,0.0,0.0,0.0,0.0,0.23600093102820352,0.6233461423544223,0.5302197566204272,0.6006980194364804,0.5893941265421169,0.81496377945331,0.5600174171319219,"{""type"":""Point"",""coordinates"":[-49.93784280292783,-6.3807774070347]}"
0000000000000000039c,1,0.2196076471218908,0.5840871257668772,0.5768969049928759,0.5513859861496793,0.5378757959584923,0.767340539713761,0.5292423764063343,0.0,0.0,0.0,0.0,0.0,0.0,0.0,0.0,0.0,0.0,0.0,0.0,0.0,0.0,0.2196076471218908,0.5840871257668772,0.5768969049928759,0.5513859861496793,0.5378757959584923,0.767340539713761,0.5292423764063343,"{""type"":""Point"",""coordinates"":[-49.937749161805705,-6.3807774070347]}"
000000000000000003a0,1,0.2457719253226042,0.6771767549330496,0.46293756748834525,0.6198388041705837,0.5788626677008837,0.834798344492552,0.5866090306022004,0.0,0.0,-0.04577937989598235,0.0,0.0,0.0,0.0,0.0,0.0,-0.04577937989598235,0.0,0.0,0.0,0.0,0.2457719253226042,0.6771767549330496,0.5087169473843276,0.6198388041705837,0.5788626677008837,0.834798344492552,0.5866090306022004,"{""type"":""Point"",""coordinates"":[-49.93802116696997,-6.380688225013631]}"
000000000000000003a8,1,0.25855047107990725,0.65628258995205,0.5170528540667886,0.6049919814988838,0.5911971191707278,0.865348646521099,0.5745924997112588,0.0,0.0,0.0,0.0,0.0,0.047424134490058556,0.0,0.0,0.0,0.0,0.0,0.0,0.023712067245029278,0.0,0.25855047107990725,0.65628258995205,0.5170528540667886,0.6049919814988838,0.5911971191707278,0.8179245120310404,0.5745924997112588,"{""type"":""Point"",""coordinates"":[-49.9379319849489,-6.380599042992562]}"
000000000000000003b1,1,0.27175441026727487,0.5739877032652619,0.6103568954621318,0.5277851916014947,0.5177985616831524,0.7800946517423973,0.49466654565961266,0.0,0.0,0.0,0.0,0.0,0.0,0.0,0.0,0.0,0.0,0.0,0.0,0.0,0.0,0.27175441026727487,0.5739877032652619,0.6103568954621318,0.5277851916014947,0.5177985616831524,0.7800946517423973,0.49466654565961266,"{""type"":""Point"",""coordinates"":[-49.937749161805705,-6.380509860971495]}"
000000000000000003b2,1,0.25086396554292223,0.4789429897134019,0.8849722390879471,0.3437497808549845,0.3717490548220916,0.6027336697721805,0.37517449933442343,0.0,0.17775766851100405,0.0,0.0,0.0,0.0,0.0,0.0,0.04443941712775101,0.0,0.0,0.0,0.0,0.0,0.25086396554292223,0.3011853212023978,0.8849722390879471,0.3437497808549845,0.3717490548220916,0.6027336697721805,0.37517449933442343,"{""type"":""Point"",""coordinates"":[-49.94017491277878,-6.379970309744026]}"
000000000000000003b9,1,0.24816177765790629,0.6267260692278411,0.5179026430272398,0.6381310629762091,0.5903259908902424,0.8512513051143671,0.54393413961963,0.0,0.037720489367658705,0.0,0.0,0.0,0.0,0.0,0.0,0.012573496455886235,0.0,0.0,0.0,0.0,0.0,0.24816177765790629,0.5890055798601824,0.5179026430272398,0.6381310629762091,0.5903259908902424,0.8512513051143671,0.54393413961963,"{""type"":""Point"",""coordinates"":[-47.7281664896001,-4.033479857894469]}"
000000000000000003ba,1,0.24401192867394947,0.670719393241884,0.47985098023904943,0.6705385743305469,0.610735592422557,0.8557200001940772,0.5696589042043839,0.0,0.0364803204496571,0.0,0.0,0.0,0.0,0.0,0.0,0.01824016022482855,0.0,0.0,0.0,0.0,0.0,0.24401192867394947,0.6342390727922269,0.47985098023904943,0.6705385743305469,0.610735592422557,0.8557200001940772,0.5696589042043839,"{""type"":""Point"",""coordinates"":[-47.72807284847798,-4.033479857894469]}"
000000000000000003bd,1,0.24415530934226243,0.6105873832138438,0.5077522307406988,0.6427479756470026,0.583379401124992,0.8459200125388006,0.5475317253821181,0.0,0.0,0.0,0.0,0.0,0.0,0.0,0.0,0.0,0.0,0.0,0.0,0.0,0.0,0.24415530934226243,0.6105873832138438,0.5077522307406988,0.6427479756470026,0.583379401124992,0.8459200125388006,0.5475317253821181,"{""type"":""Point"",""coordinates"":[-47.72825567162116,-4.0333906758734015]}"
000000000000000003be,1,0.2559084052840179,0.6446773691490033,0.5166863270872404,0.6544651382291441,0.6007683277130127,0.8498885628526194,0.5489532209993642,0.0,0.032585716422770084,0.0,0.0,0.0,0.0,0.0,0.0,0.016292858211385042,0.0,0.0,0.0,0.0,0.0,0.2559084052840179,0.6120916527262332,0.5166863270872404,0.6544651382291441,0.6007683277130127,0.8498885628526194,0.5489532209993642,"{""type"":""Point"",""coordinates"":[-47.728166489600106,-4.033390675873401]}"
000000000000000003bf,1,0.24151123057733215,0.6709672517420565,0.49491358062845764,0.6687056514547417,0.5962235654917686,0.8522713819714361,0.5671604626307344,0.0,0.047156848081627345,0.0,0.0,0.0,0.0,0.0,0.0,0.01571894936054245,0.0,0.0,0.0,0.0,0.0,0.24151123057733215,0.6238104036604292,0.49491358062845764,0.6687056514547417,0.5962235654917686,0.8522713819714361,0.5671604626307344,"{""type"":""Point"",""coordinates"":[-47.72807284847798,-4.0333906758734015]}"
000000000000000003c0,1,0.25805729136252564,0.6454076269310524,0.5216835209250167,0.6455528609626948,0.5823503732681274,0.8384619228248813,0.5307180233181209,0.0,0.07013546373881474,0.0,0.0,0.0,0.0,0.0,0.0,0.023378487912938246,0.0,0.0,0.0,0.0,0.0,0.25805729136252564,0.5752721631922376,0.5216835209250167,0.6455528609626948,0.5823503732681274,0.8384619228248813,0.5307180233181209,"{""type"":""Point"",""coordinates"":[-47.728434035663305,-4.033301493852332]}"
000000000000000003c1,1,0.23800728463702917,0.6714471794110254,0.4856009752568963,0.6581669062520284,0.6029345970857506,0.8697555398454768,0.5461356156569572,0.0,0.05339088201532172,0.0,0.0,0.0,0.0364079187112315,0.0,0.0,0.02669544100766086,0.0,0.0,0.0,0.012135972903743833,0.0,0.23800728463702917,0.6180562973957037,0.4856009752568963,0.6581669062520284,0.6029345970857506,0.8333476211342453,0.5461356156569572,"{""type"":""Point"",""coordinates"":[-47.72834485364224,-4.033301493852332]}"
000000000000000003c2,1,0.23985731972118646,0.6237351760217527,0.5142918707992923,0.6459716151033473,0.5868216753005981,0.8442899625738,0.5208856324910435,0.0,0.0358328119120086,0.0,0.0,0.0,0.0,0.0,0.0,0.0179164059560043,0.0,0.0,0.0,0.0,0.0,0.23985731972118646,0.5879023641097441,0.5142918707992923,0.6459716151033473,0.5868216753005981,0.8442899625738,0.5208856324910435,"{""type"":""Point"",""coordinates"":[-47.728255671621156,-4.033301493852332]}"
000000000000000003c5,1,0.2403405359570514,0.6021869690367813,0.5462935872130741,0.6241567717510728,0.575060429155715,0.8492421459805088,0.5158490556273475,0.0,0.03905195008095119,0.0,0.0,0.0,0.0,0.0,0.0,0.019525975040475596,0.0,0.0,0.0,0.0,0.0,0.2403405359570514,0.5631350189558301,0.5462935872130741,0.6241567717510728,0.575060429155715,0.8492421459805088,0.5158490556273475,"{""type"":""Point"",""coordinates"":[-47.728434035663305,-4.033212311831263]}"
000000000000000003c6,1,0.2539355496854454,0.6333020139973199,0.5778301886792453,0.558694314177059,0.5336606976058159,0.8123459902065617,0.5548422305891483,0.0,0.0,0.0,0.0,0.0,0.0,0.0,0.0,0.0,0.0,0.0,0.0,0.0,0.0,0.2539355496854454,0.6333020139973199,0.5778301886792453,0.558694314177059,0.5336606976058159,0.8123459902065617,0.5548422305891483,"{""type"":""Point"",""coordinates"":[-47.70355225178507,-3.9821868184766807]}"
000000000000000003c8,1,0.24188403727468655,0.5567021627492784,0.5620317840696923,0.5687112755962268,0.5435338020324707,0.8354308009147644,0.5013512272628486,0.0,0.0,-0.036805425232633304,0.0,0.0,0.0,0.0,0.0,0.0,-0.007361085046526661,0.0,0.0,0.0,0.0,0.24188403727468655,0.5567021627492784,0.5988372093023256,0.5687112755962268,0.5435338020324707,0.8354308009147644,0.5013512272628486,"{""type"":""Point"",""coordinates"":[-47.715948552713655,-3.9722162685211764]}"
000000000000000003cb,1,0.22457197007358087,0.5807886088338449,0.5587503028988525,0.6274536282278874,0.557105747516946,0.8350979089736938,0.5060777780243557,0.0,0.0,0.049087628717937704,0.0,0.0,0.0,0.0,0.0,0.0,0.016362542905979233,0.0,0.0,0.0,0.0,0.22457197007358087,0.5807886088338449,0.5096626741809148,0.6274536282278874,0.557105747516946,0.8350979089736938,0.5060777780243557,"{""type"":""Point"",""coordinates"":[-47.71585937069259,-3.9721270865001075]}"
000000000000000003cc,1,0.22100929077685663,0.3378408185972352,1.124363410352847,0.19740624273442547,0.3649798293840109,0.6101988343249679,0.32335781691323134,0.0,-0.03628763786717215,0.0,0.0,0.0,0.0,0.0,0.0,-0.00725752757343443,0.0,0.0,0.0,0.0,0.0,0.22100929077685663,0.37412845646440734,1.124363410352847,0.19740624273442547,0.3649798293840109,0.6101988343249679,0.32335781691323134,"{""type"":""Point"",""coordinates"":[-47.71666646798326,-3.9723054505422453]}"
000000000000000003ce,1,0.16102001404592578,0.3114840663678026,1.098487127538642,0.19791182615303407,0.25172026451512314,0.6560699343681335,0.30268759428402714,0.0,0.0,0.0,0.0,0.0,0.18155380517218955,0.0,0.0,0.0,0.0,0.0,0.0,0.18155380517218955,0.0,0.16102001404592578,0.3114840663678026,1.098487127538642,0.19791182615303407,0.25172026451512314,0.474516129195944,0.30268759428402714,"{""type"":""Point"",""coordinates"":[-47.716488103941124,-3.9723054505422444]}"
000000000000000003d2,1,0.23390878339107257,0.4032084456035829,0.843458019866229,0.3450189788890711,0.3995047102228875,0.6569155593405345,0.38405782663482,0.0,0.0,-0.188244213854886,0.0,0.0,0.0,0.0,0.0,0.0,-0.0376488427709772,0.0,0.0,0.0,0.0,0.23390878339107257,0.4032084456035829,1.031702233721115,0.3450189788890711,0.3995047102228875,0.6569155593405345,0.38405782663482,"{""type"":""Point"",""coordinates"":[-50.89921607184865,-9.08614522986769]}"
00000000000000000413,1,0.2506936165930452,0.5624013789844347,0.622327356778073,0.521113221576433,0.4392234534025192,0.7280341973076598,0.4447594294476741,0.0,0.04275902583109259,-0.05609449418940138,0.0,0.0,0.0,0.0,0.0,0.021379512915546295,-0.011218898837880275,0.0,0.0,0.0,0.0,0.2506936165930452,0.5196423531533421,0.6784218509674744,0.521113221576433,0.4392234534025192,0.7280341973076598,0.4447594294476741,"{""type"":""Point"",""coordinates"":[-47.26400528364376,-3.9601766956768714]}"
00000000000000000416,1,0.2510923391417243,0.5699836116798478,0.6317051606776659,0.5274624606024261,0.44286947459000947,0.7384925112343493,0.4548303658771276,0.0,0.04510626556641584,-0.03534830697053237,0.0,0.0,0.0,0.0,0.0,0.04510626556641584,-0.0070696613941064745,0.0,0.0,0.0,0.0,0.2510923391417243,0.524877346113432,0.6670534676481983,0.5274624606024261,0.44286947459000947,0.7384925112343493,0.4548303658771276,"{""type"":""Point"",""coordinates"":[-47.264005283643755,-3.9600875136558034]}"
00000000000000000418,1,0.21204600207572954,0.4828775152418097,0.5241334977460905,0.6301405265804585,0.559260904788971,0.8109452724456787,0.44723555712189167,0.0,0.0,0.0,0.0,0.0,0.0,0.0,0.0,0.0,0.0,0.0,0.0,0.0,0.0,0.21204600207572954,0.4828775152418097,0.5241334977460905,0.6301405265804585,0.559260904788971,0.8109452724456787,0.44723555712189167,"{""type"":""Point"",""coordinates"":[-51.061451545476174,-6.54489908040783]}"
00000000000000000419,1,0.21064171424225314,0.46194182516858007,0.5548036782119282,0.6055924172757225,0.536565640637933,0.7974744391546871,0.4290317076576627,0.0,0.0,0.0,0.0,0.0,0.0,0.0,0.0,0.0,0.0,0.0,0.0,0.0,0.0,0.21064171424225314,0.46194182516858007,0.5548036782119282,0.6055924172757225,0.536565640637933,0.7974744391546871,0.4290317076576627,"{""type"":""Point"",""coordinates"":[-51.0622631018679,-6.545349449614227]}"
00000000000000000443,1,0.21749212493446887,0.45265433157833795,0.6229504086890595,0.561721273871087,0.5022851090761656,0.7828773563715161,0.42907816194201015,0.0,0.0,0.0,0.0,0.0,0.03295388873540772,0.0,0.0,0.0,0.0,0.0,0.0,0.006590777747081544,0.0,0.21749212493446887,0.45265433157833795,0.6229504086890595,0.561721273871087,0.5022851090761656,0.7499234676361084,0.42907816194201015,"{""type"":""Point"",""coordinates"":[-50.049141965221835,-9.184062629900307]}"
0000000000000000045b,1,0.22611491607758424,0.4209507829819309,0.6466138777421622,0.5197955067723812,0.5082582408266224,0.7560165524482727,0.39899623530922285,0.0,0.0,0.0,0.0,0.0,0.0,0.0,0.0,0.0,0.0,0.0,0.0,0.0,0.0,0.22611491607758424,0.4209507829819309,0.6466138777421622,0.5197955067723812,0.5082582408266224,0.7560165524482727,0.39899623530922285,"{""type"":""Point"",""coordinates"":[-50.0485132319733,-9.183973447879236]}"
0000000000000000046e,1,0.2319024583147947,0.4345684558158428,0.6905457441356802,0.5355544220421522,0.5114172176025458,0.7631500959396362,0.4046747393248893,0.0,0.0,0.050150883467106167,0.0,0.0,0.0,0.0,0.0,0.0,0.016716961155702054,0.0,0.0,0.0,0.0,0.2319024583147947,0.4345684558158428,0.640394860668574,0.5355544220421522,0.5114172176025458,0.7631500959396362,0.4046747393248893,"{""type"":""Point"",""coordinates"":[-50.0485132319733,-9.183879806757115]}"
0000000000000000047f,1,0.2241141212976817,0.4407548065911013,0.6362683033373747,0.5547107060643471,0.5110568942569652,0.7904773817475556,0.41559766941505316,0.0,0.0,0.0,0.0,0.0,0.0,0.0,0.0,0.0,0.0,0.0,0.0,0.0,0.0,0.2241141212976817,0.4407548065911013,0.6362683033373747,0.5547107060643471,0.5110568942569652,0.7904773817475556,0.41559766941505316,"{""type"":""Point"",""coordinates"":[-50.048874419158636,-9.183790624736048]}"
00000000000000000480,1,0.23667653896127394,0.42859414995375655,0.7027654001757617,0.5307648470814387,0.5029074735247466,0.7827504729318351,0.4033048532847002,0.0,0.0,0.06576234528878411,0.0,0.0,0.0,0.0,0.0,0.0,0.013152469057756822,0.0,0.0,0.0,0.0,0.23667653896127394,0.42859414995375655,0.6370030548869776,0.5307648470814387,0.5029074735247466,0.7827504729318351,0.4033048532847002,"{""type"":""Point"",""coordinates"":[-50.04878077803651,-9.183790624736048]}"
00000000000000000481,1,0.2442250268607587,0.42579367518766115,0.6333132648124981,0.5403941676710841,0.514596932110921,0.7861422896385193,0.4049233599941558,0.0,0.0,0.0,0.0,0.0,0.0,0.0,0.0,0.0,0.0,0.0,0.0,0.0,0.0,0.2442250268607587,0.42579367518766115,0.6333132648124981,0.5403941676710841,0.514596932110921,0.7861422896385193,0.4049233599941558,"{""type"":""Point"",""coordinates"":[-50.04869159601543,-9.183790624736048]}"
00000000000000000482,1,0.2361142457086356,0.45244243397820577,0.632844618922131,0.562879204750061,0.5142150427080473,0.774298369884491,0.41658615238413066,0.0,0.0,0.0,0.0,0.0,0.0,0.0,0.0,0.0,0.0,0.0,0.0,0.0,0.0,0.2361142457086356,0.45244243397820577,0.632844618922131,0.562879204750061,0.5142150427080473,0.774298369884491,0.41658615238413066,"{""type"":""Point"",""coordinates"":[-50.04860241399437,-9.183790624736048]}"
00000000000000000483,1,0.23774670285856217,0.4514289321014037,0.6892151099742035,0.5404801964759827,0.515481841885951,0.7654773592948914,0.41868493412519114,0.0,0.0,0.05556545539523272,0.0,0.0,0.0,0.0,0.0,0.0,0.018521818465077573,0.0,0.0,0.0,0.0,0.23774670285856217,0.4514289321014037,0.6336496545789708,0.5404801964759827,0.515481841885951,0.7654773592948914,0.41868493412519114,"{""type"":""Point"",""coordinates"":[-50.0485132319733,-9.183790624736048]}"
00000000000000000484,1,0.23847269368421195,0.4506242229589723,0.6609190421061041,0.5339107769281323,0.49284577115192624,0.7647289384356626,0.4208274699722108,0.0,0.0,0.0,0.0,0.0,0.0,0.0,0.0,0.0,0.0,0.0,0.0,0.0,0.0,0.23847269368421195,0.4506242229589723,0.6609190421061041,0.5339107769281323,0.49284577115192624,0.7647289384356626,0.4208274699722108,"{""type"":""Point"",""coordinates"":[-50.04842404995223,-9.183790624736048]}"
00000000000000000485,1,0.23072227400212486,0.456570568734651,0.6546779005320645,0.5213888308555071,0.5006965654123677,0.7840402783801071,0.42596163350881294,0.0,0.0,0.0,0.0,0.0,0.0,0.0,0.0,0.0,0.0,0.0,0.0,0.0,0.0,0.23072227400212486,0.456570568734651,0.6546779005320645,0.5213888308555071,0.5006965654123677,0.7840402783801071,0.42596163350881294,"{""type"":""Point"",""coordinates"":[-50.04833486793116,-9.183790624736048]}"
00000000000000000493,1,0.2369631266559836,0.4726531851143236,0.6050734409268279,0.5765582919120789,0.5420094731548091,0.7982287306535029,0.4259516007800445,0.0,0.0,0.0,0.0,0.0,0.0,0.0,0.0,0.0,0.0,0.0,0.0,0.0,0.0,0.2369631266559836,0.4726531851143236,0.6050734409268279,0.5765582919120789,0.5420094731548091,0.7982287306535029,0.4259516007800445,"{""type"":""Point"",""coordinates"":[-50.0489636011797,-9.183701442714977]}"
00000000000000000494,1,0.2424622627676129,0.48369938412020275,0.5823940841631955,0.5906036125543278,0.5448104395977673,0.8044557193760232,0.4499252572596636,0.0,0.0,0.0,0.0,0.0,0.0,0.0,0.0,0.0,0.0,0.0,0.0,0.0,0.0,0.2424622627676129,0.48369938412020275,0.5823940841631955,0.5906036125543278,0.5448104395977673,0.8044557193760232,0.4499252572596636,"{""type"":""Point"",""coordinates"":[-50.048874419158636,-9.183701442714977]}"
00000000000000000495,1,0.2454183325044674,0.46456284382036994,0.6168173817646679,0.5702950954437256,0.5316378886011416,0.8023728829492879,0.42897424225207587,0.0,0.0,0.0,0.0,0.0,0.0,0.0,0.0,0.0,0.0,0.0,0.0,0.0,0.0,0.2454183325044674,0.46456284382036994,0.6168173817646679,0.5702950954437256,0.5316378886011416,0.8023728829492879,0.42897424225207587,"{""type"":""Point"",""coordinates"":[-50.04878077803651,-9.183701442714977]}"
00000000000000000496,1,0.23054746419139677,0.4656491147778788,0.5998013819573133,0.5769660472869873,0.5313763011518274,0.7959754604161964,0.4269462565151624,0.0,0.0,0.0,0.0,0.0,0.0,0.0,0.0,0.0,0.0,0.0,0.0,0.0,0.0,0.23054746419139677,0.4656491147778788,0.5998013819573133,0.5769660472869873,0.5313763011518274,0.7959754604161964,0.4269462565151624,"{""type"":""Point"",""coordinates"":[-50.04869159601543,-9.183701442714977]}"
00000000000000000497,1,0.24690781840794263,0.43543094493743234,0.7044331984316192,0.5142076543730748,0.48744961619377136,0.7669345140457153,0.4115128131830024,0.0,0.0,0.0498838655119791,0.0,0.0,0.0,0.0,0.0,0.0,0.009976773102395819,0.0,0.0,0.0,0.0,0.24690781840794263,0.43543094493743234,0.6545493329196401,0.5142076543730748,0.48744961619377136,0.7669345140457153,0.4115128131830024,"{""type"":""Point"",""coordinates"":[-50.04860241399437,-9.183701442714977]}"
00000000000000000498,1,0.24348059846933953,0.4303572368788129,0.676161601204538,0.517288615496874,0.4950743615627289,0.7596210837364197,0.40884441557625323,0.0,0.0,0.0,0.0,0.0,0.0,0.0,0.0,0.0,0.0,0.0,0.0,0.0,0.0,0.24348059846933953,0.4303572368788129,0.676161601204538,0.517288615496874,0.4950743615627289,0.7596210837364197,0.40884441557625323,"{""type"":""Point"",""coordinates"":[-50.0485132319733,-9.183701442714977]}"
00000000000000000499,1,0.24002522660059503,0.46354384127867354,0.6255599738770834,0.5411304161089479,0.5070685193847682,0.7746497024605882,0.43602258904245844,0.0,0.0,-0.036887627678017454,0.0,0.0,0.0,0.0,0.0,0.0,-0.007377525535603491,0.0,0.0,0.0,0.0,0.24002522660059503,0.46354384127867354,0.6624476015551009,0.5411304161089479,0.5070685193847682,0.7746497024605882,0.43602258904245844,"{""type"":""Point"",""coordinates"":[-50.048424049952224,-9.183701442714977]}"
0000000000000000049a,1,0.22861497795815997,0.47058834229061597,0.6800190648827581,0.518879234790802,0.4925938685771169,0.7642938913177757,0.4227052888477008,0.0,0.03871582545964142,0.0,0.0,0.0,0.0,0.0,0.0,0.009678956364910354,0.0,0.0,0.0,0.0,0.0,0.22861497795815997,0.43187251683097455,0.6800190648827581,0.518879234790802,0.4925938685771169,0.7642938913177757,0.4227052888477008,"{""type"":""Point"",""coordinates"":[-50.04833486793116,-9.183701442714977]}"
000000000000000004a8,1,0.23450231330014745,0.45094145517023937,0.6371248377759693,0.5282247292928374,0.5177408659289965,0.7907726764678955,0.4042278919659537,0.0,0.0,0.0,0.0,0.0,0.0,0.0,0.0,0.0,0.0,0.0,0.0,0.0,0.0,0.23450231330014745,0.45094145517023937,0.6371248377759693,0.5282247292928374,0.5177408659289965,0.7907726764678955,0.4042278919659537,"{""type"":""Point"",""coordinates"":[-50.049052783200764,-9.18361226069391]}"
000000000000000004a9,1,0.23456987597732737,0.44656436987425985,0.6464574477691164,0.5597631931304932,0.5128601359923899,0.7948182274707493,0.4278411388553486,0.0,0.0,0.0,0.0,0.0,0.0,0.0,0.0,0.0,0.0,0.0,0.0,0.0,0.0,0.23456987597732737,0.44656436987425985,0.6464574477691164,0.5597631931304932,0.5128601359923899,0.7948182274707493,0.4278411388553486,"{""type"":""Point"",""coordinates"":[-50.0489636011797,-9.183612260693907]}"
000000000000000004aa,1,0.23460970517379992,0.48431248810277766,0.5948702434995886,0.5835760975739418,0.5418697024358333,0.7812735801181184,0.4431237877197037,0.0,0.0,0.0,0.0,0.0,0.0,0.0,0.0,0.0,0.0,0.0,0.0,0.0,0.0,0.23460970517379992,0.48431248810277766,0.5948702434995886,0.5835760975739418,0.5418697024358333,0.7812735801181184,0.4431237877197037,"{""type"":""Point"",""coordinates"":[-50.048874419158636,-9.183612260693907]}"
000000000000000004ab,1,0.25074929427413545,0.4612171970473494,0.6344788583933022,0.5597098646060071,0.5171986718016512,0.7808630766260863,0.4258192633034681,0.0,0.0,0.0,0.0,0.0,0.0,0.0,0.0,0.0,0.0,0.0,0.0,0.0,0.0,0.25074929427413545,0.4612171970473494,0.6344788583933022,0.5597098646060071,0.5171986718016512,0.7808630766260863,0.4258192633034681,"{""type"":""Point"",""coordinates"":[-50.04878077803651,-9.183612260693907]}"
000000000000000004ac,1,0.23571364886861243,0.43860855779245905,0.6654226956152158,0.5316953063011169,0.49463041452338985,0.7886441969497051,0.40881865501506215,0.0,0.0,0.0,0.0,0.0,0.0,0.0,0.0,0.0,0.0,0.0,0.0,0.0,0.0,0.23571364886861243,0.43860855779245905,0.6654226956152158,0.5316953063011169,0.49463041452338985,0.7886441969497051,0.40881865501506215,"{""type"":""Point"",""coordinates"":[-50.04869159601543,-9.183612260693907]}"
000000000000000004ad,1,0.24894081962318976,0.43241098206579986,0.6957971747250322,0.5302363038063049,0.4903765320777893,0.777224063873291,0.4012124777753601,0.0,0.0,0.030789423192524423,0.0,0.0,0.0,0.0,0.0,0.0,0.006157884638504885,0.0,0.0,0.0,0.0,0.24894081962318976,0.43241098206579986,0.6650077515325078,0.5302363038063049,0.4903765320777893,0.777224063873291,0.4012124777753601,"{""type"":""Point"",""coordinates"":[-50.04860241399437,-9.183612260693907]}"
000000000000000004ae,1,0.25308138368389543,0.448000077642603,0.6872744345581014,0.5537359118461609,0.5015621781349182,0.745380279312447,0.42093619736522087,0.0,0.0,0.05819797891749645,0.0,0.0,-0.046317759265586456,0.0,0.0,0.0,0.01939932630583215,0.0,0.0,-0.00926355185311729,0.0,0.25308138368389543,0.448000077642603,0.629076455640605,0.5537359118461609,0.5015621781349182,0.7916980385780334,0.42093619736522087,"{""type"":""Point"",""coordinates"":[-50.0485132319733,-9.18361226069391]}"
000000000000000004b4,1,0.2222439434367494,0.4349846716594015,0.6837313320849017,0.4803907947969911,0.5007340469410166,0.7431936856824255,0.36525092698794515,0.0,0.07125502869429962,0.0,0.0,0.0,0.0409107672047998,0.0,0.0,0.03562751434714981,0.0,0.0,0.0,0.01022769180119995,0.0,0.2222439434367494,0.3637296429651019,0.6837313320849017,0.4803907947969911,0.5007340469410166,0.7022829184776257,0.36525092698794515,"{""type"":""Point"",""coordinates"":[-50.047973680745834,-9.183612260693907]}"
000000000000000004bc,1,0.23879912595276168,0.40377167756531146,0.6529303907128536,0.5141658764225624,0.5045067468404645,0.7810937166213989,0.38568625519237776,0.0,0.0,0.0,0.0,0.0,0.0,0.0,0.0,0.0,0.0,0.0,0.0,0.0,0.0,0.23879912595276168,0.40377167756531146,0.6529303907128536,0.5141658764225624,0.5045067468404645,0.7810937166213989,0.38568625519237776,"{""type"":""Point"",""coordinates"":[-50.04905278320077,-9.18352307867284]}"
000000000000000004bd,1,0.24061359020837098,0.4223815134429163,0.6612778266333456,0.5398101806640625,0.4935109853385529,0.7797264453863052,0.409085287829794,0.0,0.0,0.0,0.0,0.0,0.0,0.0,0.0,0.0,0.0,0.0,0.0,0.0,0.0,0.24061359020837098,0.4223815134429163,0.6612778266333456,0.5398101806640625,0.4935109853385529,0.7797264453863052,0.409085287829794,"{""type"":""Point"",""coordinates"":[-50.0489636011797,-9.18352307867284]}"
000000000000000004be,1,0.23982653816730973,0.453964130290738,0.6017364371601515,0.5773543533475703,0.5281461855714789,0.7782561407933901,0.4307281438171224,0.0,0.0,0.0,0.0,0.0,0.0,0.0,0.0,0.0,0.0,0.0,0.0,0.0,0.0,0.23982653816730973,0.453964130290738,0.6017364371601515,0.5773543533475703,0.5281461855714789,0.7782561407933901,0.4307281438171224,"{""type"":""Point"",""coordinates"":[-50.048874419158636,-9.183523078672842]}"
000000000000000004bf,1,0.24025945577574248,0.4641776726277373,0.6198156121826276,0.5684011787076317,0.5259121951076782,0.7800698139953395,0.43898723937353357,0.0,0.0,0.0,0.0,0.0,0.0,0.0,0.0,0.0,0.0,0.0,0.0,0.0,0.0,0.24025945577574248,0.4641776726277373,0.6198156121826276,0.5684011787076317,0.5259121951076782,0.7800698139953395,0.43898723937353357,"{""type"":""Point"",""coordinates"":[-50.04878077803651,-9.18352307867284]}"
000000000000000004c1,1,0.23022559484203117,0.47973818237132526,0.6304973748989141,0.5450347661972046,0.5331267996268416,0.7883280364464242,0.45013228285557255,0.0,0.0,0.0,0.0,0.0,0.0,0.0,0.0,0.0,0.0,0.0,0.0,0.0,0.0,0.23022559484203117,0.47973818237132526,0.6304973748989141,0.5450347661972046,0.5331267996268416,0.7883280364464242,0.45013228285557255,"{""type"":""Point"",""coordinates"":[-50.04860241399436,-9.18352307867284]}"
000000000000000004c4,1,0.23410515684421518,0.42298221841626665,0.6690013098988269,0.5362863849046398,0.4900084555149079,0.8001342273652096,0.41670843398378193,0.0,0.0,0.0,0.0,0.0,0.0,0.0,0.0,0.0,0.0,0.0,0.0,0.0,0.0,0.23410515684421518,0.42298221841626665,0.6690013098988269,0.5362863849046398,0.4900084555149079,0.8001342273652096,0.41670843398378193,"{""type"":""Point"",""coordinates"":[-50.04833486793116,-9.18352307867284]}"
000000000000000004c8,1,0.20788169702599804,0.3732102336103968,0.7099625167582442,0.46905877219936176,0.45368808014485,0.7410928577758996,0.34507196672636703,0.0,-0.03966987514740511,0.0,0.0,0.0,0.0,0.0,0.0,-0.007933975029481021,0.0,0.0,0.0,0.0,0.0,0.20788169702599804,0.4128801087578019,0.7099625167582442,0.46905877219936176,0.45368808014485,0.7410928577758996,0.34507196672636703,"{""type"":""Point"",""coordinates"":[-50.047973680745834,-9.18352307867284]}"
000000000000000004cd,1,0.24580469976613176,0.45119732706506954,0.6695213103996904,0.5211032120369775,0.49310792265958187,0.7770340938122516,0.4041207552572898,0.0,0.03601003881684223,0.0,0.0,0.0,0.0,0.0,0.0,0.012003346272280743,0.0,0.0,0.0,0.0,0.0,0.24580469976613176,0.4151872882482273,0.6695213103996904,0.5211032120369775,0.49310792265958187,0.7770340938122516,0.4041207552572898,"{""type"":""Point"",""coordinates"":[-50.04896360117969,-9.18343389665177]}"
000000000000000004ce,1,0.2471801014994426,0.47745660165116455,0.6048716305264804,0.5675860193878123,0.5375159010825615,0.7925381820096155,0.4407843019559014,0.0,0.0,0.0,0.0,0.0,0.03248123989358531,0.0,0.0,0.0,0.0,0.0,0.0,0.006496247978717062,0.0,0.2471801014994426,0.47745660165116455,0.6048716305264804,0.5675860193878123,0.5375159010825615,0.7600569421160301,0.4407843019559014,"{""type"":""Point"",""coordinates"":[-50.048874419158636,-9.18343389665177]}"
000000000000000004cf,1,0.24632396114799565,0.48194273595971204,0.6272162842912313,0.5488404417478311,0.5108630446302039,0.7946799776427007,0.4353182774871255,0.0,0.0,0.0,0.0,0.0,0.0,0.0,0.0,0.0,0.0,0.0,0.0,0.0,0.0,0.24632396114799565,0.48194273595971204,0.6272162842912313,0.5488404417478311,0.5108630446302039,0.7946799776427007,0.4353182774871255,"{""type"":""Point"",""coordinates"":[-50.04878077803651,-9.18343389665177]}"
000000000000000004d0,1,0.24639291868359273,0.47904180001174723,0.6361155780465271,0.5503420227162782,0.5060042985286348,0.7789105284066823,0.4421381603946667,0.0,0.0,0.0,0.0,0.0,0.0,0.0,0.0,0.0,0.0,0.0,0.0,0.0,0.0,0.24639291868359273,0.47904180001174723,0.6361155780465271,0.5503420227162782,0.5060042985286348,0.7789105284066823,0.4421381603946667,"{""type"":""Point"",""coordinates"":[-50.04869159601544,-9.18343389665177]}"
000000000000000004d1,1,0.24725952634780188,0.4580684909158718,0.646391715462866,0.5372209261571318,0.5005207846353161,0.7496227109494188,0.42755664071097826,0.0,0.0,0.0,0.0,0.0,0.0,0.0,0.0,0.0,0.0,0.0,0.0,0.0,0.0,0.24725952634780188,0.4580684909158718,0.646391715462866,0.5372209261571318,0.5005207846353161,0.7496227109494188,0.42755664071097826,"{""type"":""Point"",""coordinates"":[-50.04860241399437,-9.18343389665177]}"
000000000000000004d2,1,0.24735548417559336,0.44075327859313296,0.6831015551023685,0.5297775204043834,0.4706462596538851,0.7732298253661943,0.411944672325964,0.0,0.0,0.0,0.0,0.0,0.0,0.0,0.0,0.0,0.0,0.0,0.0,0.0,0.0,0.24735548417559336,0.44075327859313296,0.6831015551023685,0.5297775204043834,0.4706462596538851,0.7732298253661943,0.411944672325964,"{""type"":""Point"",""coordinates"":[-50.0485132319733,-9.18343389665177]}"
000000000000000004d3,1,0.24300019921371324,0.47945199330577626,0.5744499623249413,0.6135176399746619,0.5405270326097528,0.806252531980567,0.4629963672116975,0.0,0.0,0.0,0.0,0.0,0.0,0.0,0.0,0.0,0.0,0.0,0.0,0.0,0.0,0.24300019921371324,0.47945199330577626,0.5744499623249413,0.6135176399746619,0.5405270326097528,0.806252531980567,0.4629963672116975,"{""type"":""Point"",""coordinates"":[-50.04842404995223,-9.18343389665177]}"
000000000000000004d4,1,0.23355464632336137,0.45613865065515424,0.6152938073423354,0.5843722960117568,0.5158257991038416,0.8114095330238342,0.43275660759762935,0.0,0.0,0.0,0.0,0.0,0.0,0.0,0.0,0.0,0.0,0.0,0.0,0.0,0.0,0.23355464632336137,0.45613865065515424,0.6152938073423354,0.5843722960117568,0.5158257991038416,0.8114095330238342,0.43275660759762935,"{""type"":""Point"",""coordinates"":[-50.04833486793116,-9.18343389665177]}"
000000000000000004da,1,0.2265021516774394,0.46742743387053587,0.6290156736937839,0.5780116052033518,0.5196831517402335,0.8383425039304762,0.4389050185886963,0.0,0.0,0.0,0.0,0.0,0.04489687345266591,0.0,0.0,0.0,0.0,0.0,0.0,0.01496562448422197,0.0,0.2265021516774394,0.46742743387053587,0.6290156736937839,0.5780116052033518,0.5196831517402335,0.7934456304778102,0.4389050185886963,"{""type"":""Point"",""coordinates"":[-50.0477953167037,-9.18343389665177]}"
000000000000000004db,1,0.2260177025979284,0.5049872815325317,0.5832784645215358,0.5888494681065511,0.5295441525474243,0.8037757277488708,0.46259864886714186,0.0,0.0,0.0,0.0,0.0,0.0,0.0,0.0,0.0,0.0,0.0,0.0,0.0,0.0,0.2260177025979284,0.5049872815325317,0.5832784645215358,0.5888494681065511,0.5295441525474243,0.8037757277488708,0.46259864886714186,"{""type"":""Point"",""coordinates"":[-50.047706134682635,-9.18343389665177]}"
000000000000000004dc,1,0.24311777595102557,0.4496420901110279,0.6626066008975633,0.528547310666536,0.48808313397403136,0.763118436191651,0.4255962797749855,0.0,0.0,0.0,0.0,0.0,0.0,0.0,0.0,0.0,0.0,0.0,0.0,0.0,0.0,0.24311777595102557,0.4496420901110279,0.6626066008975633,0.528547310666536,0.48808313397403136,0.763118436191651,0.4255962797749855,"{""type"":""Point"",""coordinates"":[-50.04869159601543,-9.183340255529648]}"
000000000000000004dd,1,0.2380002754630986,0.40494047937200356,0.6857018919385629,0.5273398447657031,0.47736847697575274,0.7335229734766398,0.3904674780972746,0.0,0.0,0.0,0.0,0.0,0.0,0.0,0.0,0.0,0.0,0.0,0.0,0.0,0.0,0.2380002754630986,0.40494047937200356,0.6857018919385629,0.5273398447657031,0.47736847697575274,0.7335229734766398,0.3904674780972746,"{""type"":""Point"",""coordinates"":[-50.04860241399436,-9.183340255529648]}"
000000000000000004de,1,0.23368181443184105,0.4552401961148424,0.6594524763533318,0.5376858619058315,0.4950712394255074,0.7843094780192615,0.42334084074416045,0.0,0.0,0.0,0.0,0.0,0.0,0.0,0.0,0.0,0.0,0.0,0.0,0.0,0.0,0.23368181443184105,0.4552401961148424,0.6594524763533318,0.5376858619058315,0.4950712394255074,0.7843094780192615,0.42334084074416045,"{""type"":""Point"",""coordinates"":[-50.0485132319733,-9.183340255529648]}"
000000000000000004df,1,0.23927923778086993,0.49079167087047215,0.5824641228126066,0.6086401785913349,0.5341763377337809,0.8173785030223122,0.45671959836539916,0.0,0.0,0.0,0.0,0.0,0.0,0.0,0.0,0.0,0.0,0.0,0.0,0.0,0.0,0.23927923778086993,0.49079167087047215,0.5824641228126066,0.6086401785913349,0.5341763377337809,0.8173785030223122,0.45671959836539916,"{""type"":""Point"",""coordinates"":[-50.04842404995223,-9.18334025552965]}"
000000000000000004e1,1,0.24787096343499,0.5323412798340891,0.5305229999046851,0.6079611950334716,0.5611508537538104,0.8213700464331664,0.4896392937824838,0.0,0.0,0.0,0.0,0.0,0.0,0.0,0.0,0.0,0.0,0.0,0.0,0.0,0.0,0.24787096343499,0.5323412798340891,0.5305229999046851,0.6079611950334716,0.5611508537538104,0.8213700464331664,0.4896392937824838,"{""type"":""Point"",""coordinates"":[-50.0482456859101,-9.183340255529648]}"
000000000000000004e3,1,0.22248151024151483,0.4834313001638503,0.6290492518722954,0.5334068025422064,0.5314974188804626,0.8007417321205139,0.44402861588562625,0.0,0.0,0.0,0.0,0.0,0.0,0.0,0.0,0.0,0.0,0.0,0.0,0.0,0.0,0.22248151024151483,0.4834313001638503,0.6290492518722954,0.5334068025422064,0.5314974188804626,0.8007417321205139,0.44402861588562625,"{""type"":""Point"",""coordinates"":[-50.0480628627669,-9.183340255529648]}"
000000000000000004e4,1,0.24021950330731684,0.45269969919087144,0.6226901332229262,0.5505816054076261,0.5154967308044434,0.803220520079284,0.44186841338057226,0.0,0.0,0.0,0.0,0.0,0.0,0.0,0.0,0.0,0.0,0.0,0.0,0.0,0.0,0.24021950330731684,0.45269969919087144,0.6226901332229262,0.5505816054076261,0.5154967308044434,0.803220520079284,0.44186841338057226,"{""type"":""Point"",""coordinates"":[-50.047973680745834,-9.183340255529648]}"
000000000000000004e5,1,0.23876419054035597,0.49651278736131427,0.5800285722615495,0.6025959779160307,0.5450368951054958,0.8006536960601807,0.4468842220428825,0.0,0.0,0.0,0.0,0.0,0.0,0.0,0.0,0.0,0.0,0.0,0.0,0.0,0.0,0.23876419054035597,0.49651278736131427,0.5800285722615495,0.6025959779160307,0.5450368951054958,0.8006536960601807,0.4468842220428825,"{""type"":""Point"",""coordinates"":[-50.04788449872476,-9.183340255529648]}"
000000000000000004e6,1,0.23678344442305466,0.5315102668031726,0.5409605854642863,0.6191647791216234,0.576191400898253,0.8438475638523306,0.4883976409652279,0.0,0.0,0.0,0.0,0.0,0.04698444792812018,0.0,0.0,0.0,0.0,0.0,0.0,0.011746111982030044,0.0,0.23678344442305466,0.5315102668031726,0.5409605854642863,0.6191647791216234,0.576191400898253,0.7968631159242104,0.4883976409652279,"{""type"":""Point"",""coordinates"":[-50.0477953167037,-9.183340255529648]}"
000000000000000004e7,1,0.23409656417205532,0.5399137834703461,0.5559877264389097,0.6009895630884657,0.5521200572039571,0.8125550018972675,0.4888662939930954,0.0,0.0,0.0,0.0,0.0,0.0,0.0,0.0,0.0,0.0,0.0,0.0,0.0,0.0,0.23409656417205532,0.5399137834703461,0.5559877264389097,0.6009895630884657,0.5521200572039571,0.8125550018972675,0.4888662939930954,"{""type"":""Point"",""coordinates"":[-50.047706134682635,-9.183340255529648]}"
000000000000000004e8,1,0.23387676548337072,0.4929816890136812,0.5990007437540218,0.5829163496989774,0.5290883719624921,0.8256775208761395,0.45810112599297653,0.0,0.0,0.0,0.0,0.0,0.05925922903809955,0.0,0.0,0.0,0.0,0.0,0.0,0.014814807259524887,0.0,0.23387676548337072,0.4929816890136812,0.5990007437540218,0.5829163496989774,0.5290883719624921,0.76641829183804,0.45810112599297653,"{""type"":""Point"",""coordinates"":[-50.047616952661556,-9.183340255529648]}"
000000000000000004eb,1,0.23322950607505047,0.5081296634546235,0.5476407031770348,0.6138111462674324,0.5520298724181417,0.8198241910390066,0.4754598532450243,0.0,0.0,0.0,0.0,0.0,0.0,0.0,0.0,0.0,0.0,0.0,0.0,0.0,0.0,0.23322950607505047,0.5081296634546235,0.5476407031770348,0.6138111462674324,0.5520298724181417,0.8198241910390066,0.4754598532450243,"{""type"":""Point"",""coordinates"":[-50.0482456859101,-9.183251073508579]}"
000000000000000004ec,1,0.23440458063850828,0.5009678935238066,0.5697681681984935,0.5838546752929688,0.5325186410073955,0.8128573819962317,0.4630345669260773,0.0,0.0,0.0,0.0,0.0,0.0,0.0,0.0,0.0,0.0,0.0,0.0,0.0,0.0,0.23440458063850828,0.5009678935238066,0.5697681681984935,0.5838546752929688,0.5325186410073955,0.8128573819962317,0.4630345669260773,"{""type"":""Point"",""coordinates"":[-50.04815204478797,-9.183251073508579]}"
000000000000000004ed,1,0.2313811316854169,0.5280876213664785,0.5531676061984157,0.6234234725943513,0.5586836755113592,0.8114434480667114,0.4799812053143859,0.0,0.0,0.0,0.0,0.0,0.0,0.0,0.0,0.0,0.0,0.0,0.0,0.0,0.0,0.2313811316854169,0.5280876213664785,0.5531676061984157,0.6234234725943513,0.5586836755113592,0.8114434480667114,0.4799812053143859,"{""type"":""Point"",""coordinates"":[-50.048062862766905,-9.183251073508579]}"
000000000000000004ee,1,0.24035877986400292,0.5145987821100954,0.5831120293556574,0.6119492145580979,0.5423361045768106,0.8107986088741423,0.4744017755930488,0.0,0.0,0.0,0.0,0.0,0.0,0.0,0.0,0.0,0.0,0.0,0.0,0.0,0.0,0.24035877986400292,0.5145987821100954,0.5831120293556574,0.6119492145580979,0.5423361045768106,0.8107986088741423,0.4744017755930488,"{""type"":""Point"",""coordinates"":[-50.04797368074583,-9.183251073508579]}"
000000000000000004ef,1,0.22319189103274945,0.5222148276752698,0.5775209779153022,0.6093194361486697,0.5498531135339834,0.8126145622441306,0.4860149126905128,0.0,0.0,0.0,0.0,0.0,0.0,0.0,0.0,0.0,0.0,0.0,0.0,0.0,0.0,0.22319189103274945,0.5222148276752698,0.5775209779153022,0.6093194361486697,0.5498531135339834,0.8126145622441306,0.4860149126905128,"{""type"":""Point"",""coordinates"":[-50.04788449872476,-9.183251073508579]}"
000000000000000004f0,1,0.22536050504781668,0.5432755129855108,0.5397322449684424,0.6257234811782837,0.5642084040188338,0.8149846147417136,0.4844363536584066,0.0,0.0,0.0,0.0,0.0,0.0,0.0,0.0,0.0,0.0,0.0,0.0,0.0,0.0,0.22536050504781668,0.5432755129855108,0.5397322449684424,0.6257234811782837,0.5642084040188338,0.8149846147417136,0.4844363536584066,"{""type"":""Point"",""coordinates"":[-50.0477953167037,-9.183251073508579]}"
000000000000000004f5,1,0.22859589834014057,0.4730708787971855,0.5817384520906391,0.5977130445904482,0.5253316138359558,0.7966195169960697,0.4347679122694817,0.0,0.0,-0.035788555551567014,0.0,0.0,0.0,0.0,0.0,0.0,-0.007157711110313403,0.0,0.0,0.0,0.0,0.22859589834014057,0.4730708787971855,0.6175270076422061,0.5977130445904482,0.5253316138359558,0.7966195169960697,0.4347679122694817,"{""type"":""Point"",""coordinates"":[-50.0482456859101,-9.18316189148751]}"
000000000000000004f7,1,0.2228039942032687,0.526303589092927,0.5546235272069654,0.6031031515854982,0.549865202001136,0.8205936050737996,0.47790824401321824,0.0,0.0,0.0,0.0,0.0,0.0,0.0,0.0,0.0,0.0,0.0,0.0,0.0,0.0,0.2228039942032687,0.526303589092927,0.5546235272069654,0.6031031515854982,0.549865202001136,0.8205936050737996,0.47790824401321824,"{""type"":""Point"",""coordinates"":[-50.0480628627669,-9.18316189148751]}"
000000000000000004f8,1,0.23239674637415295,0.5098794358916895,0.5560442046350065,0.6189164305921295,0.5572700170193327,0.8148319504827762,0.47883776247736953,0.0,0.0,0.0,0.0,0.0,0.0,0.0,0.0,0.0,0.0,0.0,0.0,0.0,0.0,0.23239674637415295,0.5098794358916895,0.5560442046350065,0.6189164305921295,0.5572700170193327,0.8148319504827762,0.47883776247736953,"{""type"":""Point"",""coordinates"":[-50.047973680745834,-9.18316189148751]}"
000000000000000004f9,1,0.24278134846051697,0.5320432571094733,0.5644621783071713,0.6142201879336567,0.5568194555625754,0.8143439122704155,0.48575545043021723,0.0,0.0,0.03512705935682792,0.0,0.0,0.0,0.0,0.0,0.0,0.03512705935682792,0.0,0.0,0.0,0.0,0.24278134846051697,0.5320432571094733,0.5293351189503434,0.6142201879336567,0.5568194555625754,0.8143439122704155,0.48575545043021723,"{""type"":""Point"",""coordinates"":[-50.04788449872476,-9.18316189148751]}"
000000000000000004fa,1,0.24100091232446808,0.5046240556945172,0.6113293164637958,0.5958399777024745,0.5282592955980945,0.7966741323471069,0.4617861108621875,0.0,0.0,0.0,0.0,0.0,0.0,0.0,0.0,0.0,0.0,0.0,0.0,0.0,0.0,0.24100091232446808,0.5046240556945172,0.6113293164637958,0.5958399777024745,0.5282592955980945,0.7966741323471069,0.4617861108621875,"{""type"":""Point"",""coordinates"":[-50.047795316703706,-9.18316189148751]}"
000000000000000004fb,1,0.20940261345766747,0.5049943764587161,0.6026955104600062,0.5756416705479358,0.5354872083925509,0.7906662073144106,0.4678447646334955,0.0,0.0,0.0,0.0,0.0,0.0,0.0,0.0,0.0,0.0,0.0,0.0,0.0,0.0,0.20940261345766747,0.5049943764587161,0.6026955104600062,0.5756416705479358,0.5354872083925509,0.7906662073144106,0.4678447646334955,"{""type"":""Point"",""coordinates"":[-50.04770613468263,-9.18316189148751]}"
00000000000000000500,1,0.2314422977852837,0.5091076479091106,0.5751730657658014,0.5991592456550726,0.5422611930385668,0.8159657237107082,0.4725704984403635,0.0,0.0,0.0,0.0,0.0,0.0,0.0,0.0,0.0,0.0,0.0,0.0,0.0,0.0,0.2314422977852837,0.5091076479091106,0.5751730657658014,0.5991592456550726,0.5422611930385668,0.8159657237107082,0.4725704984403635,"{""type"":""Point"",""coordinates"":[-50.048062862766905,-9.183072709466444]}"
00000000000000000502,1,0.2321225676482473,0.5274779896421403,0.5924326557533448,0.5782453546949472,0.5548185534297715,0.801056390607713,0.4660227137792802,0.0,0.04517288204439468,0.0,0.0,0.0,0.0,0.0,0.0,0.01129322051109867,0.0,0.0,0.0,0.0,0.0,0.2321225676482473,0.48230510759774564,0.5924326557533448,0.5782453546949472,0.5548185534297715,0.801056390607713,0.4660227137792802,"{""type"":""Point"",""coordinates"":[-50.04788449872476,-9.183072709466442]}"
00000000000000000503,1,0.21592244244631756,0.4455419327929726,0.6515215689120908,0.5401996714370739,0.5022030181360462,0.7660548499936087,0.4212474317763395,0.0,0.0,0.0,0.0,0.0,0.0,0.0,0.0,0.0,0.0,0.0,0.0,0.0,0.0,0.21592244244631756,0.4455419327929726,0.6515215689120908,0.5401996714370739,0.5022030181360462,0.7660548499936087,0.4212474317763395,"{""type"":""Point"",""coordinates"":[-50.0477953167037,-9.18307270946644]}"
00000000000000000504,1,0.20980165257999914,0.4494682114257639,0.6456186327498797,0.5336624785639442,0.5091153959535816,0.7858490720510914,0.43335956463910685,0.0,0.0,0.0,0.0,0.0,0.031525311890184926,0.0,0.0,0.0,0.0,0.0,0.0,0.007881327972546232,0.0,0.20980165257999914,0.4494682114257639,0.6456186327498797,0.5336624785639442,0.5091153959535816,0.7543237601609065,0.43335956463910685,"{""type"":""Point"",""coordinates"":[-50.047706134682635,-9.183072709466444]}"
00000000000000000508,1,0.23972644037777147,0.4712948607126378,0.5942803505716449,0.5842162946238795,0.527714729309082,0.7897332906723022,0.4431574678629797,0.0,0.0,0.0,0.0,0.0,0.0,0.0,0.0,0.0,0.0,0.0,0.0,0.0,0.0,0.23972644037777147,0.4712948607126378,0.5942803505716449,0.5842162946238795,0.527714729309082,0.7897332906723022,0.4431574678629797,"{""type"":""Point"",""coordinates"":[-50.0482456859101,-9.182983527445373]}"
00000000000000000509,1,0.23118424254814823,0.5514798788666664,0.5402400260890236,0.6366054548875637,0.5720097424818266,0.831481634590161,0.49288905263082056,0.0,0.0,0.04103673978386818,0.0,0.0,0.0,0.0,0.0,0.0,0.04103673978386818,0.0,0.0,0.0,0.0,0.23118424254814823,0.5514798788666664,0.49920328630515537,0.6366054548875637,0.5720097424818266,0.831481634590161,0.49288905263082056,"{""type"":""Point"",""coordinates"":[-50.04815204478797,-9.182983527445373]}"
0000000000000000050e,1,0.2224441930801442,0.4497238865339194,0.6754815709253439,0.5317401001652049,0.5036843552978534,0.7872508347081059,0.42688611450036446,0.0,0.0,0.0,0.0,0.0,0.0,0.0,0.0,0.0,0.0,0.0,0.0,0.0,0.0,0.2224441930801442,0.4497238865339194,0.6754815709253439,0.5317401001652049,0.5036843552978534,0.7872508347081059,0.42688611450036446,"{""type"":""Point"",""coordinates"":[-50.04770613468263,-9.182983527445373]}"
00000000000000000511,1,0.23152827233661386,0.497195932060668,0.5596052676807677,0.6098892631574754,0.5415381072752975,0.8049287794753998,0.45216261480009334,0.0,0.0,0.0,0.0,0.0,0.0,0.0,0.0,0.0,0.0,0.0,0.0,0.0,0.0,0.23152827233661386,0.497195932060668,0.5596052676807677,0.6098892631574754,0.5415381072752975,0.8049287794753998,0.45216261480009334,"{""type"":""Point"",""coordinates"":[-50.0482456859101,-9.182894345424302]}"
00000000000000000512,1,0.22550836920891748,0.4976504903187151,0.5356710999861359,0.6278251527138473,0.5638399463148059,0.8298936036766924,0.483962912018349,0.0,-0.03436401546565504,0.0,0.0,0.0,0.0,0.0,0.0,-0.01718200773282752,0.0,0.0,0.0,0.0,0.0,0.22550836920891748,0.5320145057843702,0.5356710999861359,0.6278251527138473,0.5638399463148059,0.8298936036766924,0.483962912018349,"{""type"":""Point"",""coordinates"":[-50.04815204478797,-9.182894345424302]}"
00000000000000000513,1,0.2262044061166686,0.49872973558717726,0.5948113161499042,0.5711010694503784,0.5384152362488551,0.8181445761758371,0.456383388410044,0.0,0.0,0.0,0.0,0.0,0.0,0.0,0.0,0.0,0.0,0.0,0.0,0.0,0.0,0.2262044061166686,0.49872973558717726,0.5948113161499042,0.5711010694503784,0.5384152362488551,0.8181445761758371,0.456383388410044,"{""type"":""Point"",""coordinates"":[-50.0480628627669,-9.182894345424302]}"
00000000000000000514,1,0.224992893662358,0.4960492520990299,0.6058349818734209,0.5833331732011213,0.5154570729780974,0.798512323763321,0.44740028286521233,0.0,0.038659785363877985,0.0,0.0,0.0,0.0,0.0,0.0,0.009664946340969496,0.0,0.0,0.0,0.0,0.0,0.224992893662358,0.4573894667351519,0.6058349818734209,0.5833331732011213,0.5154570729780974,0.798512323763321,0.44740028286521233,"{""type"":""Point"",""coordinates"":[-50.04797368074583,-9.182894345424302]}"
00000000000000000515,1,0.22228387438912905,0.419533434840857,0.6505390433048214,0.5531702091996495,0.5034654786189398,0.7885124741261859,0.3946702342478936,0.0,0.0,0.0,0.0,0.0,0.06970665257779052,0.0,0.0,0.0,0.0,0.0,0.0,0.03485332628889526,0.0,0.22228387438912905,0.419533434840857,0.6505390433048214,0.5531702091996495,0.5034654786189398,0.7188058215483953,0.3946702342478936,"{""type"":""Point"",""coordinates"":[-50.04788449872476,-9.182894345424302]}"
00000000000000000517,1,0.23227342881489346,0.48919250677557624,0.6169903659789513,0.5718929120649802,0.5156915051042709,0.8134210689991284,0.45896535535447575,0.0,0.0,0.0,0.0,0.0,0.0,0.0,0.0,0.0,0.0,0.0,0.0,0.0,0.0,0.23227342881489346,0.48919250677557624,0.6169903659789513,0.5718929120649802,0.5156915051042709,0.8134210689991284,0.45896535535447575,"{""type"":""Point"",""coordinates"":[-50.047706134682635,-9.182894345424302]}"
0000000000000000051b,1,0.22870460786543975,0.5064112772480595,0.5516257428972564,0.6136511769039544,0.5590532511578719,0.8287840111467555,0.47561379436697065,0.0,0.0,0.0,0.0,0.0,0.0,0.0,0.0,0.0,0.0,0.0,0.0,0.0,0.0,0.22870460786543975,0.5064112772480595,0.5516257428972564,0.6136511769039544,0.5590532511578719,0.8287840111467555,0.47561379436697065,"{""type"":""Point"",""coordinates"":[-50.04815204478797,-9.182805163403234]}"
0000000000000000051c,1,0.22678780486756236,0.5052488249488152,0.5741057888294027,0.5975840482974356,0.54343011213961,0.8174399084782296,0.4718029115307472,0.0,0.0,0.0,0.0,0.0,0.0,0.0,0.0,0.0,0.0,0.0,0.0,0.0,0.0,0.22678780486756236,0.5052488249488152,0.5741057888294027,0.5975840482974356,0.54343011213961,0.8174399084782296,0.4718029115307472,"{""type"":""Point"",""coordinates"":[-50.048062862766905,-9.182805163403234]}"
0000000000000000051d,1,0.22074587477733928,0.4979647692278284,0.5733146795811875,0.5870794673060906,0.5409267412364108,0.8169480974234834,0.47103187509324795,0.0,0.0,0.0,0.0,0.0,0.0,0.0,0.0,0.0,0.0,0.0,0.0,0.0,0.0,0.22074587477733928,0.4979647692278284,0.5733146795811875,0.5870794673060906,0.5409267412364108,0.8169480974234834,0.47103187509324795,"{""type"":""Point"",""coordinates"":[-50.047973680745834,-9.182805163403234]}"
0000000000000000051e,1,0.2367950631098847,0.44673667473603135,0.6159977610382563,0.5695897976479971,0.5249190568923949,0.8090217113494873,0.45195565387444875,0.0,-0.03299048621516121,0.0,0.0,0.0,0.0,0.0,0.0,-0.008247621553790302,0.0,0.0,0.0,0.0,0.0,0.2367950631098847,0.47972716095119255,0.6159977610382563,0.5695897976479971,0.5249190568923949,0.8090217113494873,0.45195565387444875,"{""type"":""Point"",""coordinates"":[-50.04788449872476,-9.182805163403232]}"
0000000000000000051f,1,0.2295131827227969,0.505191802369449,0.5752777239292168,0.5853877447537893,0.540093907098804,0.8302029677602116,0.4723736978628308,0.0,0.0,0.0,0.0,0.0,0.036572044117727076,0.0,0.0,0.0,0.0,0.0,0.0,0.018286022058863538,0.0,0.2295131827227969,0.505191802369449,0.5752777239292168,0.5853877447537893,0.540093907098804,0.7936309236424846,0.4723736978628308,"{""type"":""Point"",""coordinates"":[-50.0477953167037,-9.182805163403234]}"
00000000000000000520,1,0.23967375869315605,0.5592648445299961,0.5531068020789264,0.5981777392286469,0.5662248709145884,0.8325280870816353,0.5078220006344827,0.0,0.0,0.0,0.0,0.0,0.0,0.0,0.0,0.0,0.0,0.0,0.0,0.0,0.0,0.23967375869315605,0.5592648445299961,0.5531068020789264,0.5981777392286469,0.5662248709145884,0.8325280870816353,0.5078220006344827,"{""type"":""Point"",""coordinates"":[-50.047706134682635,-9.182805163403234]}"
00000000000000000521,1,0.2249395288787335,0.5110668839762388,0.5819661996598376,0.5813148942631398,0.5349751642295257,0.8093205614605719,0.46777983326485634,0.0,0.0,0.0,0.0,0.0,0.0,0.0,0.0,0.0,0.0,0.0,0.0,0.0,0.0,0.2249395288787335,0.5110668839762388,0.5819661996598376,0.5813148942631398,0.5349751642295257,0.8093205614605719,0.46777983326485634,"{""type"":""Point"",""coordinates"":[-50.047616952661556,-9.182805163403236]}"
00000000000000000523,1,0.23673411501391464,0.45339519414863894,0.6323190434844991,0.5606309079283917,0.5149573126300159,0.7609973631794341,0.4171186285313649,0.0,0.0,0.0,0.0,0.0,0.0,0.0,0.0,0.0,0.0,0.0,0.0,0.0,0.0,0.23673411501391464,0.45339519414863894,0.6323190434844991,0.5606309079283917,0.5149573126300159,0.7609973631794341,0.4171186285313649,"{""type"":""Point"",""coordinates"":[-50.0482456859101,-9.182711522281112]}"
00000000000000000524,1,0.2395220286818766,0.4951285629494175,0.5774215096016275,0.5930176061743877,0.5424466488747693,0.8112984549197614,0.4648552038510859,0.0,0.0,0.0,0.0,0.0,0.0,0.0,0.0,0.0,0.0,0.0,0.0,0.0,0.0,0.2395220286818766,0.4951285629494175,0.5774215096016275,0.5930176061743877,0.5424466488747693,0.8112984549197614,0.4648552038510859,"{""type"":""Point"",""coordinates"":[-50.04815204478797,-9.182711522281114]}"
00000000000000000525,1,0.23203175935637402,0.5067882322367331,0.5838167931669279,0.598236237854201,0.5385658353071661,0.7974752187728882,0.4525686131938334,0.0,0.0,0.0,0.0,0.0,0.0,0.0,0.0,0.0,0.0,0.0,0.0,0.0,0.0,0.23203175935637402,0.5067882322367331,0.5838167931669279,0.598236237854201,0.5385658353071661,0.7974752187728882,0.4525686131938334,"{""type"":""Point"",""coordinates"":[-50.048062862766905,-9.182711522281112]}"
00000000000000000526,1,0.21990230292854007,0.47455262799761244,0.5904330585824455,0.5864546839051309,0.5257487541304908,0.7902090549468994,0.4619069703996936,0.0,0.0,0.0,0.0,0.0,0.0,0.0,0.0,0.0,0.0,0.0,0.0,0.0,0.0,0.21990230292854007,0.47455262799761244,0.5904330585824455,0.5864546839051309,0.5257487541304908,0.7902090549468994,0.4619069703996936,"{""type"":""Point"",""coordinates"":[-50.047973680745834,-9.182711522281112]}"
00000000000000000527,1,0.22378865198291406,0.5028395381895364,0.5942435674354785,0.6118958458342768,0.5454721373663556,0.8235984757076118,0.46750021907825134,0.0,0.0,0.03162832902087187,0.0,0.0,0.0,0.0,0.0,0.0,0.03162832902087187,0.0,0.0,0.0,0.0,0.22378865198291406,0.5028395381895364,0.5626152384146066,0.6118958458342768,0.5454721373663556,0.8235984757076118,0.46750021907825134,"{""type"":""Point"",""coordinates"":[-50.04788449872476,-9.182711522281112]}"
00000000000000000528,1,0.21647976856878756,0.5629845572104188,0.5251246277003985,0.6350305812923135,0.584396248281089,0.8393537768669921,0.5067680285663247,0.0,0.0,0.0,0.0,0.0,0.0,0.0,0.0,0.0,0.0,0.0,0.0,0.0,0.0,0.21647976856878756,0.5629845572104188,0.5251246277003985,0.6350305812923135,0.584396248281089,0.8393537768669921,0.5067680285663247,"{""type"":""Point"",""coordinates"":[-50.0477953167037,-9.182711522281112]}"
00000000000000000529,1,0.2256398640237456,0.5755975960144532,0.540995901046136,0.6034660064175991,0.5713322090166781,0.8250090479850769,0.5230443384210611,0.0,0.0,0.0,0.0,0.0,0.0,0.0,0.0,0.0,0.0,0.0,0.0,0.0,0.0,0.2256398640237456,0.5755975960144532,0.540995901046136,0.6034660064175991,0.5713322090166781,0.8250090479850769,0.5230443384210611,"{""type"":""Point"",""coordinates"":[-50.047706134682635,-9.182711522281114]}"
0000000000000000052d,1,0.22440673163830402,0.5374771420204445,0.5421574838528794,0.6172538251607227,0.5588582237930572,0.8267709597843316,0.49581848939743856,0.0,0.0,0.0,0.0,0.0,0.0,0.0,0.0,0.0,0.0,0.0,0.0,0.0,0.0,0.22440673163830402,0.5374771420204445,0.5421574838528794,0.6172538251607227,0.5588582237930572,0.8267709597843316,0.49581848939743856,"{""type"":""Point"",""coordinates"":[-50.0477953167037,-9.182622340260044]}"
0000000000000000052e,1,0.26587834736639804,0.5650299062569121,0.5644152321491421,0.6015477959754769,0.5603131735636573,0.8384573169637148,0.5085328917431988,0.0,0.0,0.0,0.0,0.0,0.0,0.0,0.0,0.0,0.0,0.0,0.0,0.0,0.0,0.26587834736639804,0.5650299062569121,0.5644152321491421,0.6015477959754769,0.5603131735636573,0.8384573169637148,0.5085328917431988,"{""type"":""Point"",""coordinates"":[-50.04770613468263,-9.182622340260044]}"
0000000000000000052f,1,0.23126012967225515,0.4831650769377342,0.5984419228727968,0.5875018137173805,0.5318894721606918,0.7975959314936933,0.44948702371050336,0.0,0.0,0.0,0.0,0.0,0.0,0.0,0.0,0.0,0.0,0.0,0.0,0.0,0.0,0.23126012967225515,0.4831650769377342,0.5984419228727968,0.5875018137173805,0.5318894721606918,0.7975959314936933,0.44948702371050336,"{""type"":""Point"",""coordinates"":[-50.04761695266155,-9.182622340260044]}"
00000000000000000535,1,0.2473178572670227,0.6827331975126766,0.46687586392025743,0.669320394269345,0.5967420884312319,0.8818590418812209,0.5771565081634822,0.0,0.0,0.0,0.0,0.0,0.039932781981060206,0.0,0.0,0.0,0.0,0.0,0.0,0.009983195495265051,0.0,0.2473178572670227,0.6827331975126766,0.46687586392025743,0.669320394269345,0.5967420884312319,0.8419262599001607,0.5771565081634822,"{""type"":""Point"",""coordinates"":[-46.67641616052803,-1.0665233308621318]}"
00000000000000000536,1,0.24563178233459892,0.6287963610718688,0.5420574333359265,0.5977169619069009,0.5633368747554215,0.8469767023335351,0.5422173586655973,0.0,0.0,0.0,0.0,0.0,0.047668364004868846,0.0,0.0,0.0,0.0,0.0,0.0,0.011917091001217212,0.0,0.24563178233459892,0.6287963610718688,0.5420574333359265,0.5977169619069009,0.5633368747554215,0.7993083383286662,0.5422173586655973,"{""type"":""Point"",""coordinates"":[-46.676326978506964,-1.0666125128832007]}"
0000000000000000054b,1,0.24931987613116094,0.46035780870747317,0.7792743579291534,0.40346243260843856,0.4287629865255355,0.6237544118916121,0.4094623673095759,0.0,0.0,0.055574513612761,0.0,0.0,0.0,0.0,0.0,0.0,0.01389362840319025,0.0,0.0,0.0,0.0,0.24931987613116094,0.46035780870747317,0.7236998443163924,0.40346243260843856,0.4287629865255355,0.6237544118916121,0.4094623673095759,"{""type"":""Point"",""coordinates"":[-47.379081304530025,-2.306019650688483]}"
0000000000000000054e,1,0.2250988293651319,0.6365139425255607,0.4866987368759091,0.6430040001869202,0.6018550395965576,0.836721658706665,0.5389386319595219,0.0,0.03788735318173708,-0.03414513341548292,0.0,0.0,0.0,0.0,0.0,0.01894367659086854,-0.006829026683096584,0.0,0.0,0.0,0.0,0.2250988293651319,0.5986265893438236,0.520843870291392,0.6430040001869202,0.6018550395965576,0.836721658706665,0.5389386319595219,"{""type"":""Point"",""coordinates"":[-50.56271001085036,-6.02630116879102]}"
00000000000000000550,1,0.21144040838078432,0.648846327854019,0.46115834473219014,0.6905645974854832,0.578072670223705,0.8611501943682551,0.5476460133008191,0.0,0.040855591252354495,0.0,0.0,0.0,0.0,0.0,0.0,0.040855591252354495,0.0,0.0,0.0,0.0,0.0,0.21144040838078432,0.6079907366016645,0.46115834473219014,0.6905645974854832,0.578072670223705,0.8611501943682551,0.5476460133008191,"{""type"":""Point"",""coordinates"":[-50.56019507785622,-6.027201907203814]}"
0000000000000000055c,1,0.2702526543298034,0.43913271270434884,0.7489055454462984,0.4638409314057087,0.4203221570415919,0.7026108200727977,0.396823761193049,0.0,0.0,0.0,0.0,0.0,0.0,0.0,0.0,0.0,0.0,0.0,0.0,0.0,0.0,0.2702526543298034,0.43913271270434884,0.7489055454462984,0.4638409314057087,0.4203221570415919,0.7026108200727977,0.396823761193049,"{""type"":""Point"",""coordinates"":[-47.703998161890425,-3.9806618059164034]}"
0000000000000000055f,1,0.24911991843981238,0.5902347203988498,0.7223391640765684,0.6184437575662071,0.5155707870056077,0.8117206526983619,0.5122706845359507,0.0,0.0,0.2707970568378505,0.0,0.0,0.0,0.0,0.0,0.0,0.13539852841892525,0.0,0.0,0.0,0.0,0.24911991843981238,0.5902347203988498,0.4515421072387179,0.6184437575662071,0.5155707870056077,0.8117206526983619,0.5122706845359507,"{""type"":""Point"",""coordinates"":[-47.70597800275815,-3.9800286135668124]}"
00000000000000000561,1,0.23595549941304336,0.5012344510741178,0.6989556840204246,0.4794859359675229,0.4264581748118276,0.6873742685755296,0.44210577665352135,0.0,0.04601534964755738,0.0,0.0,0.0,0.0,0.0,0.0,0.04601534964755738,0.0,0.0,0.0,0.0,0.0,0.23595549941304336,0.4552191014265604,0.6989556840204246,0.4794859359675229,0.4264581748118276,0.6873742685755296,0.44210577665352135,"{""type"":""Point"",""coordinates"":[-47.70579517961497,-3.9826371876830806]}"
00000000000000000562,1,0.23931248325659,0.5284027343103791,0.5580090124578153,0.585249767115549,0.5259904296483007,0.7520118951797485,0.4683704227789866,0.0,0.0,0.0,0.0,0.0,0.0,0.0,0.0,0.0,0.0,0.0,0.0,0.0,0.0,0.23931248325659,0.5284027343103791,0.5580090124578153,0.585249767115549,0.5259904296483007,0.7520118951797485,0.4683704227789866,"{""type"":""Point"",""coordinates"":[-48.06799903998426,-2.169116330145587]}"
00000000000000000564,1,0.22577822212819462,0.5969092290883552,0.5124387657305639,0.640593785330571,0.5633423053135053,0.8330715238908996,0.5319309718137528,0.0,0.0,0.0,0.0,0.0,0.0,0.0,0.0,0.0,0.0,0.0,0.0,0.0,0.0,0.22577822212819462,0.5969092290883552,0.5124387657305639,0.640593785330571,0.5633423053135053,0.8330715238908996,0.5319309718137528,"{""type"":""Point"",""coordinates"":[-48.068355768068535,-2.1702846146215906]}"
00000000000000000565,1,0.2243535076834133,0.6669339406781495,0.45495284631531174,0.6892978549003601,0.6077837944030762,0.8291001120075798,0.5677064049930786,0.0,0.0,0.0,0.0,0.0,0.0,0.0,0.0,0.0,0.0,0.0,0.0,0.0,0.0,0.2243535076834133,0.6669339406781495,0.45495284631531174,0.6892978549003601,0.6077837944030762,0.8291001120075798,0.5677064049930786,"{""type"":""Point"",""coordinates"":[-48.06871695525386,-2.170373796642659]}"
00000000000000000567,1,0.22357098677163126,0.5989018127141038,0.4814618665633304,0.6690233344833515,0.5927366347799692,0.8467254288443177,0.5257318016265005,0.0,0.0,0.0,0.0,0.0,0.0,0.0,0.0,0.0,0.0,0.0,0.0,0.0,0.0,0.22357098677163126,0.5989018127141038,0.4814618665633304,0.6690233344833515,0.5927366347799692,0.8467254288443177,0.5257318016265005,"{""type"":""Point"",""coordinates"":[-48.06817740402641,-2.170373796642659]}"
00000000000000000568,1,0.2543357121100239,0.5029253262960048,0.7123112499225774,0.4911862038395149,0.47312135530558425,0.7404307108827732,0.4424725250204164,0.0,0.0,0.0,0.0,0.0,0.0,0.0,0.0,0.0,0.0,0.0,0.0,0.0,0.0,0.2543357121100239,0.5029253262960048,0.7123112499225774,0.4911862038395149,0.47312135530558425,0.7404307108827732,0.4424725250204164,"{""type"":""Point"",""coordinates"":[-48.06853859121173,-2.169834245415193]}"
00000000000000000570,1,0.21765705715030242,0.5065489490871913,0.6040567820983475,0.5717245023727683,0.5270517211306541,0.7793513140581284,0.47066361488196706,0.0,0.0,0.0,0.0,0.0,0.0,0.0,0.0,0.0,0.0,0.0,0.0,0.0,0.0,0.21765705715030242,0.5065489490871913,0.6040567820983475,0.5717245023727683,0.5270517211306541,0.7793513140581284,0.47066361488196706,"{""type"":""Point"",""coordinates"":[-48.27398275404713,-2.5310481853506284]}"
00000000000000000571,1,0.2281007260642382,0.5248015897342172,0.5818386132475307,0.5779862602551779,0.5292076468467712,0.8027085052822654,0.49033965014635955,0.0,-0.06372037334554082,0.0,0.0,0.0,0.0,0.0,0.0,-0.012744074669108162,0.0,0.0,0.0,0.0,0.0,0.2281007260642382,0.588521963079758,0.5818386132475307,0.5779862602551779,0.5292076468467712,0.8027085052822654,0.49033965014635955,"{""type"":""Point"",""coordinates"":[-48.27407193606821,-2.5306869981652995]}"
00000000000000000576,1,0.24668739035487247,0.683125654215126,0.46135516986317565,0.6668709342522079,0.5891056060791016,0.8600008918769237,0.5921804364619643,0.0,0.0,0.0,0.0,0.0,0.0,0.0,0.0,0.0,0.0,0.0,0.0,0.0,0.0,0.24668739035487247,0.683125654215126,0.46135516986317565,0.6668709342522079,0.5891056060791016,0.8600008918769237,0.5921804364619643,"{""type"":""Point"",""coordinates"":[-47.376923099620164,-2.2980244824996534]}"
00000000000000000579,1,0.23088411822380023,0.5199815482987473,0.5187882360970274,0.6224437010633911,0.6104597945104436,0.8149603368474871,0.46984360183972607,0.0,0.0,0.0,0.0,0.0,0.0,0.0,0.0,0.0,0.0,0.0,0.0,0.0,0.0,0.23088411822380023,0.5199815482987473,0.5187882360970274,0.6224437010633911,0.6104597945104436,0.8149603368474871,0.46984360183972607,"{""type"":""Point"",""coordinates"":[-50.56782905885971,-5.818074526898258]}"
0000000000000000057c,1,0.19272013598708174,0.5625625938882106,0.5653575729872284,0.6088532209396362,0.5914024114608765,0.8291407319977872,0.4580304201563529,0.0,0.045692502461238904,0.0,0.0,0.0,0.0,0.0,0.0,0.045692502461238904,0.0,0.0,0.0,0.0,0.0,0.19272013598708174,0.5168700914269717,0.5653575729872284,0.6088532209396362,0.5914024114608765,0.8291407319977872,0.4580304201563529,"{""type"":""Point"",""coordinates"":[-50.56881897929358,-5.818074526898258]}"
0000000000000000057d,1,0.2593287518471597,0.554796744209674,0.6192030264973566,0.5236240710537032,0.4687038489396409,0.745228729239052,0.47862032789294734,0.0,0.0,0.0,0.0,0.0,0.0,0.0,0.0,0.0,0.0,0.0,0.0,0.0,0.0,0.2593287518471597,0.554796744209674,0.6192030264973566,0.5236240710537032,0.4687038489396409,0.745228729239052,0.47862032789294734,"{""type"":""Point"",""coordinates"":[-47.98256712290129,-2.212057473290271]}"
00000000000000000585,1,0.2577929260955932,0.5852085241440653,0.6173466941812227,0.5287766647389872,0.4851202729142781,0.8056586406152234,0.4770672312827578,0.0,0.10353273183538075,-0.07517735087812427,0.0,0.0,0.03583276485609865,0.0,0.0,0.02588318295884519,-0.018794337719531068,0.0,0.0,0.008958191214024663,0.0,0.2577929260955932,0.48167579230868457,0.692524045059347,0.5287766647389872,0.4851202729142781,0.7698258757591248,0.4770672312827578,"{""type"":""Point"",""coordinates"":[-50.89921607184865,-9.085066127412755]}"
00000000000000000588,1,0.22606554977899124,0.51554986137889,0.7069003571264432,0.47175206017110877,0.4403422265825655,0.7275183958484125,0.45097815341330943,0.0,0.0343459855253761,0.0,0.0,0.0,0.0,0.0,0.0,0.008586496381344025,0.0,0.0,0.0,0.0,0.0,0.22606554977899124,0.48120387585351393,0.7069003571264432,0.47175206017110877,0.4403422265825655,0.7275183958484125,0.45097815341330943,"{""type"":""Point"",""coordinates"":[-50.89877016174331,-9.085516496619151]}"
00000000000000000589,1,0.23936823172951535,0.5193721284433722,0.6192354519034052,0.5454164170698729,0.5786117275244682,0.8111855014605518,0.49082323161918245,0.0,0.0,0.0,0.0,0.0,0.0,0.0,0.0,0.0,0.0,0.0,0.0,0.0,0.0,0.23936823172951535,0.5193721284433722,0.6192354519034052,0.5454164170698729,0.5786117275244682,0.8111855014605518,0.49082323161918245,"{""type"":""Point"",""coordinates"":[-51.92859509093558,-6.5053736086700855]}"
0000000000000000058b,1,0.2211310400315849,0.5393951100458125,0.5518029245596543,0.5991919040679932,0.6074033323706828,0.850853272853821,0.4962976675305442,0.0,0.0,0.0,0.0,0.0,0.0,0.0,0.0,0.0,0.0,0.0,0.0,0.0,0.0,0.2211310400315849,0.5393951100458125,0.5518029245596543,0.5991919040679932,0.6074033323706828,0.850853272853821,0.4962976675305442,"{""type"":""Point"",""coordinates"":[-51.92850590891451,-6.505645613834346]}"
00000000000000000595,1,0.23503253754449532,0.6388156287717084,0.5833276683203037,0.5705638817040092,0.5019071944210881,0.7934322306502992,0.5499275315952448,0.0,0.0,0.0,0.0,0.0,0.0,0.0,0.0,0.0,0.0,0.0,0.0,0.0,0.0,0.23503253754449532,0.6388156287717084,0.5833276683203037,0.5705638817040092,0.5019071944210881,0.7934322306502992,0.5499275315952448,"{""type"":""Point"",""coordinates"":[-46.7718186275665,-1.1523119760293772]}"
00000000000000000596,1,0.23651231146281199,0.6466307896480417,0.566925720588547,0.5923569758903187,0.5300558349440668,0.8241945627169757,0.5931655638973046,0.0,-0.062008045718301874,0.04391194895639039,0.0,0.0,0.0,0.0,0.0,-0.062008045718301874,0.04391194895639039,0.0,0.0,0.0,0.0,0.23651231146281199,0.7086388353663435,0.5230137716321566,0.5923569758903187,0.5300558349440668,0.8241945627169757,0.5931655638973046,"{""type"":""Point"",""coordinates"":[-46.771907809587574,-1.1524056171514994]}"
00000000000000000597,1,0.2290580953293185,0.6676820412974473,0.6094050114430181,0.5704864739730194,0.4986658146405678,0.8091503898790091,0.5673806262953974,0.0,0.0,0.05342095733561891,0.0,0.0,0.0,0.0,0.0,0.0,0.05342095733561891,0.0,0.0,0.0,0.0,0.2290580953293185,0.6676820412974473,0.5559840541073992,0.5704864739730194,0.4986658146405678,0.8091503898790091,0.5673806262953974,"{""type"":""Point"",""coordinates"":[-46.77172944554544,-1.1524056171514991]}"
0000000000000000059a,1,0.20769541102861266,0.5704440428509657,0.5506359022008421,0.6033719778060913,0.5262498372658682,0.8045887351036072,0.5216086832590052,0.0,0.0,0.0,0.0,0.0,0.0,0.0,0.0,0.0,0.0,0.0,0.0,0.0,0.0,0.20769541102861266,0.5704440428509657,0.5506359022008421,0.6033719778060913,0.5262498372658682,0.8045887351036072,0.5216086832590052,"{""type"":""Point"",""coordinates"":[-50.56208127760182,-6.020196659448851]}"
0000000000000000059e,1,0.2280923909879887,0.5926751053782287,0.4750552527979838,0.6658339985983027,0.6373911056681267,0.8603328367270855,0.5286811122112558,0.0,0.0,0.0,0.0,0.0,0.0,0.0,0.0,0.0,0.0,0.0,0.0,0.0,0.0,0.2280923909879887,0.5926751053782287,0.4750552527979838,0.6658339985983027,0.6373911056681267,0.8603328367270855,0.5286811122112558,"{""type"":""Point"",""coordinates"":[-50.56046262391943,-6.017860090496848]}"
000000000000000005a1,1,0.19878492584959528,0.6833872542162123,0.5067017879203161,0.6357215724670209,0.6230221070616363,0.8534795063121571,0.5790628545023208,0.0,0.0,0.0,0.0,0.0,0.0,0.0,0.0,0.0,0.0,0.0,0.0,0.0,0.0,0.19878492584959528,0.6833872542162123,0.5067017879203161,0.6357215724670209,0.6230221070616363,0.8534795063121571,0.5790628545023208,"{""type"":""Point"",""coordinates"":[-50.53836331909854,-5.834693596524451]}"
000000000000000005a3,1,0.20605251070051767,0.5841856894338496,0.6195390214161435,0.5601256038685324,0.5676180713465397,0.831800519489795,0.511209135937988,0.0,0.0,0.0,0.0,0.0,0.0,0.0,0.0,0.0,0.0,0.0,0.0,0.0,0.0,0.20605251070051767,0.5841856894338496,0.6195390214161435,0.5601256038685324,0.5676180713465397,0.831800519489795,0.511209135937988,"{""type"":""Point"",""coordinates"":[-50.53908123436815,-5.8343324093391224]}"
000000000000000005bf,1,0.2522676270367502,0.4097039583073463,0.7405517527779362,0.3773916216629445,0.4061509863047109,0.6442285326427928,0.3903208561242571,0.0,0.0,-0.2530008810156149,0.0,0.0,0.0,0.0,0.0,0.0,-0.05060017620312298,0.0,0.0,0.0,0.0,0.2522676270367502,0.4097039583073463,0.9935526337935511,0.3773916216629445,0.4061509863047109,0.6442285326427928,0.3903208561242571,"{""type"":""Point"",""coordinates"":[-51.911530111204044,-6.4519268234434834]}"
000000000000000005c3,1,0.20064632242062433,0.4550625467115047,0.5067632831443766,0.6452281004563174,0.5491585080849499,0.7901541990149915,0.4248004683029873,0.0,0.0,0.0,0.0,0.0,0.0,0.0,0.0,0.0,0.0,0.0,0.0,0.0,0.0,0.20064632242062433,0.4550625467115047,0.5067632831443766,0.6452281004563174,0.5491585080849499,0.7901541990149915,0.4248004683029873,"{""type"":""Point"",""coordinates"":[-51.06073363020657,-6.541037498895545]}"
000000000000000005c5,1,0.22157956263036455,0.45004049532434853,0.5700567147842824,0.5912532700255201,0.4935550093650818,0.8238885741107195,0.4182705850855479,0.0,0.0,-0.0513001641879679,0.0,0.0,0.034873757826539786,0.0,0.0,0.0,-0.01026003283759358,0.0,0.0,0.006974751565307957,0.0,0.22157956263036455,0.45004049532434853,0.6213568789722503,0.5912532700255201,0.4935550093650818,0.7890148162841797,0.4182705850855479,"{""type"":""Point"",""coordinates"":[-51.06001571493697,-6.544091983117156]}"
000000000000000005cb,1,0.23731278556937482,0.4500384012769666,0.7530830473794854,0.4081062626965662,0.40537327622868463,0.6569292290707034,0.40710016216573014,0.0,0.0,0.0,0.0,0.0,0.0,0.0,0.0,0.0,0.0,0.0,0.0,0.0,0.0,0.23731278556937482,0.4500384012769666,0.7530830473794854,0.4081062626965662,0.40537327622868463,0.6569292290707034,0.40710016216573014,"{""type"":""Point"",""coordinates"":[-51.90380248907842,-6.4459962190423985]}"
000000000000000005cc,1,0.26209931026544436,0.3854247915129378,0.672693610118081,0.4500750002832782,0.4171120225749724,0.5955680036801885,0.3632662472050457,0.0,0.0,0.0,0.0,0.0,0.0,0.0,0.0,0.0,0.0,0.0,0.0,0.0,0.0,0.26209931026544436,0.3854247915129378,0.672693610118081,0.4500750002832782,0.4171120225749724,0.5955680036801885,0.3632662472050457,"{""type"":""Point"",""coordinates"":[-51.90389167109949,-6.4458178550002625]}"
000000000000000005cf,1,0.24168769313999913,0.5607769958938648,0.5939771292444824,0.5572063594871896,0.5329023027832259,0.780126944221835,0.496577484987009,0.0,0.057559007103867854,0.0,0.0,0.0,0.0,0.0,0.0,0.01151180142077357,0.0,0.0,0.0,0.0,0.0,0.24168769313999913,0.5032179887899969,0.5939771292444824,0.5572063594871896,0.5329023027832259,0.780126944221835,0.496577484987009,"{""type"":""Point"",""coordinates"":[-52.03953752514532,-6.33586088212334]}"
000000000000000005d0,1,0.2208654020472855,0.5427717362645472,0.6040702690852388,0.5703387045759174,0.5212868065134766,0.8003145456314087,0.47771342457527094,0.0,0.0,0.0,0.0,0.0,0.0,0.0,0.0,0.0,0.0,0.0,0.0,0.0,0.0,0.2208654020472855,0.5427717362645472,0.6040702690852388,0.5703387045759174,0.5212868065134766,0.8003145456314087,0.47771342457527094,"{""type"":""Point"",""coordinates"":[-52.03963116626743,-6.335954523245462]}"
000000000000000005d1,1,0.23236651859328272,0.5529809058166821,0.6027585704320378,0.5499287916297259,0.5142514983134657,0.7418276867761668,0.46197271608529733,0.0,0.04779325144542623,0.0,0.0,0.0,0.0,0.0,0.0,0.04779325144542623,0.0,0.0,0.0,0.0,0.0,0.23236651859328272,0.5051876543712559,0.6027585704320378,0.5499287916297259,0.5142514983134657,0.7418276867761668,0.46197271608529733,"{""type"":""Point"",""coordinates"":[-52.03953752514532,-6.336132887287601]}"
000000000000000005d4,1,0.2452282283811409,0.5824944652347358,0.5537211782376745,0.5992907527104754,0.5382072486304436,0.8086626523142043,0.5332464487702872,0.0,0.0,0.0,0.0,0.0,0.0,0.0,0.0,0.0,0.0,0.0,0.0,0.0,0.0,0.2452282283811409,0.5824944652347358,0.5537211782376745,0.5992907527104754,0.5382072486304436,0.8086626523142043,0.5332464487702872,"{""type"":""Point"",""coordinates"":[-52.039631166267434,-6.335504154039064]}"
000000000000000005d5,1,0.24303533921907536,0.6171562583081545,0.5256210791429055,0.6239367969303888,0.5567937041874877,0.8277074851185308,0.5498411458016123,0.0,0.0,0.0,0.0,0.0,0.0,0.0,0.0,0.0,0.0,0.0,0.0,0.0,0.0,0.24303533921907536,0.6171562583081545,0.5256210791429055,0.6239367969303888,0.5567937041874877,0.8277074851185308,0.5498411458016123,"{""type"":""Point"",""coordinates"":[-52.039448343124235,-6.335504154039065]}"
000000000000000005d6,1,0.23186465937675046,0.6396177121465432,0.5033976595957076,0.6343053475572883,0.5853840909934541,0.8356466307656932,0.5569884476051556,0.0,0.0,0.0,0.0,0.0,0.0,0.0,0.0,0.0,0.0,0.0,0.0,0.0,0.0,0.23186465937675046,0.6396177121465432,0.5033976595957076,0.6343053475572883,0.5853840909934541,0.8356466307656932,0.5569884476051556,"{""type"":""Point"",""coordinates"":[-52.03963116626743,-6.335682518081202]}"
000000000000000005db,1,0.22099936206127102,0.4755962141678637,0.7036776429783715,0.5090898912034018,0.5322810695284889,0.7650764608274468,0.4306977733732954,0.0,0.0,0.0,0.0,0.0,0.0,0.0,0.0,0.0,0.0,0.0,0.0,0.0,0.0,0.22099936206127102,0.4755962141678637,0.7036776429783715,0.5090898912034018,0.5322810695284889,0.7650764608274468,0.4306977733732954,"{""type"":""Point"",""coordinates"":[-50.56836861008719,-5.7739650992775715]}"
000000000000000005dd,1,0.20054766327025034,0.502946143718301,0.6392580992064048,0.5268937401854751,0.5813526028712322,0.8192495703697205,0.45107975740549894,0.0,0.0,0.0,0.0,0.0,0.030423749214134155,0.0,0.0,0.0,0.0,0.0,0.0,0.030423749214134155,0.0,0.20054766327025034,0.502946143718301,0.6392580992064048,0.5268937401854751,0.5813526028712322,0.7888258211555863,0.45107975740549894,"{""type"":""Point"",""coordinates"":[-50.568546974129326,-5.7742371044418315]}"
000000000000000005e4,1,0.22899145018517766,0.5503216470762977,0.504063828851303,0.6478474539191929,0.5822904794876161,0.8440887264046297,0.5095070225500683,0.0,0.0,0.0,0.0,0.0,0.0,0.0,0.0,0.0,0.0,0.0,0.0,0.0,0.0,0.22899145018517766,0.5503216470762977,0.504063828851303,0.6478474539191929,0.5822904794876161,0.8440887264046297,0.5095070225500683,"{""type"":""Point"",""coordinates"":[-51.07358030034155,-6.522532229523746]}"
000000000000000005e5,1,0.23506830730166497,0.6201628486310568,0.44198382719729656,0.6909035560890086,0.6640220203973963,0.8819392323493958,0.5610214842258571,0.0,0.0,0.0,0.0,0.0,0.0,0.0,0.0,0.0,0.0,0.0,0.0,0.0,0.0,0.23506830730166497,0.6201628486310568,0.44198382719729656,0.6909035560890086,0.6640220203973963,0.8819392323493958,0.5610214842258571,"{""type"":""Point"",""coordinates"":[-51.07133291341061,-6.521635950212002]}"
000000000000000005e6,1,0.23678403260905548,0.6314270107902994,0.4212560620100931,0.7028078526213365,0.6508073144794775,0.8744074791788856,0.5700703038727851,0.0,0.0,0.0,0.0,0.0,0.0,0.0,0.0,0.0,0.0,0.0,0.0,0.0,0.0,0.23678403260905548,0.6314270107902994,0.4212560620100931,0.7028078526213365,0.6508073144794775,0.8744074791788856,0.5700703038727851,"{""type"":""Point"",""coordinates"":[-51.071515736553806,-6.522710593565884]}"
000000000000000005e8,1,0.2232275154334655,0.5633338805831261,0.5038570537596297,0.620611846446991,0.5954203429218985,0.8358830229516616,0.49125509653259164,0.0,0.0,0.0,0.0,0.0,0.0,0.0,0.0,0.0,0.0,0.0,0.0,0.0,0.0,0.2232275154334655,0.5633338805831261,0.5038570537596297,0.620611846446991,0.5954203429218985,0.8358830229516616,0.49125509653259164,"{""type"":""Point"",""coordinates"":[-47.717562747295,-3.9857808539257586]}"
000000000000000005e9,1,0.2171906544404835,0.5274879793546697,0.5379874607420669,0.6296339706608491,0.5839559080127397,0.854024270905419,0.4794742942503259,0.0,0.0,0.0,0.0,0.0,0.0,0.0,0.0,0.0,0.0,0.0,0.0,0.0,0.0,0.2171906544404835,0.5274879793546697,0.5379874607420669,0.6296339706608491,0.5839559080127397,0.854024270905419,0.4794742942503259,"{""type"":""Point"",""coordinates"":[-47.717027655168586,-3.9861375820100347]}"
000000000000000005eb,1,0.230643693353295,0.6167816153450059,0.5027070452888228,0.6509311125590168,0.5746290086721165,0.857808158527285,0.5471185006471727,0.0,0.0,0.0,0.0,0.0,0.0,0.0,0.0,0.0,0.0,0.0,0.0,0.0,0.0,0.230643693353295,0.6167816153450059,0.5027070452888228,0.6509311125590168,0.5746290086721165,0.857808158527285,0.5471185006471727,"{""type"":""Point"",""coordinates"":[-47.71657728596219,-3.9874886896292288]}"
000000000000000005ec,1,0.22756380514055957,0.5389736489944068,0.5320641235796321,0.6092007354611407,0.5504012985748391,0.8421909809112549,0.47222320385765726,0.0,0.05160297985928236,0.0,0.0,0.0,0.0,0.0,0.0,0.05160297985928236,0.0,0.0,0.0,0.0,0.0,0.22756380514055957,0.48737066913512445,0.5320641235796321,0.6092007354611407,0.5504012985748391,0.8421909809112549,0.47222320385765726,"{""type"":""Point"",""coordinates"":[-47.71747356527394,-3.986859956380693]}"
000000000000000005ed,1,0.254966485152606,0.5913870037311469,0.5019824972643077,0.6411460840250478,0.5947606639067586,0.8503571676701986,0.523005491978596,0.0,0.0,0.0,0.0,0.0,0.0,0.0,0.0,0.0,0.0,0.0,0.0,0.0,0.0,0.254966485152606,0.5913870037311469,0.5019824972643077,0.6411460840250478,0.5947606639067586,0.8503571676701986,0.523005491978596,"{""type"":""Point"",""coordinates"":[-47.717656388417126,-3.9861375820100347]}"
000000000000000005ee,1,0.22945709901954842,0.541409473322873,0.6131511844702003,0.5598331196125523,0.5036803063008227,0.780250448069599,0.4853470345494109,0.0,0.0,0.0,0.0,0.0,0.0,0.0,0.0,0.0,0.0,0.0,0.0,0.0,0.0,0.22945709901954842,0.541409473322873,0.6131511844702003,0.5598331196125523,0.5036803063008227,0.780250448069599,0.4853470345494109,"{""type"":""Point"",""coordinates"":[-47.715319819465115,-3.9852413026982916]}"
000000000000000005f0,1,0.23547827260783924,0.483067511002404,0.8262803821355436,0.4046141413364591,0.40726629065103076,0.6536319465920831,0.41028058289867586,0.0,0.0,0.0,0.0,0.0,0.0,0.0,0.0,0.0,0.0,0.0,0.0,0.0,0.0,0.23547827260783924,0.483067511002404,0.8262803821355436,0.4046141413364591,0.40726629065103076,0.6536319465920831,0.41028058289867586,"{""type"":""Point"",""coordinates"":[-46.73912003954159,-1.1137764247254978]}"
000000000000000005f1,1,0.22225761752241016,0.5917444497284363,0.5535677022190427,0.615944317328177,0.5462142653751957,0.820166264273982,0.5138540639585758,0.0,0.0,0.0,0.0,0.0,0.0,0.0,0.0,0.0,0.0,0.0,0.0,0.0,0.0,0.22225761752241016,0.5917444497284363,0.5535677022190427,0.615944317328177,0.5462142653751957,0.820166264273982,0.5138540639585758,"{""type"":""Point"",""coordinates"":[-46.73903085752052,-1.1127865042916327]}"
000000000000000005f3,1,0.20586241223944007,0.6479034880652035,0.5137485646826895,0.644186895447838,0.5752215540937136,0.8616329435242029,0.5627992853500763,0.0,0.0,0.0,0.0,0.0,0.0402234839432184,0.0,0.0,0.0,0.0,0.0,0.0,0.013407827981072798,0.0,0.20586241223944007,0.6479034880652035,0.5137485646826895,0.644186895447838,0.5752215540937136,0.8214094595809845,0.5627992853500763,"{""type"":""Point"",""coordinates"":[-46.73866967033519,-1.1131476914769618]}"
000000000000000005f5,1,0.2289173451539253,0.5437799450364317,0.6705303105579937,0.5169363528011701,0.4881419333585402,0.7722311019897461,0.4772524345933394,0.0,0.0,0.0,0.0,0.0,0.2189046306831175,0.0,0.0,0.0,0.0,0.0,0.0,0.2189046306831175,0.0,0.2289173451539253,0.5437799450364317,0.6705303105579937,0.5169363528011701,0.4881419333585402,0.5533264713066286,0.4772524345933394,"{""type"":""Point"",""coordinates"":[-46.73821930112879,-1.1128756863127016]}"
000000000000000005f7,1,0.19568467516240456,0.5916645445959621,0.5649661513534111,0.5781298686534498,0.5760965917971946,0.8498967497524692,0.5237560129166099,0.0,0.0,0.0,0.0,0.0,0.0957162733781628,0.0,0.0,0.0,0.0,0.0,0.0,0.0239290683445407,0.0,0.19568467516240456,0.5916645445959621,0.5649661513534111,0.5781298686534498,0.5760965917971946,0.7541804763743064,0.5237560129166099,"{""type"":""Point"",""coordinates"":[-46.72250096991539,-1.3565031314687706]}"
000000000000000005fb,1,0.19948163526775584,0.5700975270411628,0.5150333191858046,0.5199250592889398,0.5270692971210001,0.7528092165313811,0.49965857343987097,0.0,0.0,-0.14684367897675576,0.0,0.0,0.0,0.0,0.0,0.0,-0.03671091974418894,0.0,0.0,0.0,0.0,0.19948163526775584,0.5700975270411628,0.6618769981625604,0.5199250592889398,0.5270692971210001,0.7528092165313811,0.49965857343987097,"{""type"":""Point"",""coordinates"":[-48.24792822659186,-2.5553012359803207]}"
000000000000000005fc,1,0.1915304256324007,0.53500567847162,0.5772720023334375,0.4877495046593869,0.5257591870358987,0.7132577303213996,0.4718048849076686,0.0,0.0,-0.1344407124413325,0.0,0.0,0.0,0.0,0.0,0.0,-0.03361017811033312,0.0,0.0,0.0,0.0,0.1915304256324007,0.53500567847162,0.7117127147747699,0.4877495046593869,0.5257591870358987,0.7132577303213996,0.4718048849076686,"{""type"":""Point"",""coordinates"":[-48.24783904457079,-2.555573241144581]}"
000000000000000005fe,1,0.24146895376941108,0.5913251094309591,0.5096723154621041,0.6288867024235455,0.5303593277931213,0.7710787040657883,0.5260806922883237,0.0,0.0,-0.0394031962516419,0.0,0.0,-0.041092738595072786,0.0,0.0,0.0,-0.0394031962516419,0.0,0.0,-0.020546369297536393,0.0,0.24146895376941108,0.5913251094309591,0.549075511713746,0.6288867024235455,0.5303593277931213,0.812171442660861,0.5260806922883237,"{""type"":""Point"",""coordinates"":[-46.34008846357188,-1.7721493179636212]}"
00000000000000000603,1,0.23431938285101656,0.6088560354617163,0.5512481594569807,0.6265362629115954,0.5182760222063739,0.8619010896693623,0.5239271639054307,0.0,0.0,0.0,0.0,0.0,0.039592535025451236,0.0,0.0,0.0,0.0,0.0,0.0,0.019796267512725618,0.0,0.23431938285101656,0.6088560354617163,0.5512481594569807,0.6265362629115954,0.5182760222063739,0.8223085546439111,0.5239271639054307,"{""type"":""Point"",""coordinates"":[-46.34026682761402,-1.7724213231278818]}"
00000000000000000604,1,0.2312273324587551,0.6069272105600392,0.5444399222415147,0.6211237907409668,0.48101896403597866,0.8083668351173401,0.5306064259751336,0.0,-0.03017577677411576,0.0,0.0,0.0,0.0,0.0,0.0,-0.006035155354823152,0.0,0.0,0.0,0.0,0.0,0.2312273324587551,0.6371029873341549,0.5444399222415147,0.6211237907409668,0.48101896403597866,0.8083668351173401,0.5306064259751336,"{""type"":""Point"",""coordinates"":[-46.34062801479934,-1.7723321411068127]}"
00000000000000000605,1,0.23132391078630002,0.5922902863119017,0.5589745614348097,0.606525488421118,0.47360631280494453,0.7867807722901986,0.5207217571573287,0.0,0.0,0.0,0.0,0.0,0.0,0.0,0.0,0.0,0.0,0.0,0.0,0.0,0.0,0.23132391078630002,0.5922902863119017,0.5589745614348097,0.606525488421118,0.47360631280494453,0.7867807722901986,0.5207217571573287,"{""type"":""Point"",""coordinates"":[-46.34080637884148,-1.7724213231278818]}"
000000000000000004b0,1,0.2309082953468078,0.43124919603102285,0.6663792782991591,0.5293347835540771,0.49737746789019255,0.7827163212194638,0.431464194497542,0.0,0.0,0.0,0.0,0.0,0.0583885039597406,0.03010479522644932,0.0,0.0,0.0,0.0,0.0,0.01459712598993515,0.010034931742149774,0.2309082953468078,0.43124919603102285,0.6663792782991591,0.5293347835540771,0.49737746789019255,0.7243278172597232,0.40135939927109265,"{""type"":""Point"",""coordinates"":[-50.04833486793115,-9.183612260693907]}"
00000000000000000592,1,0.20059580028737897,0.6076675031203115,0.6273718115023262,0.5438018718766711,0.47016472335819465,0.7715107312684475,0.5497806840460027,0.0,0.0,0.045501777303069146,0.0,0.0,0.0,0.030262406512913786,0.0,0.0,0.00910035546061383,0.0,0.0,0.0,0.030262406512913786,0.20059580028737897,0.6076675031203115,0.5818700341992571,0.5438018718766711,0.47016472335819465,0.7715107312684475,0.5195182775330889,"{""type"":""Point"",""coordinates"":[-46.7722689967729,-1.1515048787387034]}"
0000000000000000040d,1,0.239135971149906,0.534703276251956,0.6340663075267959,0.49883230565839703,0.45317065715789795,0.7423732334821721,0.4733798277738662,0.0,0.04428764851500583,-0.06363676364920057,0.0,0.0,0.0,0.030587538354753585,0.0,0.008857529703001165,-0.012727352729840113,0.0,0.0,0.0,0.006117507670950717,0.239135971149906,0.4904156277369502,0.6977030711759965,0.49883230565839703,0.45317065715789795,0.7423732334821721,0.44279228941911264,"{""type"":""Point"",""coordinates"":[-47.2641836476859,-3.9602658776979416]}"
000000000000000000ad,0,0.24630672959533512,0.3018446628276124,0.999680250878425,0.2606950054188138,0.33797349044905517,0.5434059900382388,0.3118323928976816,0.0,0.0,0.0,0.0,0.0,0.0,0.031195259602409764,0.0,0.0,0.0,0.0,0.0,0.0,0.006239051920481953,0.24630672959533512,0.3018446628276124,0.999680250878425,0.2606950054188138,0.33797349044905517,0.5434059900382388,0.28063713329527185,"{""type"":""Point"",""coordinates"":[-51.90425285828482,-6.4462637651056065]}"
000000000000000002ae,0,0.24398586429899885,0.33998502469595315,1.018717307406506,0.18574235470003592,0.3352492557011047,0.5371177196502686,0.3321916454303704,0.0,0.035720086052532185,0.0,0.0,0.0,0.0,0.031240027233586043,0.0,0.007144017210506437,0.0,0.0,0.0,0.0,0.006248005446717208,0.24398586429899885,0.30426493864342097,1.018717307406506,0.18574235470003592,0.3352492557011047,0.5371177196502686,0.30095161819678434,"{""type"":""Point"",""coordinates"":[-51.9111689240187,-6.451565636258153]}"
000000000000000003b5,1,0.24467295241784134,0.6285911219708639,0.5384855887490677,0.6214838867431034,0.5557344990199327,0.8436300776277346,0.5639161075454729,0.0,0.04745575050049722,0.0,0.0,0.0,0.0,0.03151861031046743,0.0,0.02372787525024861,0.0,0.0,0.0,0.0,0.015759305155233716,0.24467295241784134,0.5811353714703666,0.5384855887490677,0.6214838867431034,0.5557344990199327,0.8436300776277346,0.5323974972350055,"{""type"":""Point"",""coordinates"":[-47.7281664896001,-4.033569039915538]}"
000000000000000003c7,1,0.25125339474686104,0.606998147593351,0.6036434117647347,0.5643213391304016,0.5261509418487549,0.7917953729629517,0.5301998758510289,0.0,0.044711930839219205,0.0,0.0,0.0,0.0,0.03158183028313466,0.0,0.008942386167843841,0.0,0.0,0.0,0.0,0.006316366056626932,0.25125339474686104,0.5622862167541318,0.6036434117647347,0.5643213391304016,0.5261509418487549,0.7917953729629517,0.49861804556789424,"{""type"":""Point"",""coordinates"":[-47.70328024662082,-3.9820976364556127]}"
000000000000000003b8,1,0.2445797141678098,0.6482036898393702,0.5032614369482651,0.6461435199399224,0.5977524814153489,0.8500882814142127,0.581409995351498,0.0,0.04482471062026494,0.0,0.0,0.0,0.0,0.03173499363836185,0.0,0.02241235531013247,0.0,0.0,0.0,0.0,0.03173499363836185,0.2445797141678098,0.6033789792191052,0.5032614369482651,0.6461435199399224,0.5977524814153489,0.8500882814142127,0.5496750017131361,"{""type"":""Point"",""coordinates"":[-47.728255671621156,-4.033479857894469]}"
000000000000000003b6,1,0.24439813257413617,0.6477475277737987,0.507310996672226,0.6399665900281774,0.5924342278107378,0.8541280839118536,0.5840562027909442,0.0,0.03104784197402144,0.0,0.0,0.0,0.0,0.03185417875223162,0.0,0.01552392098701072,0.0,0.0,0.0,0.0,0.03185417875223162,0.24439813257413617,0.6166996857997773,0.507310996672226,0.6399665900281774,0.5924342278107378,0.8541280839118536,0.5522020240387125,"{""type"":""Point"",""coordinates"":[-47.72807284847798,-4.033569039915538]}"
00000000000000000027,1,0.21807488469780842,0.5253633418387841,0.749710825330961,0.4446424279736328,0.462915423572768,0.7422159057256745,0.46847367368652526,0.0,0.051840139632743365,0.0,0.0,0.0,0.04824373537273874,0.032030302642925335,0.0,0.010368027926548673,0.0,0.0,0.0,0.009648747074547747,0.006406060528585067,0.21807488469780842,0.4735232022060407,0.749710825330961,0.4446424279736328,0.462915423572768,0.6939721703529358,0.4364433710435999,"{""type"":""Point"",""coordinates"":[-48.4271439570309,-2.4777797641661636]}"
0000000000000000047e,1,0.20335610130402115,0.46052363212859065,0.6397890455739499,0.5575840392342385,0.5008281043335642,0.7990107665608364,0.437826998180081,0.0,0.034921366378285024,0.0,0.0,0.0,0.0,0.03304187397504377,0.0,0.017460683189142512,0.0,0.0,0.0,0.0,0.03304187397504377,0.20335610130402115,0.42560226575030563,0.6397890455739499,0.5575840392342385,0.5008281043335642,0.7990107665608364,0.4047851242050372,"{""type"":""Point"",""coordinates"":[-50.04896360117969,-9.183790624736048]}"
00000000000000000028,1,0.23676943143987977,0.5258326657091108,0.7384871327079541,0.44900530210723905,0.4684189147352213,0.7375078517200762,0.4736882725120047,0.0,0.061897826511864984,0.0,0.0,0.0,0.051262469887953355,0.0335422871105448,0.0,0.012379565302372997,0.0,0.0,0.0,0.010252493977590671,0.00670845742210896,0.23676943143987977,0.4639348391972458,0.7384871327079541,0.44900530210723905,0.4684189147352213,0.6862453818321228,0.4401459854014599,"{""type"":""Point"",""coordinates"":[-48.42705477500983,-2.477779764166164]}"
000000000000000003c4,1,0.24402370330116716,0.6652165058006755,0.4798820085839276,0.6664725852086975,0.6190802065568282,0.8561993659343797,0.5735723441393614,0.0,0.05059520249137128,0.0,0.0,0.0,0.0,0.03375205862524089,0.0,0.05059520249137128,0.0,0.0,0.0,0.0,0.01125068620841363,0.24402370330116716,0.6146213033093042,0.4798820085839276,0.6664725852086975,0.6190802065568282,0.8561993659343797,0.5398202855141205,"{""type"":""Point"",""coordinates"":[-47.72807284847798,-4.033301493852332]}"
00000000000000000083,0,0.241579631380112,0.41867026369676635,0.8164783533738701,0.35472649051799354,0.3879172515815607,0.6030465628418218,0.40604931893830837,0.0,0.0,0.0,0.0,0.0,0.0,0.03413861467647833,0.0,0.0,0.0,0.0,0.0,0.0,0.017069307338239165,0.241579631380112,0.41867026369676635,0.8164783533738701,0.35472649051799354,0.3879172515815607,0.6030465628418218,0.37191070426183004,"{""type"":""Point"",""coordinates"":[-48.274789851337815,-2.530419452102093]}"
00000000000000000411,1,0.2398238636030319,0.5693072889114424,0.6102120909178038,0.510997156705185,0.46345333874211103,0.7842577627311531,0.49963227584865816,0.0,0.07511613792989125,-0.08051544236411812,0.0,0.0,0.0,0.03469735548156849,0.0,0.015023227585978249,-0.016103088472823622,0.0,0.0,0.0,0.008674338870392123,0.2398238636030319,0.4941911509815512,0.6907275332819219,0.510997156705185,0.46345333874211103,0.7842577627311531,0.46493492036708967,"{""type"":""Point"",""coordinates"":[-47.26418364768589,-3.9601766956768714]}"
0000000000000000029f,0,0.2628125324194803,0.3477998474760679,0.9819407340162013,0.3500567082503933,0.3570865339480744,0.6159491400818979,0.36064248815924677,0.0,0.0,0.13401008061149433,0.0,0.0,0.0,0.035257913686175923,0.0,0.0,0.04467002687049811,0.0,0.0,0.0,0.035257913686175923,0.2628125324194803,0.3477998474760679,0.847930653404707,0.3500567082503933,0.3570865339480744,0.6159491400818979,0.32538457447307084,"{""type"":""Point"",""coordinates"":[-51.08462995275199,-6.502769493654872]}"
000000000000000003bc,1,0.23615299154414307,0.6520672451184046,0.5109074359866946,0.638588866087542,0.5849350690841675,0.8456111252874017,0.5704850969848363,0.0,0.04151169484836448,0.0,0.0,0.0,0.0,0.03537874628086746,0.0,0.04151169484836448,0.0,0.0,0.0,0.0,0.01768937314043373,0.23615299154414307,0.6105555502700402,0.5109074359866946,0.638588866087542,0.5849350690841675,0.8456111252874017,0.5351063507039688,"{""type"":""Point"",""coordinates"":[-47.72834485364224,-4.0333906758734015]}"
000000000000000003a7,1,0.24132804092879043,0.6225454374393644,0.5157974655370451,0.6093033683538652,0.5505482384307592,0.8518203471876025,0.5765346309589667,0.0,0.0,0.0,0.0,0.0,0.053891524539494085,0.035558403532502836,0.0,0.0,0.0,0.0,0.0,0.026945762269747042,0.035558403532502836,0.24132804092879043,0.6225454374393644,0.5157974655370451,0.6093033683538652,0.5505482384307592,0.7979288226481084,0.5409762274264639,"{""type"":""Point"",""coordinates"":[-49.93802116696997,-6.380599042992562]}"
000000000000000005ff,1,0.2388658608829398,0.559312307222471,0.5953437997007279,0.5848657139862433,0.4840616002724809,0.7919872611763249,0.5252577992148437,0.0,0.0,0.0,0.0,0.0,0.0,0.03608044539718108,0.0,0.0,0.0,0.0,0.0,0.0,0.01804022269859054,0.2388658608829398,0.559312307222471,0.5953437997007279,0.5848657139862433,0.4840616002724809,0.7919872611763249,0.48917735381766264,"{""type"":""Point"",""coordinates"":[-46.3399992815508,-1.7722429590857436]}"
000000000000000005a8,1,0.2341343244191673,0.5607382279298926,0.571992110453649,0.5818671692265965,0.5956383049488068,0.8420573472982278,0.502663204372003,0.0,0.06385338124557388,-0.03287708677683565,0.0,0.0,0.0,0.037462167169061644,0.0,0.06385338124557388,-0.03287708677683565,0.0,0.0,0.0,0.037462167169061644,0.2341343244191673,0.4968848466843187,0.6048691972304846,0.5818671692265965,0.5956383049488068,0.8420573472982278,0.4652010372029413,"{""type"":""Point"",""coordinates"":[-50.538546142241735,-5.832535391614583]}"
00000000000000000356,1,0.22085206394389173,0.48044142304658394,0.7559541584910913,0.4138902942249224,0.47876836538796747,0.7507869994918003,0.4590619447247508,0.0,0.0,0.03544357774020224,0.0,0.0,0.0,0.03768184881855946,0.0,0.0,0.007088715548040447,0.0,0.0,0.0,0.007536369763711892,0.22085206394389173,0.48044142304658394,0.720510580750889,0.4138902942249224,0.47876836538796747,0.7507869994918003,0.42138009590619135,"{""type"":""Point"",""coordinates"":[-51.8808069049458,-6.442674188757582]}"
00000000000000000212,0,0.28882565559847173,0.2034177217539101,1.054987627447357,0.2058151822783351,0.2534465072265985,0.30989913904553495,0.18265890990538203,0.0,0.032883785667754545,0.0,0.0,0.0,0.0,0.037707223662614,0.0,0.032883785667754545,0.0,0.0,0.0,0.0,0.037707223662614,0.28882565559847173,0.17053393608615555,1.054987627447357,0.2058151822783351,0.2534465072265985,0.30989913904553495,0.14495168624276802,"{""type"":""Point"",""coordinates"":[-46.67614861446483,-1.0672412461317364]}"
00000000000000000415,1,0.2495619269444326,0.5689992317899294,0.6490477554742857,0.5134529579901176,0.45630279624615416,0.74167034177857,0.48737071386351133,0.0,0.039690500417518426,-0.034666426607687484,0.0,0.0,0.0,0.03849232794116891,0.0,0.039690500417518426,-0.006933285321537497,0.0,0.0,0.0,0.012830775980389638,0.2495619269444326,0.529308731372411,0.6837141820819732,0.5134529579901176,0.45630279624615416,0.74167034177857,0.4488783859223424,"{""type"":""Point"",""coordinates"":[-47.264094465664826,-3.9600875136558034]}"
00000000000000000593,1,0.20834335008655142,0.6612963376155572,0.5804980484925283,0.5872322998135376,0.5004450566854035,0.8006783507739461,0.5748803924978397,0.0,0.033257261150033246,0.0,0.0,0.0,0.0,0.04099852417237815,0.0,0.033257261150033246,0.0,0.0,0.0,0.0,0.04099852417237815,0.20834335008655142,0.6280390764655239,0.5804980484925283,0.5872322998135376,0.5004450566854035,0.8006783507739461,0.5338818683254616,"{""type"":""Point"",""coordinates"":[-46.7722689967729,-1.1511481506544274]}"
0000000000000000033f,1,0.21451048308491458,0.5291662230634178,0.721590882680198,0.4505704016470197,0.4594975051732894,0.7468760423719212,0.46568100686765734,0.0,0.07062499630745456,-0.10927679682287816,0.0,0.0,0.0,0.04129977340658486,0.0,0.07062499630745456,-0.10927679682287816,0.0,0.0,0.0,0.04129977340658486,0.21451048308491458,0.4585412267559632,0.8308676795030762,0.4505704016470197,0.4594975051732894,0.7468760423719212,0.4243812334610725,"{""type"":""Point"",""coordinates"":[-51.903262937850954,-6.46001117365338]}"
00000000000000000347,1,0.21451048308491458,0.5291662230634178,0.721590882680198,0.4505704016470197,0.4594975051732894,0.7468760423719212,0.46568100686765734,0.0,0.07062499630745456,-0.10927679682287816,0.0,0.0,0.0,0.04129977340658486,0.0,0.07062499630745456,-0.10927679682287816,0.0,0.0,0.0,0.04129977340658486,0.21451048308491458,0.4585412267559632,0.8308676795030762,0.4505704016470197,0.4594975051732894,0.7468760423719212,0.4243812334610725,"{""type"":""Point"",""coordinates"":[-51.903262937850954,-6.46001117365338]}"
0000000000000000034a,1,0.21451048308491458,0.5291662230634178,0.721590882680198,0.4505704016470197,0.4594975051732894,0.7468760423719212,0.46568100686765734,0.0,0.07062499630745456,-0.10927679682287816,0.0,0.0,0.0,0.04129977340658486,0.0,0.07062499630745456,-0.10927679682287816,0.0,0.0,0.0,0.04129977340658486,0.21451048308491458,0.4585412267559632,0.8308676795030762,0.4505704016470197,0.4594975051732894,0.7468760423719212,0.4243812334610725,"{""type"":""Point"",""coordinates"":[-51.903262937850954,-6.46001117365338]}"
00000000000000000270,0,0.25258917578916334,0.4132238959343132,0.8993665132972262,0.34281843471029066,0.34829574544435815,0.5447428226470947,0.36446633844591436,0.0,0.0682307266561275,0.03578088789743705,0.0,0.0,0.04082368161561878,0.041888282844881664,0.0,0.0682307266561275,0.017890443948718526,0.0,0.0,0.04082368161561878,0.041888282844881664,0.25258917578916334,0.3449931692781857,0.8635856253997891,0.34281843471029066,0.34829574544435815,0.503919141031476,0.3225780556010327,"{""type"":""Point"",""coordinates"":[-47.37692309962016,-2.296049100732977]}"
000000000000000003b4,1,0.2462432900609492,0.6381776084068954,0.49315257209376306,0.6318228402672725,0.5759219248943526,0.8500119706463686,0.5710341654363845,0.0,0.0462390801874345,-0.030747900987078025,0.0,0.0,0.034712589068336075,0.0421506263675957,0.0,0.02311954009371725,-0.030747900987078025,0.0,0.0,0.017356294534168037,0.02107531318379785,0.2462432900609492,0.5919385282194609,0.5239004730808411,0.6318228402672725,0.5759219248943526,0.8152993815780325,0.5288835390687888,"{""type"":""Point"",""coordinates"":[-47.7277161203937,-4.033569039915538]}"
000000000000000002ad,0,0.20744217170158616,0.3676167855042328,0.8860706362441421,0.3474185588669895,0.4318753734716729,0.6308724624916087,0.3625188025178161,0.0,0.03717919097592165,0.0,0.0,0.0,0.0,0.043096064695363534,0.0,0.03717919097592165,0.0,0.0,0.0,0.0,0.043096064695363534,0.20744217170158616,0.3304375945283112,0.8860706362441421,0.3474185588669895,0.4318753734716729,0.6308724624916087,0.31942273782245256,"{""type"":""Point"",""coordinates"":[-51.910990559976575,-6.451654818279223]}"
0000000000000000057b,1,0.20572003378121184,0.6147844397727287,0.5319149713964044,0.622965897908253,0.6011585388608415,0.8287393119438852,0.5347539587949659,0.0,0.065233392590483,0.0,0.0,0.0,0.0,0.043481675668545494,0.0,0.021744464196827667,0.0,0.0,0.0,0.0,0.014493891889515165,0.20572003378121184,0.5495510471822457,0.5319149713964044,0.622965897908253,0.6011585388608415,0.8287393119438852,0.4912722831264204,"{""type"":""Point"",""coordinates"":[-50.568368610087184,-5.818252890940395]}"
000000000000000003bb,1,0.2359694124676743,0.6360024004801113,0.526889606006824,0.6344491384748046,0.5740296571651192,0.8337891119904747,0.556517730429333,0.0,0.054810667557941506,0.0,0.0,0.0,0.0,0.04386154414672283,0.0,0.018270222519313834,0.0,0.0,0.0,0.0,0.014620514715574276,0.2359694124676743,0.5811917329221697,0.526889606006824,0.6344491384748046,0.5740296571651192,0.8337891119904747,0.5126561862826101,"{""type"":""Point"",""coordinates"":[-47.728434035663305,-4.033390675873401]}"
00000000000000000336,1,0.24380453903078392,0.42686375663111553,0.8447798419263757,0.3381832006359024,0.4026060231990984,0.743770983112111,0.3943783536767589,0.0,0.07783359216470953,0.1733729053508708,0.0,0.0,0.1917420886876725,0.04593069138690742,0.0,0.015566718432941907,0.1733729053508708,0.0,0.0,0.0383484177375345,0.009186138277381484,0.24380453903078392,0.349030164466406,0.6714069365755049,0.3381832006359024,0.4026060231990984,0.5520288944244385,0.34844766228985147,"{""type"":""Point"",""coordinates"":[-50.37532074818034,-9.58300502384895]}"
000000000000000003c3,1,0.24533489560255314,0.6619529071520982,0.47895781294674966,0.6509998810793033,0.6129758358001709,0.8701458958866879,0.5883240560070968,0.0,0.04997833642815264,0.0,0.0,0.0,0.03245031123321329,0.04594971906831791,0.0,0.02498916821407632,0.0,0.0,0.0,0.016225155616606646,0.022974859534158953,0.24533489560255314,0.6119745707239456,0.47895781294674966,0.6509998810793033,0.6129758358001709,0.8376955846534746,0.5423743369387789,"{""type"":""Point"",""coordinates"":[-47.728166489600106,-4.033301493852331]}"
000000000000000000d8,0,0.17067760328867318,0.11790684109657529,1.2610121448770137,0.04806453265878665,0.06271600615674283,0.18016989529132843,0.10300897840330019,0.0,0.06686340851731541,0.0,0.0,0.0,0.08821298473665042,0.047476538964396846,0.0,0.06686340851731541,0.0,0.0,0.0,0.08821298473665042,0.047476538964396846,0.17067760328867318,0.051043432579259876,1.2610121448770137,0.04806453265878665,0.06271600615674283,0.09195691055467801,0.05553243943890334,"{""type"":""Point"",""coordinates"":[-50.56782905885971,-5.817445793649722]}"
000000000000000003b7,1,0.26973869180012866,0.6545711233211235,0.4795409497778059,0.6465717276538194,0.5884476113096673,0.8453699880540361,0.5713079149218888,0.0,0.03811059635826375,-0.03009846573435282,0.0,0.0,0.0,0.05060316171049484,0.0,0.03811059635826375,-0.03009846573435282,0.0,0.0,0.0,0.016867720570164946,0.26973869180012866,0.6164605269628598,0.5096394155121587,0.6465717276538194,0.5884476113096673,0.8453699880540361,0.520704753211394,"{""type"":""Point"",""coordinates"":[-47.72834485364224,-4.033479857894469]}"
000000000000000002f5,1,0.25982999622703057,0.6182307189067385,0.7725788131630908,0.4265670009008674,0.4376439986735176,0.7916434407234192,0.5291545189504373,0.0,0.0966458586868737,0.0,0.0,0.0,0.052941085281329014,0.05340926475064073,0.0,0.0966458586868737,0.0,0.0,0.0,0.052941085281329014,0.05340926475064073,0.25982999622703057,0.5215848602198648,0.7725788131630908,0.4265670009008674,0.4376439986735176,0.7387023554420902,0.4757452541997966,"{""type"":""Point"",""coordinates"":[-46.67614861446482,-1.0740725889456155]}"
000000000000000002e2,1,0.23388172441339758,0.5922758351119225,0.5441877498601071,0.6174848400627474,0.5580806172102817,0.8078579902648926,0.5432625213043921,0.0,0.0,0.0,0.0,0.0,0.0,0.05422018971259851,0.0,0.0,0.0,0.0,0.0,0.0,0.013555047428149627,0.23388172441339758,0.5922758351119225,0.5441877498601071,0.6174848400627474,0.5580806172102817,0.8078579902648926,0.4890423315917936,"{""type"":""Point"",""coordinates"":[-46.34098474288362,-1.764426154939053]}"
00000000000000000216,0,0.23177123427607918,0.3068901356058735,0.8744113146216516,0.27917881242139253,0.3014114216508205,0.3792243003845215,0.29624905048290184,0.0,0.06516940164486495,0.0,0.0,0.0,0.06141013061940054,0.057000767247902095,0.0,0.06516940164486495,0.0,0.0,0.0,0.06141013061940054,0.057000767247902095,0.23177123427607918,0.24172073396100857,0.8744113146216516,0.27917881242139253,0.3014114216508205,0.31781416976512095,0.23924828323499975,"{""type"":""Point"",""coordinates"":[-46.70120876238519,-1.3777908798979213]}"
00000000000000000516,1,0.23641378851027656,0.422433849209662,0.677636865562539,0.5407203150256341,0.4714588284492493,0.8010801392377419,0.4079791845592244,0.0,0.0,0.0,0.0,0.0,0.09461894806037374,0.059203926232548,0.0,0.0,0.0,0.0,0.0,0.04730947403018687,0.029601963116274,0.23641378851027656,0.422433849209662,0.677636865562539,0.5407203150256341,0.4714588284492493,0.7064611911773682,0.3487752583266764,"{""type"":""Point"",""coordinates"":[-50.047795316703706,-9.182894345424302]}"
00000000000000000542,1,0.2674848590520607,0.5227901826905333,0.9405214945908608,0.31940258315490067,0.3721875732327681,0.7458741631045802,0.45135422198619224,0.0,0.08209648383676071,0.0,0.0,0.0,0.18384716864518114,0.06096193602141514,0.0,0.08209648383676071,0.0,0.0,0.0,0.09192358432259057,0.06096193602141514,0.2674848590520607,0.44069369885377263,0.9405214945908608,0.31940258315490067,0.3721875732327681,0.5620269944593991,0.3903922859647771,"{""type"":""Point"",""coordinates"":[-46.70156994957052,-1.377251328670454]}"
00000000000000000338,1,0.2647598851532765,0.6032688380798601,0.5319943388088685,0.567804765157731,0.5600283033509968,0.824363571576738,0.5617395053033251,0.0,0.040437051524428114,-0.07897358027334667,0.0,0.0,0.0,0.06140672817807802,0.0,0.040437051524428114,-0.019743395068336667,0.0,0.0,0.0,0.020468909392692674,0.2647598851532765,0.562831786555432,0.6109679190822151,0.567804765157731,0.5600283033509968,0.824363571576738,0.500332777125247,"{""type"":""Point"",""coordinates"":[-50.376038663449954,-9.58264383666362]}"
000000000000000003d1,1,0.23722521740580033,0.4747851232754188,0.7884533876542871,0.3598837803590906,0.39832784091475937,0.7272386335165723,0.4415628020909472,0.0,0.07366817020259658,-0.1502553967264112,0.0,0.0,0.03271816003634764,0.06604313222391656,0.0,0.03683408510129829,-0.030051079345282238,0.0,0.0,0.0065436320072695285,0.03302156611195828,0.23722521740580033,0.4011169530728222,0.9387087843806983,0.3598837803590906,0.39832784091475937,0.6945204734802246,0.37551966986703067,"{""type"":""Point"",""coordinates"":[-47.71675565000433,-3.9736520990603856]}"
00000000000000000534,1,0.24664636677649573,0.6955239240071446,0.4451519248386495,0.6826588325937551,0.622372144696729,0.8643769563604051,0.6298521038177157,0.0,0.0,0.0,0.0,0.0,0.0,0.0679844159177766,0.0,0.0,0.0,0.0,0.0,0.0,0.01699610397944415,0.24664636677649573,0.6955239240071446,0.4451519248386495,0.6826588325937551,0.622372144696729,0.8643769563604051,0.5618676878999391,"{""type"":""Point"",""coordinates"":[-46.67641616052803,-1.066166602777856]}"
00000000000000000537,1,0.24126496830475158,0.7102832312038798,0.4413269232408553,0.6892955295220567,0.6143251085877458,0.8850895816050353,0.646897898582795,0.0,0.0,0.0,0.0,0.0,0.041594818628070906,0.06857948228091815,0.0,0.0,0.0,0.0,0.0,0.010398704657017727,0.022859827426972717,0.24126496830475158,0.7102832312038798,0.4413269232408553,0.6892955295220567,0.6143251085877458,0.8434947629769644,0.5783184163018769,"{""type"":""Point"",""coordinates"":[-46.67641616052803,-1.0663449668199938]}"
0000000000000000053f,1,0.22401887207635585,0.7178234567851349,0.5243024307801678,0.6086192071589057,0.5066933838891027,0.8480569022203143,0.6233463393280024,0.0,0.059694962696793974,0.0,0.0,0.0,0.04394693149175799,0.07020987530077749,0.0,0.059694962696793974,0.0,0.0,0.0,0.010986732872939498,0.014041975060155499,0.22401887207635585,0.658128494088341,0.5243024307801678,0.6086192071589057,0.5066933838891027,0.8041099707285563,0.5531364640272249,"{""type"":""Point"",""coordinates"":[-46.70219868281905,-1.3777016978768524]}"
0000000000000000040e,1,0.258943388980942,0.5757776552908882,0.6032648774894499,0.5001005438228107,0.46253329024299644,0.7834059901901884,0.4968758478625598,0.0,0.12165265078993848,-0.13475892952962498,0.0,0.0,0.0,0.07332312384414796,0.0,0.024330530157987695,-0.026951785905924997,0.0,0.0,0.0,0.014664624768829593,0.258943388980942,0.4541250045009497,0.7380238070190749,0.5001005438228107,0.46253329024299644,0.7834059901901884,0.4235527240184118,"{""type"":""Point"",""coordinates"":[-47.264094465664826,-3.9602658776979416]}"
00000000000000000328,1,0.2341138230337141,0.5555894566215848,0.7597097160064414,0.44223407559779704,0.42953228417371336,0.7367321252822876,0.45046009588925606,0.0,0.14160988817635467,0.0,0.0,0.0,0.0546768719229741,0.07338771690352758,0.0,0.14160988817635467,0.0,0.0,0.0,0.0546768719229741,0.07338771690352758,0.2341138230337141,0.4139795684452301,0.7597097160064414,0.44223407559779704,0.42953228417371336,0.6820552533593135,0.3770723789857285,"{""type"":""Point"",""coordinates"":[-48.40846032361696,-2.4786760434779067]}"
00000000000000000032,1,0.21329476496681202,0.7338604852686309,0.5284703049552416,0.6257295465818886,0.5759566086084705,0.8350199623355653,0.6251178874567747,0.0,0.0971970019159546,0.0,0.0,0.0,0.0,0.07488156722008465,0.0,0.0971970019159546,0.0,0.0,0.0,0.0,0.07488156722008465,0.21329476496681202,0.6366634833526763,0.5284703049552416,0.6257295465818886,0.5759566086084705,0.8350199623355653,0.55023632023669,"{""type"":""Point"",""coordinates"":[-48.42462902403675,-2.4811909764720506]}"
00000000000000000414,1,0.25587052407275623,0.5970444392022597,0.6038150841922345,0.5266322218758199,0.4552513454915263,0.7416049414716438,0.5103224489811857,0.0,0.10034296788059743,0.0,0.0,0.0,0.0,0.07517008354803156,0.0,0.02508574197014936,0.0,0.0,0.0,0.0,0.015034016709606312,0.25587052407275623,0.49670147132166226,0.6038150841922345,0.5266322218758199,0.4552513454915263,0.7416049414716438,0.43515236543315416,"{""type"":""Point"",""coordinates"":[-47.263916101622684,-3.9601766956768714]}"
000000000000000002d1,1,0.24106967816985864,0.44012001622992286,0.7759659754403285,0.4349701538021635,0.4275102001836794,0.7015463685718297,0.3989062615738346,0.0,0.0,0.0,0.0,0.0,0.15865631705108219,0.07640905877891879,0.0,0.0,0.0,0.0,0.0,0.039664079262770546,0.019102264694729698,0.24106967816985864,0.44012001622992286,0.7759659754403285,0.4349701538021635,0.4275102001836794,0.5428900515207475,0.3224972027949158,"{""type"":""Point"",""coordinates"":[-48.026493727378785,-2.174864111403479]}"
0000000000000000039f,1,0.24153326188229426,0.60675626404748,0.5480170581798026,0.5876084909898039,0.543517176654689,0.8478211209336687,0.5840352017350593,0.0,0.0,0.0,0.0,0.0,0.05753206245292819,0.08047626147558806,0.0,0.0,0.0,0.0,0.0,0.019177354150976062,0.020119065368897016,0.24153326188229426,0.60675626404748,0.5480170581798026,0.5876084909898039,0.543517176654689,0.7902890584807405,0.5035589402594712,"{""type"":""Point"",""coordinates"":[-49.93811034899103,-6.380688225013631]}"
000000000000000002ea,1,0.2241610559907458,0.6371888538876054,0.5173723824466787,0.602051141597989,0.49307895878395513,0.8088810360355257,0.5800047941787381,0.0,0.06522732021657607,-0.10710953981539506,0.0,0.0,0.0,0.08050518248064764,0.0,0.013045464043315214,-0.021421907963079013,0.0,0.0,0.0,0.01610103649612953,0.2241610559907458,0.5719615336710293,0.6244819222620738,0.602051141597989,0.49307895878395513,0.8088810360355257,0.49949961169809043,"{""type"":""Point"",""coordinates"":[-46.34098474288362,-1.7630795064209124]}"
00000000000000000352,1,0.2269234215268563,0.5066343718688981,0.7734979292268781,0.3964399734637254,0.47201556632071734,0.7969835996627808,0.49837628212129337,0.0,0.0,-0.031231963405219276,0.0,0.0,0.07577128500159003,0.08409775064624142,0.0,0.0,-0.006246392681043855,0.0,0.0,0.07577128500159003,0.016819550129248285,0.2269234215268563,0.5066343718688981,0.8047298926320974,0.3964399734637254,0.47201556632071734,0.7212123146611907,0.41427853147505195,"{""type"":""Point"",""coordinates"":[-51.880628540903665,-6.4432092808839965]}"
000000000000000002fa,1,0.24259421264666767,0.42673217324418644,0.7669702944137058,0.40688702524350207,0.41892014921569504,0.6447554939984195,0.41597422676962237,0.0,0.0,0.0,0.0,0.0,0.1570068195630977,0.09777198495491568,0.0,0.0,0.0,0.0,0.0,0.03140136391261954,0.019554396990983137,0.24259421264666767,0.42673217324418644,0.7669702944137058,0.40688702524350207,0.41892014921569504,0.48774867443532177,0.3182022418147067,"{""type"":""Point"",""coordinates"":[-48.248111049735044,-2.5562019743931166]}"
00000000000000000240,0,0.27918357317159803,0.33222738112217365,0.9387595100362974,0.3047141355144841,0.35631919949488144,0.5992177446643948,0.3322027395032613,0.0,0.11979408626649712,0.0,0.0,0.0,0.0,0.0992092365091839,0.0,0.03993136208883238,0.0,0.0,0.0,0.0,0.0330697455030613,0.27918357317159803,0.21243329485567652,0.9387595100362974,0.3047141355144841,0.35631919949488144,0.5992177446643948,0.2329935029940774,"{""type"":""Point"",""coordinates"":[-51.06989708287139,-6.552354697369191]}"
00000000000000000539,1,0.2706658721601333,0.5731189756869515,0.6835712894762989,0.33480000795112363,0.38277194574493084,0.6300965908413614,0.5074349442379182,0.0,0.1251682862911237,-0.45174406794718336,0.0,0.0,0.0,0.10134073359938811,0.0,0.1251682862911237,-0.09034881358943667,0.0,0.0,0.0,0.10134073359938811,0.2706658721601333,0.4479506893958278,1.1353153574234822,0.33480000795112363,0.38277194574493084,0.6300965908413614,0.40609421063853013,"{""type"":""Point"",""coordinates"":[-46.701931136755846,-1.3768946005861786]}"
0000000000000000053a,1,0.27703012959042667,0.4495816551240442,0.7202100726737263,0.3642289771362362,0.3966432891174866,0.770168458431347,0.518212478920742,0.0,0.0,-0.30000054270911225,0.0,0.0,0.23063871466868624,0.10961218477408546,0.0,0.0,-0.06000010854182245,0.0,0.0,0.05765967866717156,0.10961218477408546,0.27703012959042667,0.4495816551240442,1.0202106153828385,0.3642289771362362,0.3966432891174866,0.5395297437626607,0.4086002941466565,"{""type"":""Point"",""coordinates"":[-46.701931136755846,-1.377162146649385]}"
00000000000000000031,1,0.23698755270415323,0.7428813013786043,0.4865785256410256,0.6145914843877147,0.5875352212027405,0.8633495569229126,0.6408316880174865,0.0,0.14837950634515218,-0.06796663768720707,0.0,0.0,0.041526742126329896,0.11139461746694823,0.0,0.07418975317257609,-0.06796663768720707,0.0,0.0,0.041526742126329896,0.055697308733474116,0.23698755270415323,0.5945017950334521,0.5545451633282327,0.6145914843877147,0.5875352212027405,0.8218228147965827,0.5294370705505382,"{""type"":""Point"",""coordinates"":[-48.4248073880789,-2.4801118740171164]}"
00000000000000000367,1,0.237769177094951,0.572847903765538,0.7722289639801624,0.39545904479709665,0.4039309678668528,0.7562332802876058,0.47842129884670004,0.0,0.1801067561520001,0.0,0.0,0.0,0.11469617716325697,0.11605390371320917,0.0,0.1801067561520001,0.0,0.0,0.0,0.05734808858162849,0.058026951856604586,0.237769177094951,0.39274114761353784,0.7722289639801624,0.39545904479709665,0.4039309678668528,0.6415371031243489,0.36236739513349087,"{""type"":""Point"",""coordinates"":[-46.676505342549106,-1.073978947823493]}"
00000000000000000344,1,0.26347574195592777,0.45848175464569224,0.8013490616342172,0.41433451693358075,0.44092942277243363,0.8141224980354309,0.47203528606291423,0.0,0.0,0.0,0.0,0.0,0.2199870403071168,0.13081834364399425,0.0,0.0,0.0,0.0,0.0,0.2199870403071168,0.13081834364399425,0.26347574195592777,0.45848175464569224,0.8013490616342172,0.41433451693358075,0.44092942277243363,0.5941354577283141,0.34121694241892,"{""type"":""Point"",""coordinates"":[-51.90353494301522,-6.460189537695519]}"
0000000000000000036b,1,0.2548763567516264,0.6229633791051845,0.7248225296453455,0.45434632104325917,0.426812308561027,0.7749004364013672,0.5163150667438132,0.0,0.20157260691700207,0.0,0.0,0.0,0.1060575013525128,0.1311520145188586,0.0,0.20157260691700207,0.0,0.0,0.0,0.1060575013525128,0.1311520145188586,0.2548763567516264,0.42139077218818244,0.7248225296453455,0.45434632104325917,0.426812308561027,0.6688429350488544,0.3851630522249546,"{""type"":""Point"",""coordinates"":[-46.676326978506964,-1.073978947823493]}"
00000000000000000021,1,0.20790806560528385,0.5409967435797403,0.8027069993726528,0.4453049760002109,0.4362388653566019,0.6721683490760711,0.4705984645482382,0.0,0.2613494686468115,0.0,0.0,0.0,0.0,0.1999722824347197,0.0,0.2613494686468115,0.0,0.0,0.0,0.0,0.1999722824347197,0.20790806560528385,0.27964727493292874,0.8027069993726528,0.4453049760002109,0.4362388653566019,0.6721683490760711,0.2706261821135185,"{""type"":""Point"",""coordinates"":[-48.42885179273437,-2.481012612429912]}"
00000000000000000026,1,0.2086461082961316,0.4620549127053401,0.8029093504584329,0.4423306743836532,0.447056889340554,0.7016651749805327,0.5097118710189367,0.0,0.0,0.0,0.0,0.0,0.0,0.22539895378786212,0.0,0.0,0.0,0.0,0.0,0.0,0.22539895378786212,0.2086461082961316,0.4620549127053401,0.8029093504584329,0.4423306743836532,0.447056889340554,0.7016651749805327,0.28431291723107455,"{""type"":""Point"",""coordinates"":[-48.42885179273438,-2.480834248387774]}"
00000000000000000300,1,0.2340653817982595,0.5994717678948264,0.8432196756412177,0.3979518245042895,0.4566891842368705,0.855746902092484,0.5659090712277083,0.0,0.30042560166013543,0.0,0.0,0.0,0.2999312597402367,0.3003051478178941,0.0,0.07510640041503386,0.0,0.0,0.0,0.09997708658007891,0.10010171593929802,0.2340653817982595,0.29904616623469094,0.8432196756412177,0.3979518245042895,0.4566891842368705,0.5558156423522473,0.2656039234098142,"{""type"":""Point"",""coordinates"":[-51.93973838446814,-6.5373542814254]}"
0000000000000000035a,1,0.24651346523176548,0.6545819411905468,0.8326055829354143,0.4032641162042224,0.46347528885323347,0.870032358738988,0.587739900081405,0.0,0.3653520242035076,0.0,0.0,0.0,0.28609741586391324,0.30383439790956884,0.0,0.12178400806783586,0.0,0.0,0.0,0.09536580528797108,0.10127813263652295,0.24651346523176548,0.2892299169870392,0.8326055829354143,0.4032641162042224,0.46347528885323347,0.5839349428750747,0.28390550217183613,"{""type"":""Point"",""coordinates"":[-51.939644743346015,-6.5373542814254]}"
